User_ID,User_Name,Product_ID,Product_Name,Rating,Feedback,Sentiment,Sentiment_Score
https://www.facebook.com/reel/PID00643/?comment_id=1397040301788260,Prisha,PID00643,Biryani,4,Yummy and satisfying.,Positive,0.87
https://www.facebook.com/reel/PID00570/?comment_id=1397040301788261,Ishaan,PID00570,Pizza,2,Crispy and delicious.,Negative,-0.01
https://www.facebook.com/reel/PID00512/?comment_id=1397040301788262,Myra,PID00512,Pasta,2,Superb quality!,Negative,-0.14
https://www.facebook.com/reel/PID00511/?comment_id=1397040301788263,Ira,PID00511,Momo,4,Very tasty and enjoyable.,Positive,0.93
https://www.facebook.com/reel/PID00635/?comment_id=1397040301788264,Rohan,PID00635,Fried Rice,3,Crispy and delicious.,Neutral,0.54
https://www.facebook.com/reel/PID00584/?comment_id=1397040301788265,Saanvi,PID00584,Biryani,4,Superb quality!,Positive,0.9
https://www.facebook.com/reel/PID00582/?comment_id=1397040301788266,Aadhya,PID00582,Biryani,5,I will order again!,Positive,0.9
https://www.facebook.com/reel/PID00656/?comment_id=1397040301788267,Aadhya,PID00656,Pizza,4,Loved the taste!,Positive,0.91
https://www.facebook.com/reel/PID00527/?comment_id=1397040301788268,Myra,PID00527,Sandwich,1,Delivery was late.,Negative,-0.09
https://www.facebook.com/reel/PID00569/?comment_id=1397040301788269,Vivaan,PID00569,Momo,1,Not satisfied.,Negative,-0.09
https://www.facebook.com/reel/PID00623/?comment_id=1397040301788270,Sara,PID00623,Pizza,3,Worth the price.,Neutral,0.42
https://www.facebook.com/reel/PID00581/?comment_id=1397040301788271,Diya,PID00581,Idli,1,Bad experience.,Negative,-0.11
https://www.facebook.com/reel/PID00580/?comment_id=1397040301788272,Saanvi,PID00580,Dosa,1,Too spicy but good.,Negative,-0.02
https://www.facebook.com/reel/PID00653/?comment_id=1397040301788273,Anaya,PID00653,Biryani,2,Great quantity for price.,Negative,-0.1
https://www.facebook.com/reel/PID00606/?comment_id=1397040301788274,Anika,PID00606,Burger,2,Perfect meal!,Negative,-0.11
https://www.facebook.com/reel/PID00658/?comment_id=1397040301788275,Arjun,PID00658,Idli,1,Terrible packaging.,Negative,-0.14
https://www.facebook.com/reel/PID00632/?comment_id=1397040301788276,Ira,PID00632,Pasta,2,I will order again!,Negative,0
https://www.facebook.com/reel/PID00698/?comment_id=1397040301788277,Saanvi,PID00698,Pizza,3,Loved the taste!,Neutral,0.45
https://www.facebook.com/reel/PID00547/?comment_id=1397040301788278,Aryan,PID00547,Biryani,4,Too spicy but good.,Positive,0.94
https://www.facebook.com/reel/PID00636/?comment_id=1397040301788279,Aryan,PID00636,Dosa,5,I didn't like it.,Positive,0.8
https://www.facebook.com/reel/PID00584/?comment_id=1397040301788280,Myra,PID00584,Pizza,1,Worth the price.,Negative,-0.05
https://www.facebook.com/reel/PID00657/?comment_id=1397040301788281,Aarav,PID00657,Fried Rice,3,Perfect meal!,Neutral,0.46
https://www.facebook.com/reel/PID00516/?comment_id=1397040301788282,Aarav,PID00516,Idli,3,Delivery was late.,Neutral,0.43
https://www.facebook.com/reel/PID00507/?comment_id=1397040301788283,Vivaan,PID00507,Sandwich,3,Great quantity for price.,Neutral,0.45
https://www.facebook.com/reel/PID00581/?comment_id=1397040301788284,Ishaan,PID00581,Fried Rice,1,Didn't meet expectations.,Negative,-0.13
https://www.facebook.com/reel/PID00515/?comment_id=1397040301788285,Aarav,PID00515,Burger,4,Worst food ever.,Positive,0.87
https://www.facebook.com/reel/PID00608/?comment_id=1397040301788286,Krishna,PID00608,Noodles,2,Perfect meal!,Negative,-0.08
https://www.facebook.com/reel/PID00689/?comment_id=1397040301788287,Diya,PID00689,Noodles,5,Crispy and delicious.,Positive,0.95
https://www.facebook.com/reel/PID00569/?comment_id=1397040301788288,Diya,PID00569,Fried Rice,2,Crispy and delicious.,Negative,-0.11
https://www.facebook.com/reel/PID00606/?comment_id=1397040301788289,Myra,PID00606,Burger,4,Yummy and satisfying.,Positive,0.91
https://www.facebook.com/reel/PID00624/?comment_id=1397040301788290,Myra,PID00624,Dosa,5,Perfect meal!,Positive,0.91
https://www.facebook.com/reel/PID00529/?comment_id=1397040301788291,Sai,PID00529,Fried Rice,5,Superb quality!,Positive,0.95
https://www.facebook.com/reel/PID00566/?comment_id=1397040301788292,Rohan,PID00566,Idli,2,Worst food ever.,Negative,-0.02
https://www.facebook.com/reel/PID00652/?comment_id=1397040301788293,Krishna,PID00652,Noodles,1,Didn't meet expectations.,Negative,-0.16
https://www.facebook.com/reel/PID00537/?comment_id=1397040301788294,Aarav,PID00537,Biryani,4,Loved the taste!,Positive,0.96
https://www.facebook.com/reel/PID00626/?comment_id=1397040301788295,Aditya,PID00626,Noodles,4,Perfect meal!,Positive,0.86
https://www.facebook.com/reel/PID00681/?comment_id=1397040301788296,Aarav,PID00681,Fried Rice,4,Bad experience.,Positive,0.83
https://www.facebook.com/reel/PID00626/?comment_id=1397040301788297,Anika,PID00626,Fried Rice,3,Didn't meet expectations.,Neutral,0.41
https://www.facebook.com/reel/PID00597/?comment_id=1397040301788298,Anaya,PID00597,Idli,5,Not fresh.,Positive,0.97
https://www.facebook.com/reel/PID00652/?comment_id=1397040301788299,Anika,PID00652,Fried Rice,1,Worst food ever.,Negative,-0.1
https://www.facebook.com/reel/PID00622/?comment_id=1397040301788300,Ira,PID00622,Idli,4,I didn't like it.,Positive,0.89
https://www.facebook.com/reel/PID00691/?comment_id=1397040301788301,Aditya,PID00691,Dosa,5,Yummy and satisfying.,Positive,0.88
https://www.facebook.com/reel/PID00610/?comment_id=1397040301788302,Myra,PID00610,Burger,3,I will order again!,Neutral,0.51
https://www.facebook.com/reel/PID00556/?comment_id=1397040301788303,Vivaan,PID00556,Dosa,5,Yummy and satisfying.,Positive,0.81
https://www.facebook.com/reel/PID00647/?comment_id=1397040301788304,Myra,PID00647,Biryani,5,Loved the taste!,Positive,0.94
https://www.facebook.com/reel/PID00667/?comment_id=1397040301788305,Anika,PID00667,Pizza,3,Worst food ever.,Neutral,0.48
https://www.facebook.com/reel/PID00685/?comment_id=1397040301788306,Anaya,PID00685,Fried Rice,4,I didn't like it.,Positive,0.94
https://www.facebook.com/reel/PID00608/?comment_id=1397040301788307,Sara,PID00608,Biryani,4,Yummy and satisfying.,Positive,0.87
https://www.facebook.com/reel/PID00568/?comment_id=1397040301788308,Myra,PID00568,Momo,2,Delivery was late.,Negative,-0.04
https://www.facebook.com/reel/PID00625/?comment_id=1397040301788309,Anika,PID00625,Burger,1,Bad experience.,Negative,-0.02
https://www.facebook.com/reel/PID00538/?comment_id=1397040301788310,Arjun,PID00538,Burger,4,I didn't like it.,Positive,0.88
https://www.facebook.com/reel/PID00600/?comment_id=1397040301788311,Vihaan,PID00600,Idli,5,Very tasty and enjoyable.,Positive,0.8
https://www.facebook.com/reel/PID00650/?comment_id=1397040301788312,Aryan,PID00650,Burger,1,Delivery was late.,Negative,-0.12
https://www.facebook.com/reel/PID00534/?comment_id=1397040301788313,Riya,PID00534,Fried Rice,4,Very tasty and enjoyable.,Positive,0.84
https://www.facebook.com/reel/PID00515/?comment_id=1397040301788314,Ishaan,PID00515,Dosa,1,Not satisfied.,Negative,-0.09
https://www.facebook.com/reel/PID00509/?comment_id=1397040301788315,Saanvi,PID00509,Sandwich,1,Worth the price.,Negative,-0.07
https://www.facebook.com/reel/PID00561/?comment_id=1397040301788316,Ira,PID00561,Pasta,4,Superb quality!,Positive,0.83
https://www.facebook.com/reel/PID00597/?comment_id=1397040301788317,Vivaan,PID00597,Dosa,5,Not fresh.,Positive,0.94
https://www.facebook.com/reel/PID00624/?comment_id=1397040301788318,Sai,PID00624,Pasta,1,Not satisfied.,Negative,-0.19
https://www.facebook.com/reel/PID00551/?comment_id=1397040301788319,Vihaan,PID00551,Pizza,2,Terrible packaging.,Negative,-0.07
https://www.facebook.com/reel/PID00550/?comment_id=1397040301788320,Aarav,PID00550,Noodles,2,Amazing flavor!,Negative,-0.16
https://www.facebook.com/reel/PID00618/?comment_id=1397040301788321,Ira,PID00618,Pasta,2,Bad experience.,Negative,-0.11
https://www.facebook.com/reel/PID00661/?comment_id=1397040301788322,Ira,PID00661,Idli,1,Didn't meet expectations.,Negative,-0.09
https://www.facebook.com/reel/PID00602/?comment_id=1397040301788323,Myra,PID00602,Noodles,4,Didn't meet expectations.,Positive,0.99
https://www.facebook.com/reel/PID00664/?comment_id=1397040301788324,Arjun,PID00664,Idli,2,Too spicy but good.,Negative,-0.12
https://www.facebook.com/reel/PID00526/?comment_id=1397040301788325,Vihaan,PID00526,Sandwich,3,Very tasty and enjoyable.,Neutral,0.47
https://www.facebook.com/reel/PID00519/?comment_id=1397040301788326,Aarav,PID00519,Fried Rice,3,Terrible packaging.,Neutral,0.59
https://www.facebook.com/reel/PID00533/?comment_id=1397040301788327,Vivaan,PID00533,Sandwich,4,Perfect meal!,Positive,0.86
https://www.facebook.com/reel/PID00634/?comment_id=1397040301788328,Myra,PID00634,Idli,2,Worth the price.,Negative,-0.19
https://www.facebook.com/reel/PID00542/?comment_id=1397040301788329,Saanvi,PID00542,Dosa,4,I will order again!,Positive,0.89
https://www.facebook.com/reel/PID00696/?comment_id=1397040301788330,Aarav,PID00696,Pizza,1,Not fresh.,Negative,-0.07
https://www.facebook.com/reel/PID00647/?comment_id=1397040301788331,Vihaan,PID00647,Pizza,3,Perfect meal!,Neutral,0.54
https://www.facebook.com/reel/PID00590/?comment_id=1397040301788332,Aadhya,PID00590,Pasta,4,Great quantity for price.,Positive,0.94
https://www.facebook.com/reel/PID00662/?comment_id=1397040301788333,Sai,PID00662,Pizza,1,Terrible packaging.,Negative,-0.19
https://www.facebook.com/reel/PID00582/?comment_id=1397040301788334,Riya,PID00582,Momo,4,Delivery was late.,Positive,0.85
https://www.facebook.com/reel/PID00681/?comment_id=1397040301788335,Anika,PID00681,Momo,4,Bad experience.,Positive,0.84
https://www.facebook.com/reel/PID00627/?comment_id=1397040301788336,Aarav,PID00627,Momo,3,Bad experience.,Neutral,0.44
https://www.facebook.com/reel/PID00543/?comment_id=1397040301788337,Arjun,PID00543,Fried Rice,3,Crispy and delicious.,Neutral,0.41
https://www.facebook.com/reel/PID00671/?comment_id=1397040301788338,Aarav,PID00671,Idli,1,Delivery was late.,Negative,-0.04
https://www.facebook.com/reel/PID00636/?comment_id=1397040301788339,Prisha,PID00636,Idli,5,Great quantity for price.,Positive,0.92
https://www.facebook.com/reel/PID00636/?comment_id=1397040301788340,Krishna,PID00636,Noodles,4,I will order again!,Positive,0.81
https://www.facebook.com/reel/PID00566/?comment_id=1397040301788341,Ira,PID00566,Pizza,1,Amazing flavor!,Negative,-0.05
https://www.facebook.com/reel/PID00685/?comment_id=1397040301788342,Aryan,PID00685,Pizza,5,Crispy and delicious.,Positive,0.86
https://www.facebook.com/reel/PID00602/?comment_id=1397040301788343,Sara,PID00602,Burger,4,Crispy and delicious.,Positive,0.83
https://www.facebook.com/reel/PID00579/?comment_id=1397040301788344,Riya,PID00579,Momo,1,Too spicy but good.,Negative,-0.09
https://www.facebook.com/reel/PID00647/?comment_id=1397040301788345,Anaya,PID00647,Momo,5,Didn't meet expectations.,Positive,0.93
https://www.facebook.com/reel/PID00694/?comment_id=1397040301788346,Arjun,PID00694,Momo,2,Could be better.,Negative,-0.19
https://www.facebook.com/reel/PID00625/?comment_id=1397040301788347,Sai,PID00625,Pizza,3,Bad experience.,Neutral,0.41
https://www.facebook.com/reel/PID00672/?comment_id=1397040301788348,Rohan,PID00672,Burger,1,I will order again!,Negative,-0.1
https://www.facebook.com/reel/PID00576/?comment_id=1397040301788349,Rohan,PID00576,Idli,5,Not fresh.,Positive,0.96
https://www.facebook.com/reel/PID00538/?comment_id=1397040301788350,Prisha,PID00538,Biryani,5,Crispy and delicious.,Positive,0.95
https://www.facebook.com/reel/PID00688/?comment_id=1397040301788351,Anika,PID00688,Burger,4,I will order again!,Positive,0.85
https://www.facebook.com/reel/PID00587/?comment_id=1397040301788352,Rohan,PID00587,Dosa,1,Perfect meal!,Negative,-0.17
https://www.facebook.com/reel/PID00676/?comment_id=1397040301788353,Ira,PID00676,Biryani,4,Delivery was late.,Positive,0.82
https://www.facebook.com/reel/PID00520/?comment_id=1397040301788354,Rohan,PID00520,Fried Rice,2,Not fresh.,Negative,-0.12
https://www.facebook.com/reel/PID00585/?comment_id=1397040301788355,Ira,PID00585,Momo,4,Too spicy but good.,Positive,0.96
https://www.facebook.com/reel/PID00590/?comment_id=1397040301788356,Diya,PID00590,Pasta,1,Yummy and satisfying.,Negative,-0.01
https://www.facebook.com/reel/PID00503/?comment_id=1397040301788357,Vihaan,PID00503,Dosa,1,Worst food ever.,Negative,-0.15
https://www.facebook.com/reel/PID00610/?comment_id=1397040301788358,Aryan,PID00610,Pasta,4,Loved the taste!,Positive,0.89
https://www.facebook.com/reel/PID00523/?comment_id=1397040301788359,Ira,PID00523,Pizza,4,Terrible packaging.,Positive,0.94
https://www.facebook.com/reel/PID00516/?comment_id=1397040301788360,Anika,PID00516,Fried Rice,3,I will order again!,Neutral,0.52
https://www.facebook.com/reel/PID00700/?comment_id=1397040301788361,Prisha,PID00700,Idli,5,I will order again!,Positive,0.99
https://www.facebook.com/reel/PID00560/?comment_id=1397040301788362,Anika,PID00560,Biryani,5,Bad experience.,Positive,0.9
https://www.facebook.com/reel/PID00548/?comment_id=1397040301788363,Anaya,PID00548,Fried Rice,3,Great quantity for price.,Neutral,0.41
https://www.facebook.com/reel/PID00614/?comment_id=1397040301788364,Anaya,PID00614,Fried Rice,3,I will order again!,Neutral,0.57
https://www.facebook.com/reel/PID00645/?comment_id=1397040301788365,Saanvi,PID00645,Sandwich,2,Perfect meal!,Negative,-0.12
https://www.facebook.com/reel/PID00611/?comment_id=1397040301788366,Sara,PID00611,Pasta,5,Perfect meal!,Positive,0.81
https://www.facebook.com/reel/PID00563/?comment_id=1397040301788367,Ishaan,PID00563,Noodles,4,Superb quality!,Positive,0.88
https://www.facebook.com/reel/PID00535/?comment_id=1397040301788368,Saanvi,PID00535,Idli,3,Amazing flavor!,Neutral,0.56
https://www.facebook.com/reel/PID00584/?comment_id=1397040301788369,Prisha,PID00584,Momo,3,I didn't like it.,Neutral,0.48
https://www.facebook.com/reel/PID00559/?comment_id=1397040301788370,Sai,PID00559,Fried Rice,2,Too spicy but good.,Negative,-0.12
https://www.facebook.com/reel/PID00533/?comment_id=1397040301788371,Arjun,PID00533,Burger,4,Yummy and satisfying.,Positive,0.84
https://www.facebook.com/reel/PID00602/?comment_id=1397040301788372,Riya,PID00602,Sandwich,5,I will order again!,Positive,0.87
https://www.facebook.com/reel/PID00673/?comment_id=1397040301788373,Ishaan,PID00673,Momo,2,Yummy and satisfying.,Negative,-0.18
https://www.facebook.com/reel/PID00676/?comment_id=1397040301788374,Rohan,PID00676,Pasta,3,Terrible packaging.,Neutral,0.46
https://www.facebook.com/reel/PID00510/?comment_id=1397040301788375,Sai,PID00510,Biryani,5,Not satisfied.,Positive,0.86
https://www.facebook.com/reel/PID00501/?comment_id=1397040301788376,Arjun,PID00501,Dosa,2,Amazing flavor!,Negative,-0.07
https://www.facebook.com/reel/PID00645/?comment_id=1397040301788377,Krishna,PID00645,Pizza,4,Perfect meal!,Positive,0.98
https://www.facebook.com/reel/PID00590/?comment_id=1397040301788378,Krishna,PID00590,Pizza,3,Perfect meal!,Neutral,0.41
https://www.facebook.com/reel/PID00582/?comment_id=1397040301788379,Prisha,PID00582,Pizza,2,Terrible packaging.,Negative,-0.09
https://www.facebook.com/reel/PID00519/?comment_id=1397040301788380,Diya,PID00519,Dosa,2,Perfect meal!,Negative,-0.04
https://www.facebook.com/reel/PID00598/?comment_id=1397040301788381,Myra,PID00598,Biryani,1,Worth the price.,Negative,-0.13
https://www.facebook.com/reel/PID00671/?comment_id=1397040301788382,Diya,PID00671,Momo,2,Didn't meet expectations.,Negative,-0.1
https://www.facebook.com/reel/PID00689/?comment_id=1397040301788383,Anaya,PID00689,Fried Rice,3,Terrible packaging.,Neutral,0.56
https://www.facebook.com/reel/PID00657/?comment_id=1397040301788384,Riya,PID00657,Idli,3,I didn't like it.,Neutral,0.55
https://www.facebook.com/reel/PID00543/?comment_id=1397040301788385,Krishna,PID00543,Biryani,4,Could be better.,Positive,0.95
https://www.facebook.com/reel/PID00688/?comment_id=1397040301788386,Saanvi,PID00688,Burger,5,Worth the price.,Positive,0.82
https://www.facebook.com/reel/PID00546/?comment_id=1397040301788387,Anika,PID00546,Noodles,4,Not satisfied.,Positive,0.81
https://www.facebook.com/reel/PID00538/?comment_id=1397040301788388,Diya,PID00538,Pasta,2,Didn't meet expectations.,Negative,-0.16
https://www.facebook.com/reel/PID00547/?comment_id=1397040301788389,Krishna,PID00547,Momo,3,Perfect meal!,Neutral,0.5
https://www.facebook.com/reel/PID00683/?comment_id=1397040301788390,Aryan,PID00683,Idli,4,Amazing flavor!,Positive,0.91
https://www.facebook.com/reel/PID00545/?comment_id=1397040301788391,Saanvi,PID00545,Pizza,5,Bad experience.,Positive,0.93
https://www.facebook.com/reel/PID00566/?comment_id=1397040301788392,Anaya,PID00566,Dosa,3,Too spicy but good.,Neutral,0.58
https://www.facebook.com/reel/PID00680/?comment_id=1397040301788393,Diya,PID00680,Noodles,2,Not satisfied.,Negative,-0.09
https://www.facebook.com/reel/PID00512/?comment_id=1397040301788394,Anika,PID00512,Sandwich,2,I didn't like it.,Negative,-0.19
https://www.facebook.com/reel/PID00583/?comment_id=1397040301788395,Aditya,PID00583,Idli,3,Could be better.,Neutral,0.45
https://www.facebook.com/reel/PID00674/?comment_id=1397040301788396,Sara,PID00674,Noodles,1,Not fresh.,Negative,-0.19
https://www.facebook.com/reel/PID00633/?comment_id=1397040301788397,Riya,PID00633,Burger,2,Terrible packaging.,Negative,-0.04
https://www.facebook.com/reel/PID00692/?comment_id=1397040301788398,Riya,PID00692,Biryani,2,Not fresh.,Negative,-0.08
https://www.facebook.com/reel/PID00599/?comment_id=1397040301788399,Arjun,PID00599,Dosa,2,Amazing flavor!,Negative,-0.07
https://www.facebook.com/reel/PID00693/?comment_id=1397040301788400,Krishna,PID00693,Pasta,1,I will order again!,Negative,-0.17
https://www.facebook.com/reel/PID00553/?comment_id=1397040301788401,Riya,PID00553,Pasta,4,Could be better.,Positive,0.9
https://www.facebook.com/reel/PID00512/?comment_id=1397040301788402,Vihaan,PID00512,Momo,4,Perfect meal!,Positive,0.8
https://www.facebook.com/reel/PID00550/?comment_id=1397040301788403,Aadhya,PID00550,Sandwich,4,Too spicy but good.,Positive,0.9
https://www.facebook.com/reel/PID00546/?comment_id=1397040301788404,Ira,PID00546,Idli,4,Perfect meal!,Positive,0.91
https://www.facebook.com/reel/PID00574/?comment_id=1397040301788405,Vivaan,PID00574,Pizza,2,Too spicy but good.,Negative,-0.09
https://www.facebook.com/reel/PID00622/?comment_id=1397040301788406,Anaya,PID00622,Idli,1,Very tasty and enjoyable.,Negative,-0.17
https://www.facebook.com/reel/PID00596/?comment_id=1397040301788407,Riya,PID00596,Pizza,4,Yummy and satisfying.,Positive,0.83
https://www.facebook.com/reel/PID00566/?comment_id=1397040301788408,Anaya,PID00566,Idli,5,I will order again!,Positive,0.84
https://www.facebook.com/reel/PID00586/?comment_id=1397040301788409,Vihaan,PID00586,Burger,5,Yummy and satisfying.,Positive,0.8
https://www.facebook.com/reel/PID00532/?comment_id=1397040301788410,Saanvi,PID00532,Burger,1,Terrible packaging.,Negative,-0.01
https://www.facebook.com/reel/PID00649/?comment_id=1397040301788411,Aadhya,PID00649,Dosa,3,Great quantity for price.,Neutral,0.45
https://www.facebook.com/reel/PID00509/?comment_id=1397040301788412,Vivaan,PID00509,Burger,5,Bad experience.,Positive,0.95
https://www.facebook.com/reel/PID00509/?comment_id=1397040301788413,Vivaan,PID00509,Pasta,5,Amazing flavor!,Positive,0.94
https://www.facebook.com/reel/PID00662/?comment_id=1397040301788414,Anaya,PID00662,Momo,1,Bad experience.,Negative,-0.04
https://www.facebook.com/reel/PID00625/?comment_id=1397040301788415,Anaya,PID00625,Biryani,5,Yummy and satisfying.,Positive,0.86
https://www.facebook.com/reel/PID00504/?comment_id=1397040301788416,Aarav,PID00504,Burger,2,Worst food ever.,Negative,-0.15
https://www.facebook.com/reel/PID00504/?comment_id=1397040301788417,Ira,PID00504,Momo,3,Worst food ever.,Neutral,0.57
https://www.facebook.com/reel/PID00554/?comment_id=1397040301788418,Aarav,PID00554,Momo,2,Crispy and delicious.,Negative,-0.01
https://www.facebook.com/reel/PID00650/?comment_id=1397040301788419,Saanvi,PID00650,Pasta,2,Yummy and satisfying.,Negative,-0.13
https://www.facebook.com/reel/PID00659/?comment_id=1397040301788420,Rohan,PID00659,Pasta,2,Worst food ever.,Negative,-0.13
https://www.facebook.com/reel/PID00566/?comment_id=1397040301788421,Sai,PID00566,Biryani,4,Could be better.,Positive,0.93
https://www.facebook.com/reel/PID00517/?comment_id=1397040301788422,Aryan,PID00517,Burger,5,Could be better.,Positive,0.83
https://www.facebook.com/reel/PID00627/?comment_id=1397040301788423,Vivaan,PID00627,Sandwich,2,Too spicy but good.,Negative,-0.14
https://www.facebook.com/reel/PID00578/?comment_id=1397040301788424,Aadhya,PID00578,Pasta,1,Terrible packaging.,Negative,-0.2
https://www.facebook.com/reel/PID00558/?comment_id=1397040301788425,Diya,PID00558,Sandwich,2,Terrible packaging.,Negative,-0.09
https://www.facebook.com/reel/PID00611/?comment_id=1397040301788426,Aarav,PID00611,Momo,4,Amazing flavor!,Positive,0.98
https://www.facebook.com/reel/PID00551/?comment_id=1397040301788427,Aadhya,PID00551,Burger,2,Didn't meet expectations.,Negative,-0.18
https://www.facebook.com/reel/PID00580/?comment_id=1397040301788428,Aryan,PID00580,Momo,1,Worst food ever.,Negative,-0.17
https://www.facebook.com/reel/PID00619/?comment_id=1397040301788429,Sara,PID00619,Dosa,5,Too spicy but good.,Positive,0.85
https://www.facebook.com/reel/PID00676/?comment_id=1397040301788430,Prisha,PID00676,Idli,4,I will order again!,Positive,0.88
https://www.facebook.com/reel/PID00529/?comment_id=1397040301788431,Riya,PID00529,Sandwich,5,Loved the taste!,Positive,0.87
https://www.facebook.com/reel/PID00576/?comment_id=1397040301788432,Diya,PID00576,Dosa,2,Superb quality!,Negative,-0.11
https://www.facebook.com/reel/PID00517/?comment_id=1397040301788433,Aadhya,PID00517,Idli,4,I will order again!,Positive,0.96
https://www.facebook.com/reel/PID00645/?comment_id=1397040301788434,Myra,PID00645,Pizza,3,Crispy and delicious.,Neutral,0.48
https://www.facebook.com/reel/PID00509/?comment_id=1397040301788435,Myra,PID00509,Idli,2,Too spicy but good.,Negative,-0.07
https://www.facebook.com/reel/PID00578/?comment_id=1397040301788436,Rohan,PID00578,Sandwich,1,Didn't meet expectations.,Negative,-0.19
https://www.facebook.com/reel/PID00678/?comment_id=1397040301788437,Aryan,PID00678,Noodles,5,Not satisfied.,Positive,0.85
https://www.facebook.com/reel/PID00643/?comment_id=1397040301788438,Riya,PID00643,Idli,5,Not satisfied.,Positive,0.88
https://www.facebook.com/reel/PID00694/?comment_id=1397040301788439,Vihaan,PID00694,Momo,2,Bad experience.,Negative,-0.12
https://www.facebook.com/reel/PID00691/?comment_id=1397040301788440,Aditya,PID00691,Pizza,2,Not fresh.,Negative,0
https://www.facebook.com/reel/PID00622/?comment_id=1397040301788441,Vivaan,PID00622,Burger,3,Loved the taste!,Neutral,0.54
https://www.facebook.com/reel/PID00553/?comment_id=1397040301788442,Diya,PID00553,Pizza,3,Worst food ever.,Neutral,0.52
https://www.facebook.com/reel/PID00574/?comment_id=1397040301788443,Saanvi,PID00574,Pizza,5,Not satisfied.,Positive,0.86
https://www.facebook.com/reel/PID00531/?comment_id=1397040301788444,Myra,PID00531,Sandwich,2,Not fresh.,Negative,-0.15
https://www.facebook.com/reel/PID00685/?comment_id=1397040301788445,Sai,PID00685,Fried Rice,3,Great quantity for price.,Neutral,0.44
https://www.facebook.com/reel/PID00539/?comment_id=1397040301788446,Arjun,PID00539,Pasta,4,Crispy and delicious.,Positive,0.96
https://www.facebook.com/reel/PID00524/?comment_id=1397040301788447,Aryan,PID00524,Dosa,3,Very tasty and enjoyable.,Neutral,0.44
https://www.facebook.com/reel/PID00575/?comment_id=1397040301788448,Riya,PID00575,Pasta,4,Not fresh.,Positive,0.86
https://www.facebook.com/reel/PID00618/?comment_id=1397040301788449,Ira,PID00618,Pasta,1,Very tasty and enjoyable.,Negative,-0.14
https://www.facebook.com/reel/PID00690/?comment_id=1397040301788450,Aarav,PID00690,Sandwich,5,I didn't like it.,Positive,0.99
https://www.facebook.com/reel/PID00677/?comment_id=1397040301788451,Ishaan,PID00677,Burger,4,Didn't meet expectations.,Positive,0.94
https://www.facebook.com/reel/PID00624/?comment_id=1397040301788452,Aarav,PID00624,Burger,3,Yummy and satisfying.,Neutral,0.41
https://www.facebook.com/reel/PID00572/?comment_id=1397040301788453,Ira,PID00572,Momo,2,Superb quality!,Negative,-0.04
https://www.facebook.com/reel/PID00606/?comment_id=1397040301788454,Saanvi,PID00606,Sandwich,2,Bad experience.,Negative,-0.08
https://www.facebook.com/reel/PID00597/?comment_id=1397040301788455,Sai,PID00597,Noodles,1,Worth the price.,Negative,-0.02
https://www.facebook.com/reel/PID00502/?comment_id=1397040301788456,Rohan,PID00502,Biryani,3,Very tasty and enjoyable.,Neutral,0.57
https://www.facebook.com/reel/PID00667/?comment_id=1397040301788457,Myra,PID00667,Dosa,3,Could be better.,Neutral,0.43
https://www.facebook.com/reel/PID00560/?comment_id=1397040301788458,Ishaan,PID00560,Burger,2,Could be better.,Negative,-0.02
https://www.facebook.com/reel/PID00592/?comment_id=1397040301788459,Myra,PID00592,Pasta,1,Crispy and delicious.,Negative,-0.18
https://www.facebook.com/reel/PID00683/?comment_id=1397040301788460,Sai,PID00683,Sandwich,5,Crispy and delicious.,Positive,0.83
https://www.facebook.com/reel/PID00524/?comment_id=1397040301788461,Vivaan,PID00524,Sandwich,2,Could be better.,Negative,-0.08
https://www.facebook.com/reel/PID00655/?comment_id=1397040301788462,Saanvi,PID00655,Dosa,4,Delivery was late.,Positive,0.86
https://www.facebook.com/reel/PID00600/?comment_id=1397040301788463,Aarav,PID00600,Dosa,3,Could be better.,Neutral,0.53
https://www.facebook.com/reel/PID00571/?comment_id=1397040301788464,Anaya,PID00571,Noodles,4,Too spicy but good.,Positive,0.97
https://www.facebook.com/reel/PID00544/?comment_id=1397040301788465,Sai,PID00544,Fried Rice,2,Superb quality!,Negative,-0.19
https://www.facebook.com/reel/PID00553/?comment_id=1397040301788466,Aarav,PID00553,Fried Rice,3,Worth the price.,Neutral,0.59
https://www.facebook.com/reel/PID00552/?comment_id=1397040301788467,Vihaan,PID00552,Dosa,4,Delivery was late.,Positive,0.81
https://www.facebook.com/reel/PID00625/?comment_id=1397040301788468,Anika,PID00625,Dosa,2,Didn't meet expectations.,Negative,-0.14
https://www.facebook.com/reel/PID00657/?comment_id=1397040301788469,Aarav,PID00657,Fried Rice,4,Yummy and satisfying.,Positive,0.92
https://www.facebook.com/reel/PID00576/?comment_id=1397040301788470,Ishaan,PID00576,Fried Rice,4,Worst food ever.,Positive,0.93
https://www.facebook.com/reel/PID00608/?comment_id=1397040301788471,Anaya,PID00608,Pasta,3,I will order again!,Neutral,0.56
https://www.facebook.com/reel/PID00565/?comment_id=1397040301788472,Aryan,PID00565,Sandwich,2,Not satisfied.,Negative,-0.09
https://www.facebook.com/reel/PID00679/?comment_id=1397040301788473,Aadhya,PID00679,Momo,4,Not satisfied.,Positive,0.92
https://www.facebook.com/reel/PID00652/?comment_id=1397040301788474,Riya,PID00652,Sandwich,3,Crispy and delicious.,Neutral,0.45
https://www.facebook.com/reel/PID00686/?comment_id=1397040301788475,Aditya,PID00686,Sandwich,1,Loved the taste!,Negative,-0.09
https://www.facebook.com/reel/PID00642/?comment_id=1397040301788476,Anika,PID00642,Biryani,2,Terrible packaging.,Negative,-0.09
https://www.facebook.com/reel/PID00579/?comment_id=1397040301788477,Krishna,PID00579,Momo,5,Worst food ever.,Positive,0.82
https://www.facebook.com/reel/PID00566/?comment_id=1397040301788478,Saanvi,PID00566,Idli,5,Not fresh.,Positive,0.9
https://www.facebook.com/reel/PID00686/?comment_id=1397040301788479,Aryan,PID00686,Sandwich,5,Didn't meet expectations.,Positive,0.87
https://www.facebook.com/reel/PID00621/?comment_id=1397040301788480,Vihaan,PID00621,Biryani,1,Yummy and satisfying.,Negative,-0.01
https://www.facebook.com/reel/PID00511/?comment_id=1397040301788481,Aadhya,PID00511,Fried Rice,2,Crispy and delicious.,Negative,-0.06
https://www.facebook.com/reel/PID00633/?comment_id=1397040301788482,Vihaan,PID00633,Noodles,4,Not satisfied.,Positive,0.95
https://www.facebook.com/reel/PID00541/?comment_id=1397040301788483,Vihaan,PID00541,Biryani,3,Not satisfied.,Neutral,0.44
https://www.facebook.com/reel/PID00691/?comment_id=1397040301788484,Anika,PID00691,Biryani,1,Crispy and delicious.,Negative,0
https://www.facebook.com/reel/PID00628/?comment_id=1397040301788485,Aryan,PID00628,Biryani,5,I will order again!,Positive,1
https://www.facebook.com/reel/PID00684/?comment_id=1397040301788486,Anika,PID00684,Burger,1,Loved the taste!,Negative,-0.13
https://www.facebook.com/reel/PID00618/?comment_id=1397040301788487,Myra,PID00618,Noodles,5,Too spicy but good.,Positive,0.92
https://www.facebook.com/reel/PID00676/?comment_id=1397040301788488,Diya,PID00676,Fried Rice,5,Not satisfied.,Positive,0.9
https://www.facebook.com/reel/PID00632/?comment_id=1397040301788489,Sai,PID00632,Noodles,2,Superb quality!,Negative,-0.13
https://www.facebook.com/reel/PID00608/?comment_id=1397040301788490,Arjun,PID00608,Pasta,5,Not satisfied.,Positive,0.93
https://www.facebook.com/reel/PID00635/?comment_id=1397040301788491,Riya,PID00635,Dosa,5,Amazing flavor!,Positive,0.97
https://www.facebook.com/reel/PID00621/?comment_id=1397040301788492,Aarav,PID00621,Idli,4,Loved the taste!,Positive,0.84
https://www.facebook.com/reel/PID00687/?comment_id=1397040301788493,Aditya,PID00687,Sandwich,1,Amazing flavor!,Negative,-0.19
https://www.facebook.com/reel/PID00663/?comment_id=1397040301788494,Saanvi,PID00663,Idli,3,I didn't like it.,Neutral,0.53
https://www.facebook.com/reel/PID00594/?comment_id=1397040301788495,Sai,PID00594,Pizza,3,Amazing flavor!,Neutral,0.44
https://www.facebook.com/reel/PID00564/?comment_id=1397040301788496,Aadhya,PID00564,Fried Rice,4,Amazing flavor!,Positive,0.92
https://www.facebook.com/reel/PID00642/?comment_id=1397040301788497,Ira,PID00642,Sandwich,4,Amazing flavor!,Positive,0.82
https://www.facebook.com/reel/PID00638/?comment_id=1397040301788498,Vihaan,PID00638,Dosa,3,Crispy and delicious.,Neutral,0.53
https://www.facebook.com/reel/PID00604/?comment_id=1397040301788499,Sara,PID00604,Fried Rice,4,Worst food ever.,Positive,0.98
https://www.facebook.com/reel/PID00576/?comment_id=1397040301788500,Sara,PID00576,Biryani,2,Crispy and delicious.,Negative,-0.07
https://www.facebook.com/reel/PID00598/?comment_id=1397040301788501,Diya,PID00598,Pasta,5,Worth the price.,Positive,0.99
https://www.facebook.com/reel/PID00624/?comment_id=1397040301788502,Ishaan,PID00624,Pasta,4,Could be better.,Positive,0.85
https://www.facebook.com/reel/PID00536/?comment_id=1397040301788503,Vivaan,PID00536,Biryani,1,Perfect meal!,Negative,-0.09
https://www.facebook.com/reel/PID00514/?comment_id=1397040301788504,Ishaan,PID00514,Momo,3,I will order again!,Neutral,0.6
https://www.facebook.com/reel/PID00563/?comment_id=1397040301788505,Riya,PID00563,Noodles,2,Didn't meet expectations.,Negative,-0.13
https://www.facebook.com/reel/PID00647/?comment_id=1397040301788506,Anaya,PID00647,Dosa,1,Worst food ever.,Negative,-0.17
https://www.facebook.com/reel/PID00504/?comment_id=1397040301788507,Ishaan,PID00504,Pizza,4,Crispy and delicious.,Positive,0.84
https://www.facebook.com/reel/PID00591/?comment_id=1397040301788508,Aarav,PID00591,Pasta,5,Not satisfied.,Positive,0.86
https://www.facebook.com/reel/PID00555/?comment_id=1397040301788509,Vivaan,PID00555,Fried Rice,5,Terrible packaging.,Positive,0.86
https://www.facebook.com/reel/PID00600/?comment_id=1397040301788510,Vihaan,PID00600,Biryani,3,Amazing flavor!,Neutral,0.57
https://www.facebook.com/reel/PID00664/?comment_id=1397040301788511,Saanvi,PID00664,Momo,3,Could be better.,Neutral,0.42
https://www.facebook.com/reel/PID00519/?comment_id=1397040301788512,Aarav,PID00519,Idli,1,I didn't like it.,Negative,-0.13
https://www.facebook.com/reel/PID00503/?comment_id=1397040301788513,Krishna,PID00503,Dosa,2,I will order again!,Negative,-0.05
https://www.facebook.com/reel/PID00686/?comment_id=1397040301788514,Anaya,PID00686,Biryani,4,Not fresh.,Positive,0.92
https://www.facebook.com/reel/PID00507/?comment_id=1397040301788515,Saanvi,PID00507,Burger,1,Too spicy but good.,Negative,-0.02
https://www.facebook.com/reel/PID00515/?comment_id=1397040301788516,Ira,PID00515,Momo,3,Not satisfied.,Neutral,0.53
https://www.facebook.com/reel/PID00556/?comment_id=1397040301788517,Rohan,PID00556,Burger,5,Not fresh.,Positive,0.99
https://www.facebook.com/reel/PID00575/?comment_id=1397040301788518,Krishna,PID00575,Dosa,3,Crispy and delicious.,Neutral,0.44
https://www.facebook.com/reel/PID00629/?comment_id=1397040301788519,Anaya,PID00629,Momo,5,Not satisfied.,Positive,0.85
https://www.facebook.com/reel/PID00675/?comment_id=1397040301788520,Rohan,PID00675,Biryani,1,I will order again!,Negative,-0.19
https://www.facebook.com/reel/PID00502/?comment_id=1397040301788521,Myra,PID00502,Pasta,4,Perfect meal!,Positive,0.85
https://www.facebook.com/reel/PID00513/?comment_id=1397040301788522,Arjun,PID00513,Idli,1,Loved the taste!,Negative,-0.12
https://www.facebook.com/reel/PID00681/?comment_id=1397040301788523,Anika,PID00681,Noodles,4,Perfect meal!,Positive,0.92
https://www.facebook.com/reel/PID00664/?comment_id=1397040301788524,Vivaan,PID00664,Biryani,3,Very tasty and enjoyable.,Neutral,0.44
https://www.facebook.com/reel/PID00627/?comment_id=1397040301788525,Aadhya,PID00627,Momo,1,Could be better.,Negative,-0.08
https://www.facebook.com/reel/PID00613/?comment_id=1397040301788526,Anika,PID00613,Dosa,3,Great quantity for price.,Neutral,0.54
https://www.facebook.com/reel/PID00589/?comment_id=1397040301788527,Prisha,PID00589,Sandwich,1,Didn't meet expectations.,Negative,-0.1
https://www.facebook.com/reel/PID00665/?comment_id=1397040301788528,Ira,PID00665,Idli,3,I didn't like it.,Neutral,0.53
https://www.facebook.com/reel/PID00520/?comment_id=1397040301788529,Krishna,PID00520,Burger,3,Worth the price.,Neutral,0.4
https://www.facebook.com/reel/PID00614/?comment_id=1397040301788530,Aryan,PID00614,Idli,5,Worth the price.,Positive,0.96
https://www.facebook.com/reel/PID00615/?comment_id=1397040301788531,Aditya,PID00615,Sandwich,1,I didn't like it.,Negative,-0.15
https://www.facebook.com/reel/PID00582/?comment_id=1397040301788532,Aarav,PID00582,Momo,1,Too spicy but good.,Negative,-0.03
https://www.facebook.com/reel/PID00580/?comment_id=1397040301788533,Anika,PID00580,Sandwich,3,Could be better.,Neutral,0.51
https://www.facebook.com/reel/PID00682/?comment_id=1397040301788534,Sai,PID00682,Biryani,4,Didn't meet expectations.,Positive,0.9
https://www.facebook.com/reel/PID00610/?comment_id=1397040301788535,Diya,PID00610,Momo,1,Crispy and delicious.,Negative,-0.08
https://www.facebook.com/reel/PID00699/?comment_id=1397040301788536,Aryan,PID00699,Dosa,1,Worst food ever.,Negative,-0.18
https://www.facebook.com/reel/PID00683/?comment_id=1397040301788537,Rohan,PID00683,Biryani,2,Loved the taste!,Negative,-0.14
https://www.facebook.com/reel/PID00563/?comment_id=1397040301788538,Vihaan,PID00563,Pasta,3,Delivery was late.,Neutral,0.52
https://www.facebook.com/reel/PID00616/?comment_id=1397040301788539,Sara,PID00616,Burger,5,I didn't like it.,Positive,0.89
https://www.facebook.com/reel/PID00502/?comment_id=1397040301788540,Myra,PID00502,Pasta,2,Didn't meet expectations.,Negative,-0.15
https://www.facebook.com/reel/PID00685/?comment_id=1397040301788541,Vivaan,PID00685,Burger,2,Delivery was late.,Negative,-0.04
https://www.facebook.com/reel/PID00627/?comment_id=1397040301788542,Prisha,PID00627,Momo,1,Delivery was late.,Negative,-0.05
https://www.facebook.com/reel/PID00660/?comment_id=1397040301788543,Ira,PID00660,Burger,5,Not satisfied.,Positive,0.83
https://www.facebook.com/reel/PID00686/?comment_id=1397040301788544,Krishna,PID00686,Biryani,2,Superb quality!,Negative,-0.13
https://www.facebook.com/reel/PID00668/?comment_id=1397040301788545,Rohan,PID00668,Pasta,3,Bad experience.,Neutral,0.49
https://www.facebook.com/reel/PID00592/?comment_id=1397040301788546,Ishaan,PID00592,Burger,1,Not fresh.,Negative,-0.19
https://www.facebook.com/reel/PID00652/?comment_id=1397040301788547,Ishaan,PID00652,Sandwich,4,Amazing flavor!,Positive,0.84
https://www.facebook.com/reel/PID00655/?comment_id=1397040301788548,Ira,PID00655,Pasta,2,Superb quality!,Negative,-0.14
https://www.facebook.com/reel/PID00662/?comment_id=1397040301788549,Diya,PID00662,Dosa,4,Yummy and satisfying.,Positive,0.85
https://www.facebook.com/reel/PID00509/?comment_id=1397040301788550,Anika,PID00509,Sandwich,5,Worst food ever.,Positive,0.96
https://www.facebook.com/reel/PID00530/?comment_id=1397040301788551,Myra,PID00530,Burger,5,Worth the price.,Positive,0.85
https://www.facebook.com/reel/PID00524/?comment_id=1397040301788552,Anaya,PID00524,Idli,5,Yummy and satisfying.,Positive,0.94
https://www.facebook.com/reel/PID00616/?comment_id=1397040301788553,Krishna,PID00616,Burger,2,Not satisfied.,Negative,-0.12
https://www.facebook.com/reel/PID00552/?comment_id=1397040301788554,Rohan,PID00552,Sandwich,1,Amazing flavor!,Negative,-0.06
https://www.facebook.com/reel/PID00589/?comment_id=1397040301788555,Prisha,PID00589,Noodles,3,Worst food ever.,Neutral,0.53
https://www.facebook.com/reel/PID00661/?comment_id=1397040301788556,Aryan,PID00661,Pasta,1,I didn't like it.,Negative,-0.01
https://www.facebook.com/reel/PID00620/?comment_id=1397040301788557,Ishaan,PID00620,Sandwich,2,Terrible packaging.,Negative,-0.1
https://www.facebook.com/reel/PID00630/?comment_id=1397040301788558,Aditya,PID00630,Momo,1,I didn't like it.,Negative,-0.02
https://www.facebook.com/reel/PID00658/?comment_id=1397040301788559,Ishaan,PID00658,Fried Rice,3,Worth the price.,Neutral,0.5
https://www.facebook.com/reel/PID00622/?comment_id=1397040301788560,Anika,PID00622,Sandwich,1,Didn't meet expectations.,Negative,-0.08
https://www.facebook.com/reel/PID00666/?comment_id=1397040301788561,Ishaan,PID00666,Noodles,4,Loved the taste!,Positive,0.87
https://www.facebook.com/reel/PID00536/?comment_id=1397040301788562,Ishaan,PID00536,Burger,2,Great quantity for price.,Negative,-0.1
https://www.facebook.com/reel/PID00578/?comment_id=1397040301788563,Vihaan,PID00578,Noodles,1,Bad experience.,Negative,-0.01
https://www.facebook.com/reel/PID00566/?comment_id=1397040301788564,Vihaan,PID00566,Noodles,5,Crispy and delicious.,Positive,0.96
https://www.facebook.com/reel/PID00679/?comment_id=1397040301788565,Ira,PID00679,Fried Rice,3,Perfect meal!,Neutral,0.43
https://www.facebook.com/reel/PID00591/?comment_id=1397040301788566,Sara,PID00591,Dosa,2,Worth the price.,Negative,-0.2
https://www.facebook.com/reel/PID00546/?comment_id=1397040301788567,Aarav,PID00546,Idli,5,Yummy and satisfying.,Positive,0.97
https://www.facebook.com/reel/PID00554/?comment_id=1397040301788568,Rohan,PID00554,Noodles,1,Very tasty and enjoyable.,Negative,-0.08
https://www.facebook.com/reel/PID00586/?comment_id=1397040301788569,Aryan,PID00586,Fried Rice,1,Very tasty and enjoyable.,Negative,-0.1
https://www.facebook.com/reel/PID00509/?comment_id=1397040301788570,Anaya,PID00509,Pasta,3,Bad experience.,Neutral,0.5
https://www.facebook.com/reel/PID00682/?comment_id=1397040301788571,Sai,PID00682,Pizza,3,Didn't meet expectations.,Neutral,0.56
https://www.facebook.com/reel/PID00504/?comment_id=1397040301788572,Myra,PID00504,Dosa,3,Worst food ever.,Neutral,0.48
https://www.facebook.com/reel/PID00550/?comment_id=1397040301788573,Anika,PID00550,Pasta,3,Amazing flavor!,Neutral,0.59
https://www.facebook.com/reel/PID00523/?comment_id=1397040301788574,Aadhya,PID00523,Noodles,5,Worth the price.,Positive,0.9
https://www.facebook.com/reel/PID00540/?comment_id=1397040301788575,Diya,PID00540,Sandwich,3,Amazing flavor!,Neutral,0.44
https://www.facebook.com/reel/PID00519/?comment_id=1397040301788576,Diya,PID00519,Biryani,2,Worth the price.,Negative,-0.1
https://www.facebook.com/reel/PID00677/?comment_id=1397040301788577,Arjun,PID00677,Pasta,4,Amazing flavor!,Positive,0.83
https://www.facebook.com/reel/PID00520/?comment_id=1397040301788578,Krishna,PID00520,Idli,5,Not fresh.,Positive,1
https://www.facebook.com/reel/PID00598/?comment_id=1397040301788579,Aditya,PID00598,Burger,3,Too spicy but good.,Neutral,0.54
https://www.facebook.com/reel/PID00652/?comment_id=1397040301788580,Riya,PID00652,Burger,3,Superb quality!,Neutral,0.54
https://www.facebook.com/reel/PID00504/?comment_id=1397040301788581,Vihaan,PID00504,Idli,1,Too spicy but good.,Negative,-0.14
https://www.facebook.com/reel/PID00525/?comment_id=1397040301788582,Arjun,PID00525,Sandwich,4,Delivery was late.,Positive,0.89
https://www.facebook.com/reel/PID00576/?comment_id=1397040301788583,Diya,PID00576,Pasta,5,Very tasty and enjoyable.,Positive,0.84
https://www.facebook.com/reel/PID00584/?comment_id=1397040301788584,Sara,PID00584,Sandwich,4,Perfect meal!,Positive,0.87
https://www.facebook.com/reel/PID00523/?comment_id=1397040301788585,Diya,PID00523,Burger,1,Yummy and satisfying.,Negative,-0.12
https://www.facebook.com/reel/PID00528/?comment_id=1397040301788586,Vihaan,PID00528,Dosa,1,Loved the taste!,Negative,-0.12
https://www.facebook.com/reel/PID00635/?comment_id=1397040301788587,Aarav,PID00635,Fried Rice,2,Delivery was late.,Negative,-0.09
https://www.facebook.com/reel/PID00598/?comment_id=1397040301788588,Diya,PID00598,Burger,1,Yummy and satisfying.,Negative,-0.13
https://www.facebook.com/reel/PID00526/?comment_id=1397040301788589,Arjun,PID00526,Biryani,2,Crispy and delicious.,Negative,-0.07
https://www.facebook.com/reel/PID00645/?comment_id=1397040301788590,Myra,PID00645,Sandwich,1,Very tasty and enjoyable.,Negative,-0.04
https://www.facebook.com/reel/PID00504/?comment_id=1397040301788591,Krishna,PID00504,Burger,2,Didn't meet expectations.,Negative,-0.19
https://www.facebook.com/reel/PID00530/?comment_id=1397040301788592,Saanvi,PID00530,Sandwich,3,Great quantity for price.,Neutral,0.42
https://www.facebook.com/reel/PID00597/?comment_id=1397040301788593,Riya,PID00597,Pizza,2,Terrible packaging.,Negative,-0.18
https://www.facebook.com/reel/PID00622/?comment_id=1397040301788594,Prisha,PID00622,Fried Rice,3,Terrible packaging.,Neutral,0.4
https://www.facebook.com/reel/PID00646/?comment_id=1397040301788595,Ira,PID00646,Sandwich,3,Bad experience.,Neutral,0.56
https://www.facebook.com/reel/PID00688/?comment_id=1397040301788596,Prisha,PID00688,Pasta,2,Worth the price.,Negative,-0.2
https://www.facebook.com/reel/PID00625/?comment_id=1397040301788597,Aarav,PID00625,Biryani,4,Great quantity for price.,Positive,0.92
https://www.facebook.com/reel/PID00574/?comment_id=1397040301788598,Riya,PID00574,Idli,3,Could be better.,Neutral,0.5
https://www.facebook.com/reel/PID00658/?comment_id=1397040301788599,Vihaan,PID00658,Pizza,2,Superb quality!,Negative,-0.01
https://www.facebook.com/reel/PID00530/?comment_id=1397040301788600,Aarav,PID00530,Fried Rice,4,Worst food ever.,Positive,0.82
https://www.facebook.com/reel/PID00651/?comment_id=1397040301788601,Krishna,PID00651,Burger,1,Not satisfied.,Negative,-0.12
https://www.facebook.com/reel/PID00603/?comment_id=1397040301788602,Myra,PID00603,Sandwich,4,Delivery was late.,Positive,0.98
https://www.facebook.com/reel/PID00645/?comment_id=1397040301788603,Ishaan,PID00645,Noodles,4,Delivery was late.,Positive,0.95
https://www.facebook.com/reel/PID00591/?comment_id=1397040301788604,Sara,PID00591,Momo,5,Worth the price.,Positive,0.8
https://www.facebook.com/reel/PID00591/?comment_id=1397040301788605,Aditya,PID00591,Pizza,1,Too spicy but good.,Negative,-0.19
https://www.facebook.com/reel/PID00520/?comment_id=1397040301788606,Arjun,PID00520,Pasta,2,Amazing flavor!,Negative,-0.09
https://www.facebook.com/reel/PID00568/?comment_id=1397040301788607,Krishna,PID00568,Noodles,1,Delivery was late.,Negative,-0.02
https://www.facebook.com/reel/PID00528/?comment_id=1397040301788608,Myra,PID00528,Burger,4,Yummy and satisfying.,Positive,0.93
https://www.facebook.com/reel/PID00649/?comment_id=1397040301788609,Anaya,PID00649,Burger,2,Superb quality!,Negative,-0.17
https://www.facebook.com/reel/PID00546/?comment_id=1397040301788610,Krishna,PID00546,Dosa,3,Worth the price.,Neutral,0.56
https://www.facebook.com/reel/PID00617/?comment_id=1397040301788611,Aadhya,PID00617,Burger,5,Amazing flavor!,Positive,0.92
https://www.facebook.com/reel/PID00615/?comment_id=1397040301788612,Riya,PID00615,Pizza,1,Crispy and delicious.,Negative,-0.18
https://www.facebook.com/reel/PID00503/?comment_id=1397040301788613,Sara,PID00503,Sandwich,1,Bad experience.,Negative,-0.12
https://www.facebook.com/reel/PID00567/?comment_id=1397040301788614,Saanvi,PID00567,Fried Rice,3,Delivery was late.,Neutral,0.43
https://www.facebook.com/reel/PID00648/?comment_id=1397040301788615,Ira,PID00648,Pasta,2,Too spicy but good.,Negative,-0.15
https://www.facebook.com/reel/PID00699/?comment_id=1397040301788616,Aarav,PID00699,Momo,4,Great quantity for price.,Positive,0.97
https://www.facebook.com/reel/PID00540/?comment_id=1397040301788617,Ishaan,PID00540,Sandwich,1,Great quantity for price.,Negative,-0.13
https://www.facebook.com/reel/PID00605/?comment_id=1397040301788618,Arjun,PID00605,Noodles,1,Superb quality!,Negative,-0.06
https://www.facebook.com/reel/PID00568/?comment_id=1397040301788619,Arjun,PID00568,Burger,2,Great quantity for price.,Negative,-0.16
https://www.facebook.com/reel/PID00672/?comment_id=1397040301788620,Ira,PID00672,Dosa,2,Too spicy but good.,Negative,-0.05
https://www.facebook.com/reel/PID00508/?comment_id=1397040301788621,Saanvi,PID00508,Pizza,4,I will order again!,Positive,0.87
https://www.facebook.com/reel/PID00687/?comment_id=1397040301788622,Aryan,PID00687,Fried Rice,4,Crispy and delicious.,Positive,0.95
https://www.facebook.com/reel/PID00653/?comment_id=1397040301788623,Diya,PID00653,Idli,2,Terrible packaging.,Negative,-0.04
https://www.facebook.com/reel/PID00557/?comment_id=1397040301788624,Vihaan,PID00557,Sandwich,3,Crispy and delicious.,Neutral,0.43
https://www.facebook.com/reel/PID00512/?comment_id=1397040301788625,Ira,PID00512,Pizza,1,Loved the taste!,Negative,-0.16
https://www.facebook.com/reel/PID00578/?comment_id=1397040301788626,Sai,PID00578,Sandwich,4,Delivery was late.,Positive,0.95
https://www.facebook.com/reel/PID00561/?comment_id=1397040301788627,Anika,PID00561,Biryani,2,Very tasty and enjoyable.,Negative,-0.07
https://www.facebook.com/reel/PID00635/?comment_id=1397040301788628,Sara,PID00635,Burger,1,Very tasty and enjoyable.,Negative,-0.04
https://www.facebook.com/reel/PID00520/?comment_id=1397040301788629,Vivaan,PID00520,Fried Rice,1,I will order again!,Negative,-0.15
https://www.facebook.com/reel/PID00510/?comment_id=1397040301788630,Vihaan,PID00510,Dosa,1,Great quantity for price.,Negative,-0.17
https://www.facebook.com/reel/PID00693/?comment_id=1397040301788631,Krishna,PID00693,Burger,4,Crispy and delicious.,Positive,0.91
https://www.facebook.com/reel/PID00626/?comment_id=1397040301788632,Sai,PID00626,Momo,1,Didn't meet expectations.,Negative,-0.02
https://www.facebook.com/reel/PID00563/?comment_id=1397040301788633,Riya,PID00563,Burger,4,Loved the taste!,Positive,0.9
https://www.facebook.com/reel/PID00616/?comment_id=1397040301788634,Ishaan,PID00616,Noodles,4,Worth the price.,Positive,0.85
https://www.facebook.com/reel/PID00670/?comment_id=1397040301788635,Anika,PID00670,Burger,2,Worth the price.,Negative,-0.18
https://www.facebook.com/reel/PID00655/?comment_id=1397040301788636,Sara,PID00655,Fried Rice,2,Not fresh.,Negative,-0.03
https://www.facebook.com/reel/PID00559/?comment_id=1397040301788637,Aadhya,PID00559,Fried Rice,4,Could be better.,Positive,0.81
https://www.facebook.com/reel/PID00648/?comment_id=1397040301788638,Ishaan,PID00648,Dosa,3,Delivery was late.,Neutral,0.51
https://www.facebook.com/reel/PID00545/?comment_id=1397040301788639,Rohan,PID00545,Noodles,1,Could be better.,Negative,-0.06
https://www.facebook.com/reel/PID00554/?comment_id=1397040301788640,Arjun,PID00554,Pasta,2,Loved the taste!,Negative,-0.06
https://www.facebook.com/reel/PID00583/?comment_id=1397040301788641,Aarav,PID00583,Burger,5,Not satisfied.,Positive,0.95
https://www.facebook.com/reel/PID00566/?comment_id=1397040301788642,Vivaan,PID00566,Dosa,4,Crispy and delicious.,Positive,0.86
https://www.facebook.com/reel/PID00607/?comment_id=1397040301788643,Aditya,PID00607,Pizza,3,Terrible packaging.,Neutral,0.57
https://www.facebook.com/reel/PID00698/?comment_id=1397040301788644,Anaya,PID00698,Noodles,1,Worst food ever.,Negative,-0.19
https://www.facebook.com/reel/PID00638/?comment_id=1397040301788645,Sara,PID00638,Noodles,2,Yummy and satisfying.,Negative,-0.18
https://www.facebook.com/reel/PID00529/?comment_id=1397040301788646,Anaya,PID00529,Pizza,1,Superb quality!,Negative,-0.04
https://www.facebook.com/reel/PID00671/?comment_id=1397040301788647,Aarav,PID00671,Sandwich,3,Great quantity for price.,Neutral,0.45
https://www.facebook.com/reel/PID00565/?comment_id=1397040301788648,Rohan,PID00565,Burger,2,I will order again!,Negative,-0.18
https://www.facebook.com/reel/PID00559/?comment_id=1397040301788649,Aditya,PID00559,Burger,4,Could be better.,Positive,0.83
https://www.facebook.com/reel/PID00571/?comment_id=1397040301788650,Sara,PID00571,Biryani,3,Yummy and satisfying.,Neutral,0.56
https://www.facebook.com/reel/PID00547/?comment_id=1397040301788651,Arjun,PID00547,Noodles,1,Not satisfied.,Negative,-0.17
https://www.facebook.com/reel/PID00551/?comment_id=1397040301788652,Sai,PID00551,Momo,2,Great quantity for price.,Negative,-0.09
https://www.facebook.com/reel/PID00656/?comment_id=1397040301788653,Myra,PID00656,Fried Rice,3,Loved the taste!,Neutral,0.46
https://www.facebook.com/reel/PID00665/?comment_id=1397040301788654,Aadhya,PID00665,Fried Rice,5,Great quantity for price.,Positive,0.97
https://www.facebook.com/reel/PID00661/?comment_id=1397040301788655,Prisha,PID00661,Pizza,1,Bad experience.,Negative,-0.16
https://www.facebook.com/reel/PID00638/?comment_id=1397040301788656,Aryan,PID00638,Fried Rice,4,Superb quality!,Positive,0.98
https://www.facebook.com/reel/PID00524/?comment_id=1397040301788657,Ishaan,PID00524,Burger,1,I didn't like it.,Negative,-0.19
https://www.facebook.com/reel/PID00567/?comment_id=1397040301788658,Ishaan,PID00567,Fried Rice,1,I didn't like it.,Negative,-0.03
https://www.facebook.com/reel/PID00642/?comment_id=1397040301788659,Diya,PID00642,Burger,2,I didn't like it.,Negative,-0.2
https://www.facebook.com/reel/PID00527/?comment_id=1397040301788660,Rohan,PID00527,Idli,3,Not fresh.,Neutral,0.48
https://www.facebook.com/reel/PID00677/?comment_id=1397040301788661,Saanvi,PID00677,Momo,2,Terrible packaging.,Negative,-0.01
https://www.facebook.com/reel/PID00539/?comment_id=1397040301788662,Sara,PID00539,Burger,5,Not satisfied.,Positive,0.93
https://www.facebook.com/reel/PID00538/?comment_id=1397040301788663,Riya,PID00538,Pasta,1,Perfect meal!,Negative,-0.19
https://www.facebook.com/reel/PID00586/?comment_id=1397040301788664,Aarav,PID00586,Fried Rice,3,Great quantity for price.,Neutral,0.44
https://www.facebook.com/reel/PID00591/?comment_id=1397040301788665,Sara,PID00591,Dosa,2,Crispy and delicious.,Negative,-0.02
https://www.facebook.com/reel/PID00610/?comment_id=1397040301788666,Sara,PID00610,Noodles,4,Worst food ever.,Positive,0.81
https://www.facebook.com/reel/PID00692/?comment_id=1397040301788667,Aditya,PID00692,Dosa,4,I will order again!,Positive,0.96
https://www.facebook.com/reel/PID00607/?comment_id=1397040301788668,Vihaan,PID00607,Idli,1,Very tasty and enjoyable.,Negative,-0.07
https://www.facebook.com/reel/PID00672/?comment_id=1397040301788669,Vihaan,PID00672,Idli,1,Not satisfied.,Negative,-0.06
https://www.facebook.com/reel/PID00562/?comment_id=1397040301788670,Sai,PID00562,Fried Rice,5,I didn't like it.,Positive,0.91
https://www.facebook.com/reel/PID00653/?comment_id=1397040301788671,Vihaan,PID00653,Pasta,3,Perfect meal!,Neutral,0.44
https://www.facebook.com/reel/PID00566/?comment_id=1397040301788672,Ira,PID00566,Dosa,1,Perfect meal!,Negative,-0.18
https://www.facebook.com/reel/PID00617/?comment_id=1397040301788673,Sai,PID00617,Momo,4,Amazing flavor!,Positive,0.91
https://www.facebook.com/reel/PID00675/?comment_id=1397040301788674,Vihaan,PID00675,Sandwich,2,Not fresh.,Negative,-0.11
https://www.facebook.com/reel/PID00614/?comment_id=1397040301788675,Ishaan,PID00614,Momo,5,Could be better.,Positive,0.9
https://www.facebook.com/reel/PID00630/?comment_id=1397040301788676,Sara,PID00630,Dosa,3,Could be better.,Neutral,0.4
https://www.facebook.com/reel/PID00583/?comment_id=1397040301788677,Krishna,PID00583,Sandwich,4,Superb quality!,Positive,0.99
https://www.facebook.com/reel/PID00548/?comment_id=1397040301788678,Aditya,PID00548,Burger,5,Not fresh.,Positive,0.88
https://www.facebook.com/reel/PID00541/?comment_id=1397040301788679,Ira,PID00541,Biryani,5,Loved the taste!,Positive,0.85
https://www.facebook.com/reel/PID00542/?comment_id=1397040301788680,Anaya,PID00542,Fried Rice,3,Could be better.,Neutral,0.5
https://www.facebook.com/reel/PID00572/?comment_id=1397040301788681,Vihaan,PID00572,Sandwich,3,Delivery was late.,Neutral,0.6
https://www.facebook.com/reel/PID00557/?comment_id=1397040301788682,Anika,PID00557,Pasta,5,Didn't meet expectations.,Positive,0.98
https://www.facebook.com/reel/PID00637/?comment_id=1397040301788683,Anika,PID00637,Biryani,4,Not fresh.,Positive,0.85
https://www.facebook.com/reel/PID00654/?comment_id=1397040301788684,Arjun,PID00654,Pasta,2,Very tasty and enjoyable.,Negative,-0.12
https://www.facebook.com/reel/PID00560/?comment_id=1397040301788685,Ishaan,PID00560,Pizza,5,Delivery was late.,Positive,0.97
https://www.facebook.com/reel/PID00627/?comment_id=1397040301788686,Aryan,PID00627,Pizza,3,I will order again!,Neutral,0.44
https://www.facebook.com/reel/PID00581/?comment_id=1397040301788687,Aditya,PID00581,Burger,3,Loved the taste!,Neutral,0.41
https://www.facebook.com/reel/PID00700/?comment_id=1397040301788688,Sara,PID00700,Pizza,2,Great quantity for price.,Negative,-0.04
https://www.facebook.com/reel/PID00696/?comment_id=1397040301788689,Ira,PID00696,Sandwich,2,Too spicy but good.,Negative,-0.06
https://www.facebook.com/reel/PID00671/?comment_id=1397040301788690,Sara,PID00671,Burger,3,I will order again!,Neutral,0.48
https://www.facebook.com/reel/PID00546/?comment_id=1397040301788691,Anika,PID00546,Burger,1,Amazing flavor!,Negative,-0.19
https://www.facebook.com/reel/PID00594/?comment_id=1397040301788692,Diya,PID00594,Pizza,1,Not satisfied.,Negative,-0.17
https://www.facebook.com/reel/PID00508/?comment_id=1397040301788693,Rohan,PID00508,Fried Rice,4,Worth the price.,Positive,0.85
https://www.facebook.com/reel/PID00574/?comment_id=1397040301788694,Rohan,PID00574,Pasta,4,I didn't like it.,Positive,0.9
https://www.facebook.com/reel/PID00526/?comment_id=1397040301788695,Riya,PID00526,Fried Rice,5,Worth the price.,Positive,0.91
https://www.facebook.com/reel/PID00559/?comment_id=1397040301788696,Sai,PID00559,Noodles,2,Not fresh.,Negative,-0.17
https://www.facebook.com/reel/PID00529/?comment_id=1397040301788697,Anaya,PID00529,Noodles,5,Amazing flavor!,Positive,0.81
https://www.facebook.com/reel/PID00522/?comment_id=1397040301788698,Anaya,PID00522,Pasta,1,Yummy and satisfying.,Negative,-0.14
https://www.facebook.com/reel/PID00573/?comment_id=1397040301788699,Saanvi,PID00573,Biryani,1,Superb quality!,Negative,-0.05
https://www.facebook.com/reel/PID00535/?comment_id=1397040301788700,Sara,PID00535,Idli,1,Not fresh.,Negative,-0.15
https://www.facebook.com/reel/PID00515/?comment_id=1397040301788701,Riya,PID00515,Burger,4,Not fresh.,Positive,0.96
https://www.facebook.com/reel/PID00582/?comment_id=1397040301788702,Ira,PID00582,Biryani,5,Could be better.,Positive,0.93
https://www.facebook.com/reel/PID00600/?comment_id=1397040301788703,Rohan,PID00600,Dosa,2,Bad experience.,Negative,-0.18
https://www.facebook.com/reel/PID00614/?comment_id=1397040301788704,Aditya,PID00614,Fried Rice,1,Not satisfied.,Negative,-0.11
https://www.facebook.com/reel/PID00509/?comment_id=1397040301788705,Myra,PID00509,Fried Rice,2,Very tasty and enjoyable.,Negative,-0.19
https://www.facebook.com/reel/PID00549/?comment_id=1397040301788706,Vivaan,PID00549,Biryani,5,Perfect meal!,Positive,0.83
https://www.facebook.com/reel/PID00651/?comment_id=1397040301788707,Arjun,PID00651,Pizza,1,Worst food ever.,Negative,-0.16
https://www.facebook.com/reel/PID00667/?comment_id=1397040301788708,Myra,PID00667,Dosa,5,I didn't like it.,Positive,0.87
https://www.facebook.com/reel/PID00632/?comment_id=1397040301788709,Anaya,PID00632,Pizza,3,Perfect meal!,Neutral,0.44
https://www.facebook.com/reel/PID00573/?comment_id=1397040301788710,Krishna,PID00573,Idli,3,Worst food ever.,Neutral,0.56
https://www.facebook.com/reel/PID00647/?comment_id=1397040301788711,Aarav,PID00647,Pasta,4,Amazing flavor!,Positive,0.81
https://www.facebook.com/reel/PID00514/?comment_id=1397040301788712,Rohan,PID00514,Noodles,5,Bad experience.,Positive,0.88
https://www.facebook.com/reel/PID00628/?comment_id=1397040301788713,Ira,PID00628,Sandwich,4,Could be better.,Positive,0.85
https://www.facebook.com/reel/PID00582/?comment_id=1397040301788714,Sai,PID00582,Fried Rice,4,Didn't meet expectations.,Positive,0.81
https://www.facebook.com/reel/PID00586/?comment_id=1397040301788715,Anika,PID00586,Biryani,5,Worth the price.,Positive,0.88
https://www.facebook.com/reel/PID00572/?comment_id=1397040301788716,Ira,PID00572,Idli,1,Could be better.,Negative,-0.11
https://www.facebook.com/reel/PID00501/?comment_id=1397040301788717,Saanvi,PID00501,Idli,1,Great quantity for price.,Negative,-0.14
https://www.facebook.com/reel/PID00619/?comment_id=1397040301788718,Riya,PID00619,Fried Rice,5,Not satisfied.,Positive,0.91
https://www.facebook.com/reel/PID00598/?comment_id=1397040301788719,Aditya,PID00598,Fried Rice,3,I didn't like it.,Neutral,0.42
https://www.facebook.com/reel/PID00587/?comment_id=1397040301788720,Myra,PID00587,Idli,5,Yummy and satisfying.,Positive,0.84
https://www.facebook.com/reel/PID00551/?comment_id=1397040301788721,Sai,PID00551,Idli,2,Terrible packaging.,Negative,-0.02
https://www.facebook.com/reel/PID00647/?comment_id=1397040301788722,Diya,PID00647,Dosa,2,Crispy and delicious.,Negative,-0.05
https://www.facebook.com/reel/PID00521/?comment_id=1397040301788723,Aadhya,PID00521,Idli,1,Could be better.,Negative,-0.05
https://www.facebook.com/reel/PID00562/?comment_id=1397040301788724,Aryan,PID00562,Fried Rice,1,Worst food ever.,Negative,-0.18
https://www.facebook.com/reel/PID00557/?comment_id=1397040301788725,Sara,PID00557,Burger,2,Crispy and delicious.,Negative,-0.05
https://www.facebook.com/reel/PID00582/?comment_id=1397040301788726,Myra,PID00582,Fried Rice,2,Didn't meet expectations.,Negative,-0.14
https://www.facebook.com/reel/PID00586/?comment_id=1397040301788727,Rohan,PID00586,Dosa,3,Great quantity for price.,Neutral,0.46
https://www.facebook.com/reel/PID00525/?comment_id=1397040301788728,Riya,PID00525,Idli,4,Worst food ever.,Positive,0.97
https://www.facebook.com/reel/PID00638/?comment_id=1397040301788729,Myra,PID00638,Sandwich,1,Not satisfied.,Negative,-0.05
https://www.facebook.com/reel/PID00691/?comment_id=1397040301788730,Anika,PID00691,Momo,1,Didn't meet expectations.,Negative,-0.19
https://www.facebook.com/reel/PID00651/?comment_id=1397040301788731,Rohan,PID00651,Sandwich,3,Too spicy but good.,Neutral,0.54
https://www.facebook.com/reel/PID00608/?comment_id=1397040301788732,Aarav,PID00608,Sandwich,4,Too spicy but good.,Positive,0.9
https://www.facebook.com/reel/PID00588/?comment_id=1397040301788733,Arjun,PID00588,Burger,4,Too spicy but good.,Positive,0.99
https://www.facebook.com/reel/PID00629/?comment_id=1397040301788734,Anaya,PID00629,Noodles,2,Crispy and delicious.,Negative,-0.18
https://www.facebook.com/reel/PID00601/?comment_id=1397040301788735,Rohan,PID00601,Pizza,2,I will order again!,Negative,-0.13
https://www.facebook.com/reel/PID00592/?comment_id=1397040301788736,Arjun,PID00592,Momo,5,Loved the taste!,Positive,0.85
https://www.facebook.com/reel/PID00523/?comment_id=1397040301788737,Krishna,PID00523,Momo,3,Worst food ever.,Neutral,0.58
https://www.facebook.com/reel/PID00593/?comment_id=1397040301788738,Riya,PID00593,Biryani,5,Not fresh.,Positive,0.88
https://www.facebook.com/reel/PID00581/?comment_id=1397040301788739,Rohan,PID00581,Dosa,5,Could be better.,Positive,0.89
https://www.facebook.com/reel/PID00658/?comment_id=1397040301788740,Anika,PID00658,Pasta,3,Great quantity for price.,Neutral,0.44
https://www.facebook.com/reel/PID00615/?comment_id=1397040301788741,Myra,PID00615,Fried Rice,4,Not fresh.,Positive,0.85
https://www.facebook.com/reel/PID00560/?comment_id=1397040301788742,Diya,PID00560,Sandwich,5,Delivery was late.,Positive,0.95
https://www.facebook.com/reel/PID00574/?comment_id=1397040301788743,Sai,PID00574,Idli,5,Could be better.,Positive,0.96
https://www.facebook.com/reel/PID00652/?comment_id=1397040301788744,Riya,PID00652,Sandwich,5,Crispy and delicious.,Positive,0.97
https://www.facebook.com/reel/PID00610/?comment_id=1397040301788745,Riya,PID00610,Noodles,1,Didn't meet expectations.,Negative,-0.17
https://www.facebook.com/reel/PID00678/?comment_id=1397040301788746,Aadhya,PID00678,Dosa,1,Could be better.,Negative,-0.19
https://www.facebook.com/reel/PID00656/?comment_id=1397040301788747,Riya,PID00656,Pasta,2,Amazing flavor!,Negative,-0.01
https://www.facebook.com/reel/PID00599/?comment_id=1397040301788748,Myra,PID00599,Dosa,1,Too spicy but good.,Negative,-0.17
https://www.facebook.com/reel/PID00700/?comment_id=1397040301788749,Aadhya,PID00700,Idli,3,Not fresh.,Neutral,0.47
https://www.facebook.com/reel/PID00592/?comment_id=1397040301788750,Arjun,PID00592,Biryani,2,Superb quality!,Negative,-0.09
https://www.facebook.com/reel/PID00529/?comment_id=1397040301788751,Sara,PID00529,Idli,1,Not satisfied.,Negative,-0.11
https://www.facebook.com/reel/PID00557/?comment_id=1397040301788752,Sara,PID00557,Dosa,3,Terrible packaging.,Neutral,0.51
https://www.facebook.com/reel/PID00579/?comment_id=1397040301788753,Anaya,PID00579,Pizza,2,Not fresh.,Negative,-0.11
https://www.facebook.com/reel/PID00562/?comment_id=1397040301788754,Rohan,PID00562,Noodles,1,Very tasty and enjoyable.,Negative,-0.19
https://www.facebook.com/reel/PID00617/?comment_id=1397040301788755,Sai,PID00617,Pasta,5,I didn't like it.,Positive,0.87
https://www.facebook.com/reel/PID00522/?comment_id=1397040301788756,Aarav,PID00522,Burger,2,Amazing flavor!,Negative,-0.11
https://www.facebook.com/reel/PID00632/?comment_id=1397040301788757,Krishna,PID00632,Biryani,5,Loved the taste!,Positive,0.96
https://www.facebook.com/reel/PID00584/?comment_id=1397040301788758,Sai,PID00584,Sandwich,1,Worst food ever.,Negative,-0.02
https://www.facebook.com/reel/PID00613/?comment_id=1397040301788759,Aditya,PID00613,Dosa,2,Amazing flavor!,Negative,-0.16
https://www.facebook.com/reel/PID00550/?comment_id=1397040301788760,Krishna,PID00550,Fried Rice,1,Too spicy but good.,Negative,-0.05
https://www.facebook.com/reel/PID00563/?comment_id=1397040301788761,Aditya,PID00563,Fried Rice,5,Worth the price.,Positive,0.99
https://www.facebook.com/reel/PID00629/?comment_id=1397040301788762,Saanvi,PID00629,Pizza,2,Didn't meet expectations.,Negative,-0.05
https://www.facebook.com/reel/PID00683/?comment_id=1397040301788763,Rohan,PID00683,Idli,4,Loved the taste!,Positive,0.94
https://www.facebook.com/reel/PID00627/?comment_id=1397040301788764,Diya,PID00627,Sandwich,5,Perfect meal!,Positive,0.85
https://www.facebook.com/reel/PID00660/?comment_id=1397040301788765,Sai,PID00660,Idli,2,Worst food ever.,Negative,-0.14
https://www.facebook.com/reel/PID00509/?comment_id=1397040301788766,Aryan,PID00509,Dosa,1,Bad experience.,Negative,-0.02
https://www.facebook.com/reel/PID00501/?comment_id=1397040301788767,Aarav,PID00501,Pasta,3,Not satisfied.,Neutral,0.56
https://www.facebook.com/reel/PID00696/?comment_id=1397040301788768,Vivaan,PID00696,Noodles,1,Didn't meet expectations.,Negative,-0.13
https://www.facebook.com/reel/PID00550/?comment_id=1397040301788769,Ira,PID00550,Pasta,4,Delivery was late.,Positive,0.82
https://www.facebook.com/reel/PID00507/?comment_id=1397040301788770,Arjun,PID00507,Fried Rice,3,Amazing flavor!,Neutral,0.55
https://www.facebook.com/reel/PID00614/?comment_id=1397040301788771,Ishaan,PID00614,Burger,1,Worst food ever.,Negative,-0.13
https://www.facebook.com/reel/PID00527/?comment_id=1397040301788772,Sai,PID00527,Noodles,2,Worst food ever.,Negative,-0.11
https://www.facebook.com/reel/PID00584/?comment_id=1397040301788773,Riya,PID00584,Dosa,1,Could be better.,Negative,-0.06
https://www.facebook.com/reel/PID00593/?comment_id=1397040301788774,Sai,PID00593,Pasta,1,Too spicy but good.,Negative,-0.13
https://www.facebook.com/reel/PID00621/?comment_id=1397040301788775,Prisha,PID00621,Biryani,1,Didn't meet expectations.,Negative,-0.12
https://www.facebook.com/reel/PID00560/?comment_id=1397040301788776,Myra,PID00560,Burger,3,Worth the price.,Neutral,0.56
https://www.facebook.com/reel/PID00548/?comment_id=1397040301788777,Myra,PID00548,Noodles,2,Amazing flavor!,Negative,-0.18
https://www.facebook.com/reel/PID00691/?comment_id=1397040301788778,Anaya,PID00691,Burger,3,I didn't like it.,Neutral,0.57
https://www.facebook.com/reel/PID00605/?comment_id=1397040301788779,Prisha,PID00605,Pizza,2,Great quantity for price.,Negative,-0.11
https://www.facebook.com/reel/PID00634/?comment_id=1397040301788780,Aditya,PID00634,Momo,2,Too spicy but good.,Negative,-0.06
https://www.facebook.com/reel/PID00695/?comment_id=1397040301788781,Riya,PID00695,Dosa,4,Loved the taste!,Positive,0.96
https://www.facebook.com/reel/PID00620/?comment_id=1397040301788782,Rohan,PID00620,Idli,5,Too spicy but good.,Positive,0.83
https://www.facebook.com/reel/PID00505/?comment_id=1397040301788783,Sara,PID00505,Biryani,1,Too spicy but good.,Negative,-0.13
https://www.facebook.com/reel/PID00508/?comment_id=1397040301788784,Aryan,PID00508,Pizza,4,Perfect meal!,Positive,0.85
https://www.facebook.com/reel/PID00520/?comment_id=1397040301788785,Aadhya,PID00520,Burger,4,Amazing flavor!,Positive,0.91
https://www.facebook.com/reel/PID00577/?comment_id=1397040301788786,Aarav,PID00577,Sandwich,2,I will order again!,Negative,-0.15
https://www.facebook.com/reel/PID00517/?comment_id=1397040301788787,Krishna,PID00517,Fried Rice,3,Crispy and delicious.,Neutral,0.44
https://www.facebook.com/reel/PID00598/?comment_id=1397040301788788,Krishna,PID00598,Momo,2,Great quantity for price.,Negative,-0.19
https://www.facebook.com/reel/PID00553/?comment_id=1397040301788789,Anaya,PID00553,Momo,1,Not satisfied.,Negative,-0.05
https://www.facebook.com/reel/PID00543/?comment_id=1397040301788790,Diya,PID00543,Sandwich,3,Delivery was late.,Neutral,0.41
https://www.facebook.com/reel/PID00696/?comment_id=1397040301788791,Aadhya,PID00696,Burger,3,Yummy and satisfying.,Neutral,0.44
https://www.facebook.com/reel/PID00543/?comment_id=1397040301788792,Krishna,PID00543,Momo,1,Very tasty and enjoyable.,Negative,0
https://www.facebook.com/reel/PID00516/?comment_id=1397040301788793,Saanvi,PID00516,Momo,2,Not satisfied.,Negative,-0.19
https://www.facebook.com/reel/PID00650/?comment_id=1397040301788794,Diya,PID00650,Idli,4,I will order again!,Positive,0.96
https://www.facebook.com/reel/PID00530/?comment_id=1397040301788795,Anika,PID00530,Biryani,5,Great quantity for price.,Positive,0.82
https://www.facebook.com/reel/PID00542/?comment_id=1397040301788796,Vihaan,PID00542,Noodles,1,Perfect meal!,Negative,-0.19
https://www.facebook.com/reel/PID00627/?comment_id=1397040301788797,Aarav,PID00627,Momo,4,Perfect meal!,Positive,0.84
https://www.facebook.com/reel/PID00682/?comment_id=1397040301788798,Diya,PID00682,Pasta,5,Not fresh.,Positive,0.86
https://www.facebook.com/reel/PID00507/?comment_id=1397040301788799,Sara,PID00507,Momo,5,Superb quality!,Positive,0.85
https://www.facebook.com/reel/PID00543/?comment_id=1397040301788800,Anika,PID00543,Sandwich,4,Loved the taste!,Positive,0.84
https://www.facebook.com/reel/PID00637/?comment_id=1397040301788801,Ishaan,PID00637,Dosa,1,Didn't meet expectations.,Negative,-0.14
https://www.facebook.com/reel/PID00653/?comment_id=1397040301788802,Rohan,PID00653,Pizza,1,Very tasty and enjoyable.,Negative,-0.04
https://www.facebook.com/reel/PID00510/?comment_id=1397040301788803,Krishna,PID00510,Biryani,4,Perfect meal!,Positive,0.82
https://www.facebook.com/reel/PID00592/?comment_id=1397040301788804,Ira,PID00592,Pizza,1,Too spicy but good.,Negative,-0.19
https://www.facebook.com/reel/PID00527/?comment_id=1397040301788805,Rohan,PID00527,Dosa,4,Loved the taste!,Positive,0.82
https://www.facebook.com/reel/PID00525/?comment_id=1397040301788806,Arjun,PID00525,Idli,3,Bad experience.,Neutral,0.53
https://www.facebook.com/reel/PID00639/?comment_id=1397040301788807,Arjun,PID00639,Idli,2,Didn't meet expectations.,Negative,-0.04
https://www.facebook.com/reel/PID00660/?comment_id=1397040301788808,Prisha,PID00660,Pizza,2,Amazing flavor!,Negative,-0.06
https://www.facebook.com/reel/PID00546/?comment_id=1397040301788809,Aryan,PID00546,Sandwich,1,Delivery was late.,Negative,-0.17
https://www.facebook.com/reel/PID00537/?comment_id=1397040301788810,Krishna,PID00537,Momo,4,Crispy and delicious.,Positive,0.93
https://www.facebook.com/reel/PID00552/?comment_id=1397040301788811,Anaya,PID00552,Dosa,3,Amazing flavor!,Neutral,0.55
https://www.facebook.com/reel/PID00584/?comment_id=1397040301788812,Rohan,PID00584,Fried Rice,4,Didn't meet expectations.,Positive,0.99
https://www.facebook.com/reel/PID00505/?comment_id=1397040301788813,Riya,PID00505,Fried Rice,3,Yummy and satisfying.,Neutral,0.48
https://www.facebook.com/reel/PID00553/?comment_id=1397040301788814,Aryan,PID00553,Pizza,3,Not satisfied.,Neutral,0.58
https://www.facebook.com/reel/PID00593/?comment_id=1397040301788815,Aadhya,PID00593,Burger,2,Worth the price.,Negative,-0.05
https://www.facebook.com/reel/PID00629/?comment_id=1397040301788816,Ishaan,PID00629,Pasta,3,Terrible packaging.,Neutral,0.5
https://www.facebook.com/reel/PID00597/?comment_id=1397040301788817,Vivaan,PID00597,Biryani,5,Worth the price.,Positive,0.87
https://www.facebook.com/reel/PID00681/?comment_id=1397040301788818,Saanvi,PID00681,Idli,4,Very tasty and enjoyable.,Positive,0.86
https://www.facebook.com/reel/PID00640/?comment_id=1397040301788819,Vihaan,PID00640,Noodles,1,Crispy and delicious.,Negative,-0.12
https://www.facebook.com/reel/PID00562/?comment_id=1397040301788820,Vivaan,PID00562,Fried Rice,2,Not satisfied.,Negative,-0.16
https://www.facebook.com/reel/PID00530/?comment_id=1397040301788821,Aditya,PID00530,Fried Rice,1,Superb quality!,Negative,-0.09
https://www.facebook.com/reel/PID00645/?comment_id=1397040301788822,Aarav,PID00645,Burger,3,Bad experience.,Neutral,0.53
https://www.facebook.com/reel/PID00518/?comment_id=1397040301788823,Arjun,PID00518,Dosa,3,Terrible packaging.,Neutral,0.43
https://www.facebook.com/reel/PID00700/?comment_id=1397040301788824,Ishaan,PID00700,Momo,3,Very tasty and enjoyable.,Neutral,0.47
https://www.facebook.com/reel/PID00565/?comment_id=1397040301788825,Arjun,PID00565,Pizza,2,Delivery was late.,Negative,-0.15
https://www.facebook.com/reel/PID00527/?comment_id=1397040301788826,Myra,PID00527,Burger,3,Worst food ever.,Neutral,0.4
https://www.facebook.com/reel/PID00585/?comment_id=1397040301788827,Anika,PID00585,Fried Rice,3,Great quantity for price.,Neutral,0.51
https://www.facebook.com/reel/PID00551/?comment_id=1397040301788828,Ira,PID00551,Idli,2,I will order again!,Negative,-0.12
https://www.facebook.com/reel/PID00662/?comment_id=1397040301788829,Aarav,PID00662,Dosa,4,Too spicy but good.,Positive,0.83
https://www.facebook.com/reel/PID00615/?comment_id=1397040301788830,Aditya,PID00615,Fried Rice,5,Worth the price.,Positive,0.85
https://www.facebook.com/reel/PID00650/?comment_id=1397040301788831,Krishna,PID00650,Momo,2,Too spicy but good.,Negative,-0.14
https://www.facebook.com/reel/PID00648/?comment_id=1397040301788832,Aarav,PID00648,Pizza,5,Delivery was late.,Positive,0.85
https://www.facebook.com/reel/PID00561/?comment_id=1397040301788833,Arjun,PID00561,Dosa,3,I will order again!,Neutral,0.49
https://www.facebook.com/reel/PID00687/?comment_id=1397040301788834,Aarav,PID00687,Fried Rice,3,Perfect meal!,Neutral,0.6
https://www.facebook.com/reel/PID00501/?comment_id=1397040301788835,Aryan,PID00501,Pasta,2,Yummy and satisfying.,Negative,-0.03
https://www.facebook.com/reel/PID00672/?comment_id=1397040301788836,Prisha,PID00672,Sandwich,5,Delivery was late.,Positive,0.86
https://www.facebook.com/reel/PID00684/?comment_id=1397040301788837,Ishaan,PID00684,Pizza,4,I will order again!,Positive,0.84
https://www.facebook.com/reel/PID00540/?comment_id=1397040301788838,Rohan,PID00540,Biryani,1,Crispy and delicious.,Negative,-0.07
https://www.facebook.com/reel/PID00678/?comment_id=1397040301788839,Riya,PID00678,Dosa,5,Very tasty and enjoyable.,Positive,0.98
https://www.facebook.com/reel/PID00523/?comment_id=1397040301788840,Aryan,PID00523,Burger,1,Could be better.,Negative,-0.14
https://www.facebook.com/reel/PID00581/?comment_id=1397040301788841,Sara,PID00581,Dosa,2,Not fresh.,Negative,0
https://www.facebook.com/reel/PID00614/?comment_id=1397040301788842,Aryan,PID00614,Pizza,4,Bad experience.,Positive,0.91
https://www.facebook.com/reel/PID00688/?comment_id=1397040301788843,Aryan,PID00688,Fried Rice,5,Bad experience.,Positive,0.93
https://www.facebook.com/reel/PID00563/?comment_id=1397040301788844,Anika,PID00563,Pizza,3,Could be better.,Neutral,0.54
https://www.facebook.com/reel/PID00604/?comment_id=1397040301788845,Riya,PID00604,Momo,4,Great quantity for price.,Positive,0.85
https://www.facebook.com/reel/PID00670/?comment_id=1397040301788846,Vivaan,PID00670,Burger,2,Not fresh.,Negative,-0.02
https://www.facebook.com/reel/PID00630/?comment_id=1397040301788847,Myra,PID00630,Fried Rice,2,Great quantity for price.,Negative,-0.12
https://www.facebook.com/reel/PID00603/?comment_id=1397040301788848,Arjun,PID00603,Noodles,2,Superb quality!,Negative,-0.01
https://www.facebook.com/reel/PID00602/?comment_id=1397040301788849,Sara,PID00602,Noodles,4,Loved the taste!,Positive,0.91
https://www.facebook.com/reel/PID00597/?comment_id=1397040301788850,Myra,PID00597,Pasta,4,Crispy and delicious.,Positive,0.91
https://www.facebook.com/reel/PID00610/?comment_id=1397040301788851,Aditya,PID00610,Pasta,4,Not fresh.,Positive,0.99
https://www.facebook.com/reel/PID00668/?comment_id=1397040301788852,Arjun,PID00668,Pasta,1,Yummy and satisfying.,Negative,-0.07
https://www.facebook.com/reel/PID00540/?comment_id=1397040301788853,Sara,PID00540,Idli,1,Yummy and satisfying.,Negative,-0.08
https://www.facebook.com/reel/PID00510/?comment_id=1397040301788854,Krishna,PID00510,Noodles,4,Not satisfied.,Positive,0.84
https://www.facebook.com/reel/PID00610/?comment_id=1397040301788855,Prisha,PID00610,Momo,3,Great quantity for price.,Neutral,0.48
https://www.facebook.com/reel/PID00693/?comment_id=1397040301788856,Anika,PID00693,Fried Rice,3,Crispy and delicious.,Neutral,0.59
https://www.facebook.com/reel/PID00581/?comment_id=1397040301788857,Riya,PID00581,Dosa,3,Not fresh.,Neutral,0.48
https://www.facebook.com/reel/PID00685/?comment_id=1397040301788858,Sai,PID00685,Burger,3,Didn't meet expectations.,Neutral,0.48
https://www.facebook.com/reel/PID00526/?comment_id=1397040301788859,Vivaan,PID00526,Fried Rice,3,Worst food ever.,Neutral,0.45
https://www.facebook.com/reel/PID00595/?comment_id=1397040301788860,Aarav,PID00595,Sandwich,4,Worst food ever.,Positive,0.85
https://www.facebook.com/reel/PID00629/?comment_id=1397040301788861,Anika,PID00629,Pizza,1,Delivery was late.,Negative,-0.03
https://www.facebook.com/reel/PID00582/?comment_id=1397040301788862,Rohan,PID00582,Pasta,1,Yummy and satisfying.,Negative,-0.02
https://www.facebook.com/reel/PID00589/?comment_id=1397040301788863,Saanvi,PID00589,Momo,4,Crispy and delicious.,Positive,0.81
https://www.facebook.com/reel/PID00612/?comment_id=1397040301788864,Diya,PID00612,Pasta,3,Loved the taste!,Neutral,0.43
https://www.facebook.com/reel/PID00525/?comment_id=1397040301788865,Anaya,PID00525,Pizza,1,Worth the price.,Negative,-0.16
https://www.facebook.com/reel/PID00618/?comment_id=1397040301788866,Krishna,PID00618,Momo,5,Too spicy but good.,Positive,0.87
https://www.facebook.com/reel/PID00662/?comment_id=1397040301788867,Anika,PID00662,Burger,1,Worth the price.,Negative,-0.15
https://www.facebook.com/reel/PID00565/?comment_id=1397040301788868,Ira,PID00565,Pizza,2,Bad experience.,Negative,-0.03
https://www.facebook.com/reel/PID00563/?comment_id=1397040301788869,Rohan,PID00563,Dosa,5,I will order again!,Positive,0.88
https://www.facebook.com/reel/PID00694/?comment_id=1397040301788870,Krishna,PID00694,Fried Rice,4,Too spicy but good.,Positive,0.97
https://www.facebook.com/reel/PID00630/?comment_id=1397040301788871,Vihaan,PID00630,Pizza,5,Amazing flavor!,Positive,0.82
https://www.facebook.com/reel/PID00504/?comment_id=1397040301788872,Diya,PID00504,Idli,5,Too spicy but good.,Positive,0.96
https://www.facebook.com/reel/PID00611/?comment_id=1397040301788873,Vihaan,PID00611,Noodles,5,Could be better.,Positive,0.94
https://www.facebook.com/reel/PID00654/?comment_id=1397040301788874,Arjun,PID00654,Dosa,3,Very tasty and enjoyable.,Neutral,0.54
https://www.facebook.com/reel/PID00629/?comment_id=1397040301788875,Prisha,PID00629,Burger,4,Great quantity for price.,Positive,0.99
https://www.facebook.com/reel/PID00544/?comment_id=1397040301788876,Aarav,PID00544,Momo,3,Crispy and delicious.,Neutral,0.49
https://www.facebook.com/reel/PID00540/?comment_id=1397040301788877,Ishaan,PID00540,Fried Rice,1,I will order again!,Negative,-0.01
https://www.facebook.com/reel/PID00534/?comment_id=1397040301788878,Rohan,PID00534,Fried Rice,4,Worth the price.,Positive,0.91
https://www.facebook.com/reel/PID00525/?comment_id=1397040301788879,Aryan,PID00525,Momo,4,Crispy and delicious.,Positive,0.88
https://www.facebook.com/reel/PID00600/?comment_id=1397040301788880,Arjun,PID00600,Momo,3,Terrible packaging.,Neutral,0.51
https://www.facebook.com/reel/PID00530/?comment_id=1397040301788881,Vihaan,PID00530,Burger,3,I didn't like it.,Neutral,0.43
https://www.facebook.com/reel/PID00592/?comment_id=1397040301788882,Sai,PID00592,Momo,4,Superb quality!,Positive,0.83
https://www.facebook.com/reel/PID00628/?comment_id=1397040301788883,Prisha,PID00628,Momo,1,Very tasty and enjoyable.,Negative,-0.04
https://www.facebook.com/reel/PID00566/?comment_id=1397040301788884,Diya,PID00566,Idli,2,I will order again!,Negative,-0.17
https://www.facebook.com/reel/PID00575/?comment_id=1397040301788885,Vivaan,PID00575,Pasta,3,Perfect meal!,Neutral,0.5
https://www.facebook.com/reel/PID00651/?comment_id=1397040301788886,Anaya,PID00651,Idli,4,Terrible packaging.,Positive,0.94
https://www.facebook.com/reel/PID00595/?comment_id=1397040301788887,Aarav,PID00595,Noodles,3,Worst food ever.,Neutral,0.53
https://www.facebook.com/reel/PID00531/?comment_id=1397040301788888,Riya,PID00531,Fried Rice,5,Amazing flavor!,Positive,0.96
https://www.facebook.com/reel/PID00522/?comment_id=1397040301788889,Anaya,PID00522,Biryani,4,Could be better.,Positive,0.86
https://www.facebook.com/reel/PID00530/?comment_id=1397040301788890,Diya,PID00530,Dosa,5,Great quantity for price.,Positive,0.92
https://www.facebook.com/reel/PID00632/?comment_id=1397040301788891,Riya,PID00632,Biryani,5,Amazing flavor!,Positive,0.94
https://www.facebook.com/reel/PID00645/?comment_id=1397040301788892,Krishna,PID00645,Momo,4,Could be better.,Positive,0.87
https://www.facebook.com/reel/PID00681/?comment_id=1397040301788893,Prisha,PID00681,Noodles,5,Great quantity for price.,Positive,0.84
https://www.facebook.com/reel/PID00672/?comment_id=1397040301788894,Prisha,PID00672,Pasta,5,Delivery was late.,Positive,0.89
https://www.facebook.com/reel/PID00628/?comment_id=1397040301788895,Myra,PID00628,Momo,3,Loved the taste!,Neutral,0.48
https://www.facebook.com/reel/PID00616/?comment_id=1397040301788896,Vihaan,PID00616,Pasta,3,Worst food ever.,Neutral,0.46
https://www.facebook.com/reel/PID00535/?comment_id=1397040301788897,Anaya,PID00535,Noodles,3,Crispy and delicious.,Neutral,0.47
https://www.facebook.com/reel/PID00572/?comment_id=1397040301788898,Aadhya,PID00572,Pizza,1,Too spicy but good.,Negative,-0.03
https://www.facebook.com/reel/PID00683/?comment_id=1397040301788899,Riya,PID00683,Noodles,5,Didn't meet expectations.,Positive,0.93
https://www.facebook.com/reel/PID00623/?comment_id=1397040301788900,Aditya,PID00623,Pizza,1,Perfect meal!,Negative,-0.2
https://www.facebook.com/reel/PID00586/?comment_id=1397040301788901,Prisha,PID00586,Pizza,2,Not satisfied.,Negative,-0.15
https://www.facebook.com/reel/PID00620/?comment_id=1397040301788902,Arjun,PID00620,Dosa,3,I will order again!,Neutral,0.57
https://www.facebook.com/reel/PID00646/?comment_id=1397040301788903,Vivaan,PID00646,Fried Rice,3,Not fresh.,Neutral,0.52
https://www.facebook.com/reel/PID00617/?comment_id=1397040301788904,Saanvi,PID00617,Sandwich,3,Not satisfied.,Neutral,0.6
https://www.facebook.com/reel/PID00517/?comment_id=1397040301788905,Diya,PID00517,Dosa,5,Could be better.,Positive,0.94
https://www.facebook.com/reel/PID00571/?comment_id=1397040301788906,Riya,PID00571,Pasta,5,Worst food ever.,Positive,0.96
https://www.facebook.com/reel/PID00636/?comment_id=1397040301788907,Riya,PID00636,Dosa,3,I didn't like it.,Neutral,0.48
https://www.facebook.com/reel/PID00558/?comment_id=1397040301788908,Krishna,PID00558,Pasta,3,Delivery was late.,Neutral,0.56
https://www.facebook.com/reel/PID00536/?comment_id=1397040301788909,Saanvi,PID00536,Pizza,2,Worth the price.,Negative,-0.12
https://www.facebook.com/reel/PID00562/?comment_id=1397040301788910,Saanvi,PID00562,Biryani,1,Perfect meal!,Negative,-0.18
https://www.facebook.com/reel/PID00671/?comment_id=1397040301788911,Riya,PID00671,Pasta,1,Perfect meal!,Negative,-0.04
https://www.facebook.com/reel/PID00568/?comment_id=1397040301788912,Vivaan,PID00568,Biryani,4,Too spicy but good.,Positive,0.82
https://www.facebook.com/reel/PID00685/?comment_id=1397040301788913,Aadhya,PID00685,Pasta,1,Delivery was late.,Negative,-0.12
https://www.facebook.com/reel/PID00613/?comment_id=1397040301788914,Vihaan,PID00613,Idli,4,Not fresh.,Positive,0.82
https://www.facebook.com/reel/PID00644/?comment_id=1397040301788915,Vivaan,PID00644,Pizza,5,Worst food ever.,Positive,0.83
https://www.facebook.com/reel/PID00584/?comment_id=1397040301788916,Vihaan,PID00584,Pasta,3,Great quantity for price.,Neutral,0.5
https://www.facebook.com/reel/PID00535/?comment_id=1397040301788917,Ira,PID00535,Biryani,4,Crispy and delicious.,Positive,1
https://www.facebook.com/reel/PID00682/?comment_id=1397040301788918,Saanvi,PID00682,Momo,3,Superb quality!,Neutral,0.53
https://www.facebook.com/reel/PID00694/?comment_id=1397040301788919,Ira,PID00694,Pizza,3,Worth the price.,Neutral,0.53
https://www.facebook.com/reel/PID00564/?comment_id=1397040301788920,Saanvi,PID00564,Fried Rice,5,Loved the taste!,Positive,0.87
https://www.facebook.com/reel/PID00541/?comment_id=1397040301788921,Sai,PID00541,Pizza,1,Terrible packaging.,Negative,-0.15
https://www.facebook.com/reel/PID00583/?comment_id=1397040301788922,Aryan,PID00583,Fried Rice,5,I will order again!,Positive,0.81
https://www.facebook.com/reel/PID00624/?comment_id=1397040301788923,Vihaan,PID00624,Pasta,4,Could be better.,Positive,0.88
https://www.facebook.com/reel/PID00584/?comment_id=1397040301788924,Vivaan,PID00584,Sandwich,5,Worth the price.,Positive,0.9
https://www.facebook.com/reel/PID00512/?comment_id=1397040301788925,Aryan,PID00512,Momo,4,Too spicy but good.,Positive,0.9
https://www.facebook.com/reel/PID00666/?comment_id=1397040301788926,Riya,PID00666,Dosa,5,Crispy and delicious.,Positive,0.84
https://www.facebook.com/reel/PID00530/?comment_id=1397040301788927,Vivaan,PID00530,Biryani,5,Superb quality!,Positive,0.82
https://www.facebook.com/reel/PID00582/?comment_id=1397040301788928,Aadhya,PID00582,Pasta,2,Delivery was late.,Negative,-0.14
https://www.facebook.com/reel/PID00589/?comment_id=1397040301788929,Aditya,PID00589,Noodles,3,Very tasty and enjoyable.,Neutral,0.46
https://www.facebook.com/reel/PID00554/?comment_id=1397040301788930,Sara,PID00554,Sandwich,4,Yummy and satisfying.,Positive,0.88
https://www.facebook.com/reel/PID00585/?comment_id=1397040301788931,Vivaan,PID00585,Noodles,2,Crispy and delicious.,Negative,-0.18
https://www.facebook.com/reel/PID00605/?comment_id=1397040301788932,Aadhya,PID00605,Momo,4,Delivery was late.,Positive,0.84
https://www.facebook.com/reel/PID00607/?comment_id=1397040301788933,Vihaan,PID00607,Fried Rice,4,Didn't meet expectations.,Positive,0.94
https://www.facebook.com/reel/PID00511/?comment_id=1397040301788934,Vihaan,PID00511,Burger,1,Amazing flavor!,Negative,-0.06
https://www.facebook.com/reel/PID00679/?comment_id=1397040301788935,Arjun,PID00679,Fried Rice,2,Superb quality!,Negative,-0.15
https://www.facebook.com/reel/PID00550/?comment_id=1397040301788936,Aarav,PID00550,Pizza,3,Bad experience.,Neutral,0.56
https://www.facebook.com/reel/PID00613/?comment_id=1397040301788937,Sai,PID00613,Momo,4,Amazing flavor!,Positive,0.84
https://www.facebook.com/reel/PID00696/?comment_id=1397040301788938,Aryan,PID00696,Momo,2,Worst food ever.,Negative,-0.18
https://www.facebook.com/reel/PID00699/?comment_id=1397040301788939,Anika,PID00699,Dosa,5,I will order again!,Positive,0.94
https://www.facebook.com/reel/PID00610/?comment_id=1397040301788940,Vihaan,PID00610,Idli,2,I didn't like it.,Negative,-0.19
https://www.facebook.com/reel/PID00574/?comment_id=1397040301788941,Ira,PID00574,Sandwich,3,Didn't meet expectations.,Neutral,0.56
https://www.facebook.com/reel/PID00646/?comment_id=1397040301788942,Vivaan,PID00646,Biryani,1,Very tasty and enjoyable.,Negative,-0.1
https://www.facebook.com/reel/PID00562/?comment_id=1397040301788943,Anika,PID00562,Dosa,5,Great quantity for price.,Positive,0.85
https://www.facebook.com/reel/PID00696/?comment_id=1397040301788944,Ishaan,PID00696,Biryani,2,Delivery was late.,Negative,-0.09
https://www.facebook.com/reel/PID00635/?comment_id=1397040301788945,Arjun,PID00635,Momo,4,Not satisfied.,Positive,0.83
https://www.facebook.com/reel/PID00694/?comment_id=1397040301788946,Prisha,PID00694,Pizza,3,Not fresh.,Neutral,0.41
https://www.facebook.com/reel/PID00508/?comment_id=1397040301788947,Ishaan,PID00508,Momo,3,Could be better.,Neutral,0.55
https://www.facebook.com/reel/PID00517/?comment_id=1397040301788948,Rohan,PID00517,Momo,2,Didn't meet expectations.,Negative,-0.17
https://www.facebook.com/reel/PID00678/?comment_id=1397040301788949,Krishna,PID00678,Biryani,3,Great quantity for price.,Neutral,0.53
https://www.facebook.com/reel/PID00679/?comment_id=1397040301788950,Aryan,PID00679,Sandwich,2,Worst food ever.,Negative,-0.05
https://www.facebook.com/reel/PID00616/?comment_id=1397040301788951,Ira,PID00616,Biryani,1,Not satisfied.,Negative,-0.09
https://www.facebook.com/reel/PID00645/?comment_id=1397040301788952,Vihaan,PID00645,Biryani,3,I will order again!,Neutral,0.46
https://www.facebook.com/reel/PID00502/?comment_id=1397040301788953,Aditya,PID00502,Idli,5,Worst food ever.,Positive,0.94
https://www.facebook.com/reel/PID00534/?comment_id=1397040301788954,Anaya,PID00534,Fried Rice,3,Not fresh.,Neutral,0.49
https://www.facebook.com/reel/PID00557/?comment_id=1397040301788955,Diya,PID00557,Momo,4,Not fresh.,Positive,0.92
https://www.facebook.com/reel/PID00542/?comment_id=1397040301788956,Krishna,PID00542,Burger,4,Bad experience.,Positive,0.82
https://www.facebook.com/reel/PID00664/?comment_id=1397040301788957,Sai,PID00664,Biryani,2,Didn't meet expectations.,Negative,-0.1
https://www.facebook.com/reel/PID00592/?comment_id=1397040301788958,Myra,PID00592,Momo,2,Amazing flavor!,Negative,-0.14
https://www.facebook.com/reel/PID00534/?comment_id=1397040301788959,Arjun,PID00534,Pasta,3,Loved the taste!,Neutral,0.51
https://www.facebook.com/reel/PID00551/?comment_id=1397040301788960,Prisha,PID00551,Dosa,2,Not satisfied.,Negative,-0.18
https://www.facebook.com/reel/PID00626/?comment_id=1397040301788961,Anaya,PID00626,Noodles,5,Terrible packaging.,Positive,0.84
https://www.facebook.com/reel/PID00539/?comment_id=1397040301788962,Anaya,PID00539,Pasta,4,Crispy and delicious.,Positive,0.9
https://www.facebook.com/reel/PID00505/?comment_id=1397040301788963,Aditya,PID00505,Pizza,1,Yummy and satisfying.,Negative,-0.03
https://www.facebook.com/reel/PID00688/?comment_id=1397040301788964,Vihaan,PID00688,Pasta,5,Superb quality!,Positive,0.92
https://www.facebook.com/reel/PID00547/?comment_id=1397040301788965,Sai,PID00547,Fried Rice,5,Could be better.,Positive,0.83
https://www.facebook.com/reel/PID00670/?comment_id=1397040301788966,Anaya,PID00670,Noodles,4,Great quantity for price.,Positive,0.91
https://www.facebook.com/reel/PID00574/?comment_id=1397040301788967,Rohan,PID00574,Idli,2,Very tasty and enjoyable.,Negative,-0.17
https://www.facebook.com/reel/PID00506/?comment_id=1397040301788968,Aarav,PID00506,Noodles,5,Worth the price.,Positive,0.83
https://www.facebook.com/reel/PID00510/?comment_id=1397040301788969,Aarav,PID00510,Fried Rice,3,Worst food ever.,Neutral,0.56
https://www.facebook.com/reel/PID00664/?comment_id=1397040301788970,Sara,PID00664,Burger,1,Very tasty and enjoyable.,Negative,-0.11
https://www.facebook.com/reel/PID00622/?comment_id=1397040301788971,Ira,PID00622,Noodles,4,Too spicy but good.,Positive,0.84
https://www.facebook.com/reel/PID00689/?comment_id=1397040301788972,Aadhya,PID00689,Momo,1,Bad experience.,Negative,-0.16
https://www.facebook.com/reel/PID00643/?comment_id=1397040301788973,Diya,PID00643,Fried Rice,4,Superb quality!,Positive,0.89
https://www.facebook.com/reel/PID00640/?comment_id=1397040301788974,Krishna,PID00640,Burger,5,Not satisfied.,Positive,0.83
https://www.facebook.com/reel/PID00623/?comment_id=1397040301788975,Riya,PID00623,Sandwich,2,I will order again!,Negative,-0.03
https://www.facebook.com/reel/PID00595/?comment_id=1397040301788976,Krishna,PID00595,Pasta,2,Crispy and delicious.,Negative,-0.18
https://www.facebook.com/reel/PID00516/?comment_id=1397040301788977,Riya,PID00516,Idli,1,Worst food ever.,Negative,-0.16
https://www.facebook.com/reel/PID00600/?comment_id=1397040301788978,Vihaan,PID00600,Dosa,5,Not satisfied.,Positive,0.9
https://www.facebook.com/reel/PID00618/?comment_id=1397040301788979,Vivaan,PID00618,Biryani,4,Amazing flavor!,Positive,0.92
https://www.facebook.com/reel/PID00599/?comment_id=1397040301788980,Riya,PID00599,Noodles,3,Worth the price.,Neutral,0.53
https://www.facebook.com/reel/PID00518/?comment_id=1397040301788981,Aadhya,PID00518,Sandwich,2,Not satisfied.,Negative,-0.15
https://www.facebook.com/reel/PID00585/?comment_id=1397040301788982,Riya,PID00585,Fried Rice,2,Didn't meet expectations.,Negative,-0.18
https://www.facebook.com/reel/PID00665/?comment_id=1397040301788983,Krishna,PID00665,Pizza,5,Amazing flavor!,Positive,0.93
https://www.facebook.com/reel/PID00570/?comment_id=1397040301788984,Krishna,PID00570,Pasta,5,Too spicy but good.,Positive,0.85
https://www.facebook.com/reel/PID00631/?comment_id=1397040301788985,Krishna,PID00631,Pizza,2,Loved the taste!,Negative,-0.09
https://www.facebook.com/reel/PID00502/?comment_id=1397040301788986,Aadhya,PID00502,Pizza,3,Not satisfied.,Neutral,0.54
https://www.facebook.com/reel/PID00625/?comment_id=1397040301788987,Ishaan,PID00625,Biryani,4,Yummy and satisfying.,Positive,0.83
https://www.facebook.com/reel/PID00663/?comment_id=1397040301788988,Vivaan,PID00663,Momo,1,Too spicy but good.,Negative,-0.09
https://www.facebook.com/reel/PID00612/?comment_id=1397040301788989,Prisha,PID00612,Pizza,2,Superb quality!,Negative,-0.16
https://www.facebook.com/reel/PID00545/?comment_id=1397040301788990,Anika,PID00545,Burger,5,Crispy and delicious.,Positive,0.82
https://www.facebook.com/reel/PID00637/?comment_id=1397040301788991,Anika,PID00637,Pizza,4,Yummy and satisfying.,Positive,0.96
https://www.facebook.com/reel/PID00514/?comment_id=1397040301788992,Riya,PID00514,Dosa,5,Very tasty and enjoyable.,Positive,0.93
https://www.facebook.com/reel/PID00681/?comment_id=1397040301788993,Anaya,PID00681,Idli,4,Loved the taste!,Positive,0.82
https://www.facebook.com/reel/PID00523/?comment_id=1397040301788994,Aditya,PID00523,Noodles,5,Amazing flavor!,Positive,0.85
https://www.facebook.com/reel/PID00605/?comment_id=1397040301788995,Aadhya,PID00605,Sandwich,2,Worst food ever.,Negative,-0.1
https://www.facebook.com/reel/PID00604/?comment_id=1397040301788996,Krishna,PID00604,Burger,3,Terrible packaging.,Neutral,0.44
https://www.facebook.com/reel/PID00580/?comment_id=1397040301788997,Myra,PID00580,Fried Rice,3,Superb quality!,Neutral,0.45
https://www.facebook.com/reel/PID00674/?comment_id=1397040301788998,Vivaan,PID00674,Momo,4,Very tasty and enjoyable.,Positive,0.9
https://www.facebook.com/reel/PID00550/?comment_id=1397040301788999,Vivaan,PID00550,Biryani,3,Terrible packaging.,Neutral,0.55
https://www.facebook.com/reel/PID00564/?comment_id=1397040301789000,Anaya,PID00564,Pizza,2,Didn't meet expectations.,Negative,-0.13
https://www.facebook.com/reel/PID00697/?comment_id=1397040301789001,Anaya,PID00697,Burger,2,Worth the price.,Negative,-0.1
https://www.facebook.com/reel/PID00565/?comment_id=1397040301789002,Sai,PID00565,Pizza,1,Very tasty and enjoyable.,Negative,-0.19
https://www.facebook.com/reel/PID00504/?comment_id=1397040301789003,Vivaan,PID00504,Sandwich,5,Not fresh.,Positive,0.83
https://www.facebook.com/reel/PID00586/?comment_id=1397040301789004,Rohan,PID00586,Noodles,2,Worst food ever.,Negative,-0.18
https://www.facebook.com/reel/PID00634/?comment_id=1397040301789005,Ira,PID00634,Pizza,5,Superb quality!,Positive,0.93
https://www.facebook.com/reel/PID00671/?comment_id=1397040301789006,Sara,PID00671,Burger,5,I didn't like it.,Positive,0.91
https://www.facebook.com/reel/PID00639/?comment_id=1397040301789007,Anika,PID00639,Pizza,1,Didn't meet expectations.,Negative,-0.17
https://www.facebook.com/reel/PID00509/?comment_id=1397040301789008,Vivaan,PID00509,Biryani,2,Bad experience.,Negative,-0.2
https://www.facebook.com/reel/PID00649/?comment_id=1397040301789009,Ira,PID00649,Burger,1,Didn't meet expectations.,Negative,-0.07
https://www.facebook.com/reel/PID00589/?comment_id=1397040301789010,Sara,PID00589,Biryani,4,Amazing flavor!,Positive,0.96
https://www.facebook.com/reel/PID00657/?comment_id=1397040301789011,Sai,PID00657,Noodles,1,Perfect meal!,Negative,-0.03
https://www.facebook.com/reel/PID00622/?comment_id=1397040301789012,Riya,PID00622,Idli,1,Very tasty and enjoyable.,Negative,-0.02
https://www.facebook.com/reel/PID00675/?comment_id=1397040301789013,Arjun,PID00675,Fried Rice,4,I didn't like it.,Positive,0.87
https://www.facebook.com/reel/PID00502/?comment_id=1397040301789014,Sai,PID00502,Dosa,1,Superb quality!,Negative,-0.01
https://www.facebook.com/reel/PID00641/?comment_id=1397040301789015,Rohan,PID00641,Biryani,5,Terrible packaging.,Positive,0.88
https://www.facebook.com/reel/PID00618/?comment_id=1397040301789016,Aryan,PID00618,Burger,4,Great quantity for price.,Positive,0.88
https://www.facebook.com/reel/PID00515/?comment_id=1397040301789017,Ishaan,PID00515,Noodles,1,Yummy and satisfying.,Negative,-0.04
https://www.facebook.com/reel/PID00661/?comment_id=1397040301789018,Aarav,PID00661,Pizza,4,Terrible packaging.,Positive,0.94
https://www.facebook.com/reel/PID00553/?comment_id=1397040301789019,Riya,PID00553,Pizza,2,Crispy and delicious.,Negative,-0.12
https://www.facebook.com/reel/PID00616/?comment_id=1397040301789020,Sai,PID00616,Dosa,2,Worth the price.,Negative,-0.12
https://www.facebook.com/reel/PID00531/?comment_id=1397040301789021,Diya,PID00531,Biryani,5,Not satisfied.,Positive,0.87
https://www.facebook.com/reel/PID00691/?comment_id=1397040301789022,Rohan,PID00691,Fried Rice,4,Not fresh.,Positive,0.98
https://www.facebook.com/reel/PID00515/?comment_id=1397040301789023,Riya,PID00515,Dosa,4,Delivery was late.,Positive,0.94
https://www.facebook.com/reel/PID00520/?comment_id=1397040301789024,Myra,PID00520,Biryani,4,I will order again!,Positive,0.98
https://www.facebook.com/reel/PID00516/?comment_id=1397040301789025,Ishaan,PID00516,Idli,1,Loved the taste!,Negative,-0.1
https://www.facebook.com/reel/PID00536/?comment_id=1397040301789026,Arjun,PID00536,Pizza,2,Not fresh.,Negative,-0.07
https://www.facebook.com/reel/PID00503/?comment_id=1397040301789027,Rohan,PID00503,Fried Rice,4,Didn't meet expectations.,Positive,0.89
https://www.facebook.com/reel/PID00595/?comment_id=1397040301789028,Sai,PID00595,Sandwich,2,Crispy and delicious.,Negative,-0.15
https://www.facebook.com/reel/PID00655/?comment_id=1397040301789029,Diya,PID00655,Fried Rice,1,Didn't meet expectations.,Negative,-0.2
https://www.facebook.com/reel/PID00538/?comment_id=1397040301789030,Sara,PID00538,Burger,3,Worst food ever.,Neutral,0.46
https://www.facebook.com/reel/PID00695/?comment_id=1397040301789031,Arjun,PID00695,Momo,2,Yummy and satisfying.,Negative,-0.17
https://www.facebook.com/reel/PID00694/?comment_id=1397040301789032,Anaya,PID00694,Pasta,4,Worth the price.,Positive,0.96
https://www.facebook.com/reel/PID00623/?comment_id=1397040301789033,Prisha,PID00623,Fried Rice,4,I will order again!,Positive,0.84
https://www.facebook.com/reel/PID00686/?comment_id=1397040301789034,Krishna,PID00686,Idli,3,Very tasty and enjoyable.,Neutral,0.58
https://www.facebook.com/reel/PID00628/?comment_id=1397040301789035,Aryan,PID00628,Burger,3,I didn't like it.,Neutral,0.59
https://www.facebook.com/reel/PID00556/?comment_id=1397040301789036,Krishna,PID00556,Noodles,3,Terrible packaging.,Neutral,0.55
https://www.facebook.com/reel/PID00550/?comment_id=1397040301789037,Arjun,PID00550,Momo,3,Not satisfied.,Neutral,0.51
https://www.facebook.com/reel/PID00653/?comment_id=1397040301789038,Sai,PID00653,Dosa,4,Bad experience.,Positive,0.88
https://www.facebook.com/reel/PID00609/?comment_id=1397040301789039,Ira,PID00609,Burger,5,Perfect meal!,Positive,0.89
https://www.facebook.com/reel/PID00612/?comment_id=1397040301789040,Rohan,PID00612,Pasta,1,Terrible packaging.,Negative,-0.2
https://www.facebook.com/reel/PID00526/?comment_id=1397040301789041,Diya,PID00526,Idli,5,Amazing flavor!,Positive,0.88
https://www.facebook.com/reel/PID00689/?comment_id=1397040301789042,Vivaan,PID00689,Idli,5,Great quantity for price.,Positive,0.99
https://www.facebook.com/reel/PID00645/?comment_id=1397040301789043,Rohan,PID00645,Noodles,3,Very tasty and enjoyable.,Neutral,0.45
https://www.facebook.com/reel/PID00535/?comment_id=1397040301789044,Arjun,PID00535,Pasta,3,Not satisfied.,Neutral,0.49
https://www.facebook.com/reel/PID00513/?comment_id=1397040301789045,Rohan,PID00513,Pizza,2,Amazing flavor!,Negative,-0.15
https://www.facebook.com/reel/PID00543/?comment_id=1397040301789046,Arjun,PID00543,Sandwich,5,Could be better.,Positive,0.93
https://www.facebook.com/reel/PID00559/?comment_id=1397040301789047,Krishna,PID00559,Momo,5,Not satisfied.,Positive,0.98
https://www.facebook.com/reel/PID00543/?comment_id=1397040301789048,Anaya,PID00543,Pasta,3,Crispy and delicious.,Neutral,0.56
https://www.facebook.com/reel/PID00581/?comment_id=1397040301789049,Saanvi,PID00581,Dosa,4,I didn't like it.,Positive,0.84
https://www.facebook.com/reel/PID00516/?comment_id=1397040301789050,Ishaan,PID00516,Momo,3,Very tasty and enjoyable.,Neutral,0.56
https://www.facebook.com/reel/PID00586/?comment_id=1397040301789051,Anaya,PID00586,Sandwich,1,Superb quality!,Negative,-0.02
https://www.facebook.com/reel/PID00553/?comment_id=1397040301789052,Anaya,PID00553,Biryani,4,Yummy and satisfying.,Positive,0.95
https://www.facebook.com/reel/PID00529/?comment_id=1397040301789053,Aryan,PID00529,Momo,5,Loved the taste!,Positive,0.8
https://www.facebook.com/reel/PID00644/?comment_id=1397040301789054,Saanvi,PID00644,Dosa,4,Didn't meet expectations.,Positive,0.89
https://www.facebook.com/reel/PID00637/?comment_id=1397040301789055,Rohan,PID00637,Pizza,5,Superb quality!,Positive,0.94
https://www.facebook.com/reel/PID00698/?comment_id=1397040301789056,Ira,PID00698,Pasta,5,Worst food ever.,Positive,0.84
https://www.facebook.com/reel/PID00605/?comment_id=1397040301789057,Sara,PID00605,Fried Rice,1,I will order again!,Negative,-0.12
https://www.facebook.com/reel/PID00519/?comment_id=1397040301789058,Saanvi,PID00519,Fried Rice,5,Delivery was late.,Positive,0.93
https://www.facebook.com/reel/PID00547/?comment_id=1397040301789059,Aryan,PID00547,Pasta,1,Perfect meal!,Negative,-0.04
https://www.facebook.com/reel/PID00552/?comment_id=1397040301789060,Ira,PID00552,Fried Rice,4,I will order again!,Positive,0.96
https://www.facebook.com/reel/PID00542/?comment_id=1397040301789061,Prisha,PID00542,Dosa,3,I didn't like it.,Neutral,0.52
https://www.facebook.com/reel/PID00592/?comment_id=1397040301789062,Anika,PID00592,Pizza,1,Not satisfied.,Negative,-0.19
https://www.facebook.com/reel/PID00633/?comment_id=1397040301789063,Vivaan,PID00633,Sandwich,3,Worst food ever.,Neutral,0.55
https://www.facebook.com/reel/PID00627/?comment_id=1397040301789064,Sara,PID00627,Pasta,3,Didn't meet expectations.,Neutral,0.6
https://www.facebook.com/reel/PID00588/?comment_id=1397040301789065,Saanvi,PID00588,Idli,1,Crispy and delicious.,Negative,0
https://www.facebook.com/reel/PID00554/?comment_id=1397040301789066,Arjun,PID00554,Biryani,4,Worst food ever.,Positive,0.97
https://www.facebook.com/reel/PID00666/?comment_id=1397040301789067,Anika,PID00666,Noodles,4,Perfect meal!,Positive,0.87
https://www.facebook.com/reel/PID00679/?comment_id=1397040301789068,Saanvi,PID00679,Noodles,2,Delivery was late.,Negative,-0.03
https://www.facebook.com/reel/PID00655/?comment_id=1397040301789069,Diya,PID00655,Pasta,2,Delivery was late.,Negative,-0.13
https://www.facebook.com/reel/PID00594/?comment_id=1397040301789070,Krishna,PID00594,Noodles,2,Worst food ever.,Negative,-0.18
https://www.facebook.com/reel/PID00540/?comment_id=1397040301789071,Sara,PID00540,Sandwich,2,Very tasty and enjoyable.,Negative,-0.01
https://www.facebook.com/reel/PID00563/?comment_id=1397040301789072,Ishaan,PID00563,Momo,4,Not fresh.,Positive,0.86
https://www.facebook.com/reel/PID00551/?comment_id=1397040301789073,Vihaan,PID00551,Noodles,1,Amazing flavor!,Negative,-0.15
https://www.facebook.com/reel/PID00642/?comment_id=1397040301789074,Anika,PID00642,Sandwich,2,I will order again!,Negative,-0.01
https://www.facebook.com/reel/PID00520/?comment_id=1397040301789075,Prisha,PID00520,Fried Rice,1,Yummy and satisfying.,Negative,-0.04
https://www.facebook.com/reel/PID00654/?comment_id=1397040301789076,Rohan,PID00654,Pasta,4,Bad experience.,Positive,0.87
https://www.facebook.com/reel/PID00662/?comment_id=1397040301789077,Ishaan,PID00662,Dosa,1,Worth the price.,Negative,-0.04
https://www.facebook.com/reel/PID00631/?comment_id=1397040301789078,Ira,PID00631,Idli,1,Could be better.,Negative,-0.12
https://www.facebook.com/reel/PID00587/?comment_id=1397040301789079,Myra,PID00587,Biryani,2,Didn't meet expectations.,Negative,-0.18
https://www.facebook.com/reel/PID00573/?comment_id=1397040301789080,Aadhya,PID00573,Idli,4,Yummy and satisfying.,Positive,0.93
https://www.facebook.com/reel/PID00522/?comment_id=1397040301789081,Aarav,PID00522,Pasta,4,Yummy and satisfying.,Positive,0.91
https://www.facebook.com/reel/PID00664/?comment_id=1397040301789082,Vihaan,PID00664,Pasta,3,Very tasty and enjoyable.,Neutral,0.59
https://www.facebook.com/reel/PID00649/?comment_id=1397040301789083,Aryan,PID00649,Burger,1,Not fresh.,Negative,-0.01
https://www.facebook.com/reel/PID00632/?comment_id=1397040301789084,Diya,PID00632,Pizza,3,Worth the price.,Neutral,0.55
https://www.facebook.com/reel/PID00527/?comment_id=1397040301789085,Anika,PID00527,Pizza,5,Superb quality!,Positive,0.88
https://www.facebook.com/reel/PID00514/?comment_id=1397040301789086,Prisha,PID00514,Sandwich,3,Not satisfied.,Neutral,0.4
https://www.facebook.com/reel/PID00640/?comment_id=1397040301789087,Vihaan,PID00640,Burger,1,Yummy and satisfying.,Negative,-0.07
https://www.facebook.com/reel/PID00669/?comment_id=1397040301789088,Ishaan,PID00669,Idli,2,Terrible packaging.,Negative,-0.05
https://www.facebook.com/reel/PID00629/?comment_id=1397040301789089,Aadhya,PID00629,Biryani,4,Crispy and delicious.,Positive,0.96
https://www.facebook.com/reel/PID00608/?comment_id=1397040301789090,Anaya,PID00608,Pasta,3,Great quantity for price.,Neutral,0.48
https://www.facebook.com/reel/PID00618/?comment_id=1397040301789091,Arjun,PID00618,Sandwich,1,Not satisfied.,Negative,0
https://www.facebook.com/reel/PID00607/?comment_id=1397040301789092,Ira,PID00607,Fried Rice,4,Didn't meet expectations.,Positive,0.88
https://www.facebook.com/reel/PID00679/?comment_id=1397040301789093,Krishna,PID00679,Noodles,1,Superb quality!,Negative,-0.09
https://www.facebook.com/reel/PID00675/?comment_id=1397040301789094,Aarav,PID00675,Pasta,5,Didn't meet expectations.,Positive,0.84
https://www.facebook.com/reel/PID00632/?comment_id=1397040301789095,Ira,PID00632,Dosa,5,Crispy and delicious.,Positive,0.89
https://www.facebook.com/reel/PID00686/?comment_id=1397040301789096,Aarav,PID00686,Noodles,2,Worth the price.,Negative,-0.13
https://www.facebook.com/reel/PID00609/?comment_id=1397040301789097,Ishaan,PID00609,Dosa,5,Terrible packaging.,Positive,0.87
https://www.facebook.com/reel/PID00631/?comment_id=1397040301789098,Krishna,PID00631,Fried Rice,3,Perfect meal!,Neutral,0.45
https://www.facebook.com/reel/PID00580/?comment_id=1397040301789099,Myra,PID00580,Sandwich,3,Perfect meal!,Neutral,0.46
https://www.facebook.com/reel/PID00692/?comment_id=1397040301789100,Krishna,PID00692,Burger,4,I didn't like it.,Positive,0.96
https://www.facebook.com/reel/PID00642/?comment_id=1397040301789101,Ishaan,PID00642,Momo,2,Yummy and satisfying.,Negative,-0.15
https://www.facebook.com/reel/PID00686/?comment_id=1397040301789102,Sai,PID00686,Burger,2,Could be better.,Negative,-0.13
https://www.facebook.com/reel/PID00679/?comment_id=1397040301789103,Arjun,PID00679,Fried Rice,1,Superb quality!,Negative,-0.09
https://www.facebook.com/reel/PID00545/?comment_id=1397040301789104,Aryan,PID00545,Burger,1,Bad experience.,Negative,-0.06
https://www.facebook.com/reel/PID00691/?comment_id=1397040301789105,Sara,PID00691,Momo,3,Perfect meal!,Neutral,0.41
https://www.facebook.com/reel/PID00668/?comment_id=1397040301789106,Krishna,PID00668,Pasta,5,Worth the price.,Positive,0.8
https://www.facebook.com/reel/PID00688/?comment_id=1397040301789107,Vihaan,PID00688,Pasta,5,Very tasty and enjoyable.,Positive,0.88
https://www.facebook.com/reel/PID00624/?comment_id=1397040301789108,Sai,PID00624,Pizza,3,Not satisfied.,Neutral,0.51
https://www.facebook.com/reel/PID00690/?comment_id=1397040301789109,Sai,PID00690,Pasta,3,I will order again!,Neutral,0.46
https://www.facebook.com/reel/PID00561/?comment_id=1397040301789110,Sai,PID00561,Burger,2,Didn't meet expectations.,Negative,-0.09
https://www.facebook.com/reel/PID00616/?comment_id=1397040301789111,Riya,PID00616,Burger,4,I didn't like it.,Positive,0.86
https://www.facebook.com/reel/PID00572/?comment_id=1397040301789112,Aarav,PID00572,Pasta,3,I will order again!,Neutral,0.46
https://www.facebook.com/reel/PID00657/?comment_id=1397040301789113,Saanvi,PID00657,Burger,4,Great quantity for price.,Positive,0.91
https://www.facebook.com/reel/PID00631/?comment_id=1397040301789114,Sai,PID00631,Biryani,2,Didn't meet expectations.,Negative,-0.03
https://www.facebook.com/reel/PID00628/?comment_id=1397040301789115,Aadhya,PID00628,Pasta,1,I will order again!,Negative,-0.16
https://www.facebook.com/reel/PID00626/?comment_id=1397040301789116,Arjun,PID00626,Momo,1,Could be better.,Negative,-0.12
https://www.facebook.com/reel/PID00561/?comment_id=1397040301789117,Anika,PID00561,Dosa,5,Worth the price.,Positive,0.83
https://www.facebook.com/reel/PID00622/?comment_id=1397040301789118,Rohan,PID00622,Sandwich,3,Didn't meet expectations.,Neutral,0.58
https://www.facebook.com/reel/PID00541/?comment_id=1397040301789119,Prisha,PID00541,Momo,4,Amazing flavor!,Positive,0.86
https://www.facebook.com/reel/PID00578/?comment_id=1397040301789120,Diya,PID00578,Idli,4,Delivery was late.,Positive,0.86
https://www.facebook.com/reel/PID00550/?comment_id=1397040301789121,Myra,PID00550,Burger,1,Loved the taste!,Negative,-0.1
https://www.facebook.com/reel/PID00620/?comment_id=1397040301789122,Rohan,PID00620,Burger,4,Very tasty and enjoyable.,Positive,0.93
https://www.facebook.com/reel/PID00512/?comment_id=1397040301789123,Ishaan,PID00512,Momo,2,Superb quality!,Negative,-0.16
https://www.facebook.com/reel/PID00569/?comment_id=1397040301789124,Ishaan,PID00569,Idli,1,Could be better.,Negative,-0.08
https://www.facebook.com/reel/PID00539/?comment_id=1397040301789125,Vihaan,PID00539,Sandwich,3,Could be better.,Neutral,0.51
https://www.facebook.com/reel/PID00537/?comment_id=1397040301789126,Riya,PID00537,Sandwich,3,Delivery was late.,Neutral,0.44
https://www.facebook.com/reel/PID00646/?comment_id=1397040301789127,Vivaan,PID00646,Pasta,1,Yummy and satisfying.,Negative,-0.09
https://www.facebook.com/reel/PID00577/?comment_id=1397040301789128,Sara,PID00577,Noodles,1,Perfect meal!,Negative,-0.13
https://www.facebook.com/reel/PID00521/?comment_id=1397040301789129,Aditya,PID00521,Fried Rice,5,Not fresh.,Positive,0.86
https://www.facebook.com/reel/PID00503/?comment_id=1397040301789130,Saanvi,PID00503,Idli,2,Worst food ever.,Negative,-0.11
https://www.facebook.com/reel/PID00622/?comment_id=1397040301789131,Anika,PID00622,Pizza,4,Loved the taste!,Positive,0.93
https://www.facebook.com/reel/PID00540/?comment_id=1397040301789132,Anika,PID00540,Pizza,5,I didn't like it.,Positive,0.82
https://www.facebook.com/reel/PID00631/?comment_id=1397040301789133,Anika,PID00631,Sandwich,3,Great quantity for price.,Neutral,0.43
https://www.facebook.com/reel/PID00614/?comment_id=1397040301789134,Rohan,PID00614,Biryani,2,Terrible packaging.,Negative,-0.13
https://www.facebook.com/reel/PID00664/?comment_id=1397040301789135,Sai,PID00664,Pizza,5,Crispy and delicious.,Positive,0.94
https://www.facebook.com/reel/PID00532/?comment_id=1397040301789136,Krishna,PID00532,Burger,5,Perfect meal!,Positive,0.88
https://www.facebook.com/reel/PID00529/?comment_id=1397040301789137,Aditya,PID00529,Dosa,3,Very tasty and enjoyable.,Neutral,0.5
https://www.facebook.com/reel/PID00653/?comment_id=1397040301789138,Aditya,PID00653,Idli,1,Great quantity for price.,Negative,-0.04
https://www.facebook.com/reel/PID00628/?comment_id=1397040301789139,Anaya,PID00628,Pasta,4,Delivery was late.,Positive,0.81
https://www.facebook.com/reel/PID00629/?comment_id=1397040301789140,Krishna,PID00629,Idli,4,Perfect meal!,Positive,0.84
https://www.facebook.com/reel/PID00583/?comment_id=1397040301789141,Krishna,PID00583,Idli,1,Bad experience.,Negative,-0.1
https://www.facebook.com/reel/PID00609/?comment_id=1397040301789142,Aditya,PID00609,Momo,2,Yummy and satisfying.,Negative,-0.08
https://www.facebook.com/reel/PID00576/?comment_id=1397040301789143,Arjun,PID00576,Fried Rice,4,Amazing flavor!,Positive,0.93
https://www.facebook.com/reel/PID00575/?comment_id=1397040301789144,Ishaan,PID00575,Pizza,1,Superb quality!,Negative,-0.02
https://www.facebook.com/reel/PID00615/?comment_id=1397040301789145,Aryan,PID00615,Momo,3,I will order again!,Neutral,0.4
https://www.facebook.com/reel/PID00594/?comment_id=1397040301789146,Krishna,PID00594,Momo,1,Too spicy but good.,Negative,-0.04
https://www.facebook.com/reel/PID00689/?comment_id=1397040301789147,Anaya,PID00689,Noodles,3,Superb quality!,Neutral,0.55
https://www.facebook.com/reel/PID00674/?comment_id=1397040301789148,Saanvi,PID00674,Noodles,2,Yummy and satisfying.,Negative,-0.08
https://www.facebook.com/reel/PID00542/?comment_id=1397040301789149,Anaya,PID00542,Burger,1,Could be better.,Negative,-0.17
https://www.facebook.com/reel/PID00618/?comment_id=1397040301789150,Sai,PID00618,Pizza,4,Bad experience.,Positive,0.97
https://www.facebook.com/reel/PID00605/?comment_id=1397040301789151,Rohan,PID00605,Fried Rice,5,I didn't like it.,Positive,0.92
https://www.facebook.com/reel/PID00507/?comment_id=1397040301789152,Riya,PID00507,Pasta,2,Terrible packaging.,Negative,-0.1
https://www.facebook.com/reel/PID00593/?comment_id=1397040301789153,Ishaan,PID00593,Pasta,3,Worst food ever.,Neutral,0.43
https://www.facebook.com/reel/PID00517/?comment_id=1397040301789154,Sara,PID00517,Dosa,1,Perfect meal!,Negative,-0.06
https://www.facebook.com/reel/PID00620/?comment_id=1397040301789155,Aadhya,PID00620,Sandwich,4,Worst food ever.,Positive,0.96
https://www.facebook.com/reel/PID00583/?comment_id=1397040301789156,Krishna,PID00583,Pasta,5,Superb quality!,Positive,0.88
https://www.facebook.com/reel/PID00507/?comment_id=1397040301789157,Vivaan,PID00507,Momo,1,Loved the taste!,Negative,-0.08
https://www.facebook.com/reel/PID00663/?comment_id=1397040301789158,Sara,PID00663,Sandwich,2,Too spicy but good.,Negative,-0.05
https://www.facebook.com/reel/PID00598/?comment_id=1397040301789159,Riya,PID00598,Dosa,1,Crispy and delicious.,Negative,-0.04
https://www.facebook.com/reel/PID00698/?comment_id=1397040301789160,Sai,PID00698,Momo,2,Could be better.,Negative,-0.04
https://www.facebook.com/reel/PID00506/?comment_id=1397040301789161,Arjun,PID00506,Dosa,3,Yummy and satisfying.,Neutral,0.58
https://www.facebook.com/reel/PID00640/?comment_id=1397040301789162,Riya,PID00640,Pasta,3,Delivery was late.,Neutral,0.5
https://www.facebook.com/reel/PID00557/?comment_id=1397040301789163,Arjun,PID00557,Pasta,2,Yummy and satisfying.,Negative,-0.14
https://www.facebook.com/reel/PID00638/?comment_id=1397040301789164,Aryan,PID00638,Idli,5,Not fresh.,Positive,1
https://www.facebook.com/reel/PID00569/?comment_id=1397040301789165,Sai,PID00569,Biryani,3,Very tasty and enjoyable.,Neutral,0.49
https://www.facebook.com/reel/PID00691/?comment_id=1397040301789166,Riya,PID00691,Dosa,2,I didn't like it.,Negative,-0.17
https://www.facebook.com/reel/PID00545/?comment_id=1397040301789167,Aadhya,PID00545,Noodles,5,I will order again!,Positive,0.85
https://www.facebook.com/reel/PID00575/?comment_id=1397040301789168,Sara,PID00575,Noodles,1,Great quantity for price.,Negative,-0.01
https://www.facebook.com/reel/PID00509/?comment_id=1397040301789169,Aryan,PID00509,Fried Rice,1,Yummy and satisfying.,Negative,-0.01
https://www.facebook.com/reel/PID00565/?comment_id=1397040301789170,Anika,PID00565,Pasta,4,Terrible packaging.,Positive,0.88
https://www.facebook.com/reel/PID00606/?comment_id=1397040301789171,Sara,PID00606,Biryani,2,Very tasty and enjoyable.,Negative,-0.19
https://www.facebook.com/reel/PID00614/?comment_id=1397040301789172,Rohan,PID00614,Dosa,3,Didn't meet expectations.,Neutral,0.52
https://www.facebook.com/reel/PID00655/?comment_id=1397040301789173,Rohan,PID00655,Fried Rice,3,Delivery was late.,Neutral,0.51
https://www.facebook.com/reel/PID00589/?comment_id=1397040301789174,Ishaan,PID00589,Pizza,4,Didn't meet expectations.,Positive,1
https://www.facebook.com/reel/PID00686/?comment_id=1397040301789175,Myra,PID00686,Noodles,2,Worth the price.,Negative,-0.03
https://www.facebook.com/reel/PID00595/?comment_id=1397040301789176,Vihaan,PID00595,Momo,2,Crispy and delicious.,Negative,-0.13
https://www.facebook.com/reel/PID00540/?comment_id=1397040301789177,Aryan,PID00540,Pasta,3,Yummy and satisfying.,Neutral,0.56
https://www.facebook.com/reel/PID00700/?comment_id=1397040301789178,Diya,PID00700,Pasta,4,Amazing flavor!,Positive,0.9
https://www.facebook.com/reel/PID00666/?comment_id=1397040301789179,Prisha,PID00666,Pasta,1,Very tasty and enjoyable.,Negative,-0.09
https://www.facebook.com/reel/PID00688/?comment_id=1397040301789180,Rohan,PID00688,Biryani,2,Delivery was late.,Negative,-0.05
https://www.facebook.com/reel/PID00627/?comment_id=1397040301789181,Myra,PID00627,Pasta,2,Loved the taste!,Negative,-0.15
https://www.facebook.com/reel/PID00557/?comment_id=1397040301789182,Anaya,PID00557,Burger,5,Crispy and delicious.,Positive,0.86
https://www.facebook.com/reel/PID00579/?comment_id=1397040301789183,Ira,PID00579,Sandwich,2,Didn't meet expectations.,Negative,-0.19
https://www.facebook.com/reel/PID00501/?comment_id=1397040301789184,Riya,PID00501,Sandwich,5,Didn't meet expectations.,Positive,0.81
https://www.facebook.com/reel/PID00694/?comment_id=1397040301789185,Anika,PID00694,Pasta,1,Yummy and satisfying.,Negative,-0.09
https://www.facebook.com/reel/PID00521/?comment_id=1397040301789186,Aarav,PID00521,Biryani,3,Not fresh.,Neutral,0.59
https://www.facebook.com/reel/PID00631/?comment_id=1397040301789187,Prisha,PID00631,Burger,4,Didn't meet expectations.,Positive,0.86
https://www.facebook.com/reel/PID00574/?comment_id=1397040301789188,Arjun,PID00574,Dosa,3,Worst food ever.,Neutral,0.49
https://www.facebook.com/reel/PID00518/?comment_id=1397040301789189,Vivaan,PID00518,Idli,5,Yummy and satisfying.,Positive,0.98
https://www.facebook.com/reel/PID00654/?comment_id=1397040301789190,Sai,PID00654,Momo,2,Loved the taste!,Negative,-0.05
https://www.facebook.com/reel/PID00504/?comment_id=1397040301789191,Sara,PID00504,Momo,1,Loved the taste!,Negative,-0.17
https://www.facebook.com/reel/PID00529/?comment_id=1397040301789192,Rohan,PID00529,Pizza,3,Terrible packaging.,Neutral,0.5
https://www.facebook.com/reel/PID00557/?comment_id=1397040301789193,Myra,PID00557,Biryani,1,Very tasty and enjoyable.,Negative,-0.2
https://www.facebook.com/reel/PID00566/?comment_id=1397040301789194,Ira,PID00566,Dosa,2,Delivery was late.,Negative,-0.06
https://www.facebook.com/reel/PID00545/?comment_id=1397040301789195,Aadhya,PID00545,Pizza,1,Could be better.,Negative,-0.07
https://www.facebook.com/reel/PID00576/?comment_id=1397040301789196,Arjun,PID00576,Burger,2,Worst food ever.,Negative,-0.19
https://www.facebook.com/reel/PID00547/?comment_id=1397040301789197,Myra,PID00547,Burger,5,Delivery was late.,Positive,0.89
https://www.facebook.com/reel/PID00686/?comment_id=1397040301789198,Aryan,PID00686,Momo,2,Loved the taste!,Negative,-0.05
https://www.facebook.com/reel/PID00648/?comment_id=1397040301789199,Arjun,PID00648,Pasta,4,Worst food ever.,Positive,0.96
https://www.facebook.com/reel/PID00625/?comment_id=1397040301789200,Ishaan,PID00625,Pizza,5,Amazing flavor!,Positive,0.96
https://www.facebook.com/reel/PID00528/?comment_id=1397040301789201,Aarav,PID00528,Biryani,2,Crispy and delicious.,Negative,-0.2
https://www.facebook.com/reel/PID00612/?comment_id=1397040301789202,Myra,PID00612,Dosa,1,Superb quality!,Negative,-0.06
https://www.facebook.com/reel/PID00540/?comment_id=1397040301789203,Rohan,PID00540,Momo,1,Great quantity for price.,Negative,-0.12
https://www.facebook.com/reel/PID00557/?comment_id=1397040301789204,Sara,PID00557,Noodles,5,Worth the price.,Positive,0.95
https://www.facebook.com/reel/PID00509/?comment_id=1397040301789205,Aryan,PID00509,Noodles,4,Didn't meet expectations.,Positive,0.88
https://www.facebook.com/reel/PID00573/?comment_id=1397040301789206,Vivaan,PID00573,Dosa,5,Terrible packaging.,Positive,0.93
https://www.facebook.com/reel/PID00599/?comment_id=1397040301789207,Aarav,PID00599,Noodles,2,Worst food ever.,Negative,-0.05
https://www.facebook.com/reel/PID00666/?comment_id=1397040301789208,Aarav,PID00666,Momo,4,Superb quality!,Positive,0.81
https://www.facebook.com/reel/PID00667/?comment_id=1397040301789209,Krishna,PID00667,Biryani,3,Perfect meal!,Neutral,0.57
https://www.facebook.com/reel/PID00577/?comment_id=1397040301789210,Prisha,PID00577,Fried Rice,5,Delivery was late.,Positive,0.92
https://www.facebook.com/reel/PID00585/?comment_id=1397040301789211,Krishna,PID00585,Fried Rice,2,Not satisfied.,Negative,-0.05
https://www.facebook.com/reel/PID00518/?comment_id=1397040301789212,Prisha,PID00518,Dosa,5,Very tasty and enjoyable.,Positive,0.9
https://www.facebook.com/reel/PID00526/?comment_id=1397040301789213,Aryan,PID00526,Fried Rice,2,Great quantity for price.,Negative,-0.02
https://www.facebook.com/reel/PID00516/?comment_id=1397040301789214,Vihaan,PID00516,Dosa,1,Yummy and satisfying.,Negative,-0.05
https://www.facebook.com/reel/PID00565/?comment_id=1397040301789215,Krishna,PID00565,Sandwich,2,Very tasty and enjoyable.,Negative,-0.18
https://www.facebook.com/reel/PID00503/?comment_id=1397040301789216,Myra,PID00503,Biryani,3,Not fresh.,Neutral,0.42
https://www.facebook.com/reel/PID00622/?comment_id=1397040301789217,Ishaan,PID00622,Momo,1,Not fresh.,Negative,-0.01
https://www.facebook.com/reel/PID00633/?comment_id=1397040301789218,Vihaan,PID00633,Momo,2,I didn't like it.,Negative,-0.19
https://www.facebook.com/reel/PID00571/?comment_id=1397040301789219,Sara,PID00571,Idli,4,Could be better.,Positive,0.93
https://www.facebook.com/reel/PID00541/?comment_id=1397040301789220,Vihaan,PID00541,Biryani,3,Could be better.,Neutral,0.48
https://www.facebook.com/reel/PID00623/?comment_id=1397040301789221,Riya,PID00623,Sandwich,5,Worst food ever.,Positive,0.99
https://www.facebook.com/reel/PID00654/?comment_id=1397040301789222,Anaya,PID00654,Noodles,5,Worth the price.,Positive,0.81
https://www.facebook.com/reel/PID00561/?comment_id=1397040301789223,Sara,PID00561,Pizza,3,Could be better.,Neutral,0.56
https://www.facebook.com/reel/PID00596/?comment_id=1397040301789224,Sara,PID00596,Momo,2,I will order again!,Negative,-0.08
https://www.facebook.com/reel/PID00515/?comment_id=1397040301789225,Sai,PID00515,Pizza,4,Great quantity for price.,Positive,0.93
https://www.facebook.com/reel/PID00551/?comment_id=1397040301789226,Prisha,PID00551,Idli,4,Great quantity for price.,Positive,0.87
https://www.facebook.com/reel/PID00524/?comment_id=1397040301789227,Ira,PID00524,Biryani,4,Terrible packaging.,Positive,0.84
https://www.facebook.com/reel/PID00553/?comment_id=1397040301789228,Anaya,PID00553,Burger,5,Could be better.,Positive,0.88
https://www.facebook.com/reel/PID00566/?comment_id=1397040301789229,Krishna,PID00566,Biryani,3,Bad experience.,Neutral,0.55
https://www.facebook.com/reel/PID00550/?comment_id=1397040301789230,Ira,PID00550,Biryani,4,Perfect meal!,Positive,0.94
https://www.facebook.com/reel/PID00627/?comment_id=1397040301789231,Ishaan,PID00627,Biryani,2,Didn't meet expectations.,Negative,-0.06
https://www.facebook.com/reel/PID00598/?comment_id=1397040301789232,Arjun,PID00598,Dosa,5,Too spicy but good.,Positive,0.88
https://www.facebook.com/reel/PID00632/?comment_id=1397040301789233,Ira,PID00632,Burger,4,Bad experience.,Positive,0.96
https://www.facebook.com/reel/PID00686/?comment_id=1397040301789234,Sai,PID00686,Dosa,1,Loved the taste!,Negative,-0.13
https://www.facebook.com/reel/PID00552/?comment_id=1397040301789235,Vihaan,PID00552,Pizza,2,Didn't meet expectations.,Negative,-0.14
https://www.facebook.com/reel/PID00649/?comment_id=1397040301789236,Anika,PID00649,Momo,3,Too spicy but good.,Neutral,0.41
https://www.facebook.com/reel/PID00634/?comment_id=1397040301789237,Sai,PID00634,Fried Rice,1,Amazing flavor!,Negative,0
https://www.facebook.com/reel/PID00624/?comment_id=1397040301789238,Aarav,PID00624,Idli,1,Didn't meet expectations.,Negative,-0.1
https://www.facebook.com/reel/PID00585/?comment_id=1397040301789239,Aditya,PID00585,Noodles,2,Amazing flavor!,Negative,-0.14
https://www.facebook.com/reel/PID00512/?comment_id=1397040301789240,Aditya,PID00512,Fried Rice,5,Crispy and delicious.,Positive,0.8
https://www.facebook.com/reel/PID00634/?comment_id=1397040301789241,Sara,PID00634,Fried Rice,4,Didn't meet expectations.,Positive,0.9
https://www.facebook.com/reel/PID00534/?comment_id=1397040301789242,Prisha,PID00534,Pasta,4,Superb quality!,Positive,1
https://www.facebook.com/reel/PID00664/?comment_id=1397040301789243,Ishaan,PID00664,Dosa,1,I will order again!,Negative,-0.03
https://www.facebook.com/reel/PID00663/?comment_id=1397040301789244,Ira,PID00663,Fried Rice,1,Superb quality!,Negative,-0.05
https://www.facebook.com/reel/PID00517/?comment_id=1397040301789245,Arjun,PID00517,Dosa,4,Too spicy but good.,Positive,0.81
https://www.facebook.com/reel/PID00650/?comment_id=1397040301789246,Krishna,PID00650,Momo,3,Very tasty and enjoyable.,Neutral,0.52
https://www.facebook.com/reel/PID00660/?comment_id=1397040301789247,Anaya,PID00660,Fried Rice,2,Very tasty and enjoyable.,Negative,-0.06
https://www.facebook.com/reel/PID00673/?comment_id=1397040301789248,Aryan,PID00673,Burger,4,I will order again!,Positive,0.82
https://www.facebook.com/reel/PID00669/?comment_id=1397040301789249,Vihaan,PID00669,Fried Rice,5,Not satisfied.,Positive,0.99
https://www.facebook.com/reel/PID00585/?comment_id=1397040301789250,Sai,PID00585,Momo,5,Great quantity for price.,Positive,0.94
https://www.facebook.com/reel/PID00622/?comment_id=1397040301789251,Aditya,PID00622,Pasta,5,Worst food ever.,Positive,0.83
https://www.facebook.com/reel/PID00698/?comment_id=1397040301789252,Vihaan,PID00698,Pasta,2,Crispy and delicious.,Negative,-0.16
https://www.facebook.com/reel/PID00589/?comment_id=1397040301789253,Aditya,PID00589,Sandwich,3,Bad experience.,Neutral,0.5
https://www.facebook.com/reel/PID00646/?comment_id=1397040301789254,Aditya,PID00646,Noodles,1,I didn't like it.,Negative,-0.07
https://www.facebook.com/reel/PID00501/?comment_id=1397040301789255,Anika,PID00501,Burger,2,Great quantity for price.,Negative,-0.11
https://www.facebook.com/reel/PID00657/?comment_id=1397040301789256,Ishaan,PID00657,Pizza,4,Crispy and delicious.,Positive,0.85
https://www.facebook.com/reel/PID00604/?comment_id=1397040301789257,Ishaan,PID00604,Pizza,1,Not satisfied.,Negative,-0.04
https://www.facebook.com/reel/PID00622/?comment_id=1397040301789258,Krishna,PID00622,Pizza,4,Great quantity for price.,Positive,0.91
https://www.facebook.com/reel/PID00636/?comment_id=1397040301789259,Krishna,PID00636,Burger,3,I didn't like it.,Neutral,0.41
https://www.facebook.com/reel/PID00587/?comment_id=1397040301789260,Sai,PID00587,Dosa,4,Great quantity for price.,Positive,0.87
https://www.facebook.com/reel/PID00621/?comment_id=1397040301789261,Anaya,PID00621,Burger,4,Not fresh.,Positive,0.97
https://www.facebook.com/reel/PID00589/?comment_id=1397040301789262,Anika,PID00589,Biryani,4,Delivery was late.,Positive,0.95
https://www.facebook.com/reel/PID00587/?comment_id=1397040301789263,Myra,PID00587,Pasta,4,Too spicy but good.,Positive,0.8
https://www.facebook.com/reel/PID00585/?comment_id=1397040301789264,Aarav,PID00585,Fried Rice,3,Great quantity for price.,Neutral,0.56
https://www.facebook.com/reel/PID00540/?comment_id=1397040301789265,Saanvi,PID00540,Burger,1,Great quantity for price.,Negative,-0.05
https://www.facebook.com/reel/PID00570/?comment_id=1397040301789266,Sai,PID00570,Fried Rice,1,Yummy and satisfying.,Negative,-0.04
https://www.facebook.com/reel/PID00525/?comment_id=1397040301789267,Anika,PID00525,Pasta,4,Could be better.,Positive,0.87
https://www.facebook.com/reel/PID00530/?comment_id=1397040301789268,Saanvi,PID00530,Sandwich,5,Worst food ever.,Positive,0.81
https://www.facebook.com/reel/PID00520/?comment_id=1397040301789269,Sai,PID00520,Pasta,1,Superb quality!,Negative,-0.14
https://www.facebook.com/reel/PID00506/?comment_id=1397040301789270,Aadhya,PID00506,Noodles,4,Superb quality!,Positive,0.83
https://www.facebook.com/reel/PID00576/?comment_id=1397040301789271,Aadhya,PID00576,Pizza,2,Very tasty and enjoyable.,Negative,-0.13
https://www.facebook.com/reel/PID00551/?comment_id=1397040301789272,Aadhya,PID00551,Pasta,4,Could be better.,Positive,0.9
https://www.facebook.com/reel/PID00518/?comment_id=1397040301789273,Sai,PID00518,Noodles,3,Crispy and delicious.,Neutral,0.52
https://www.facebook.com/reel/PID00570/?comment_id=1397040301789274,Myra,PID00570,Biryani,2,Not fresh.,Negative,-0.02
https://www.facebook.com/reel/PID00656/?comment_id=1397040301789275,Krishna,PID00656,Momo,4,Perfect meal!,Positive,0.88
https://www.facebook.com/reel/PID00611/?comment_id=1397040301789276,Diya,PID00611,Biryani,1,Worst food ever.,Negative,-0.16
https://www.facebook.com/reel/PID00586/?comment_id=1397040301789277,Krishna,PID00586,Biryani,5,Worth the price.,Positive,0.9
https://www.facebook.com/reel/PID00617/?comment_id=1397040301789278,Ira,PID00617,Burger,5,I will order again!,Positive,0.81
https://www.facebook.com/reel/PID00665/?comment_id=1397040301789279,Sai,PID00665,Dosa,2,Delivery was late.,Negative,-0.01
https://www.facebook.com/reel/PID00567/?comment_id=1397040301789280,Aarav,PID00567,Idli,3,Amazing flavor!,Neutral,0.42
https://www.facebook.com/reel/PID00676/?comment_id=1397040301789281,Anika,PID00676,Dosa,4,Great quantity for price.,Positive,0.96
https://www.facebook.com/reel/PID00556/?comment_id=1397040301789282,Sai,PID00556,Sandwich,4,Amazing flavor!,Positive,0.87
https://www.facebook.com/reel/PID00693/?comment_id=1397040301789283,Ishaan,PID00693,Sandwich,3,Too spicy but good.,Neutral,0.53
https://www.facebook.com/reel/PID00688/?comment_id=1397040301789284,Arjun,PID00688,Noodles,1,Didn't meet expectations.,Negative,-0.16
https://www.facebook.com/reel/PID00603/?comment_id=1397040301789285,Krishna,PID00603,Pizza,1,Could be better.,Negative,-0.12
https://www.facebook.com/reel/PID00618/?comment_id=1397040301789286,Vivaan,PID00618,Noodles,3,Too spicy but good.,Neutral,0.52
https://www.facebook.com/reel/PID00578/?comment_id=1397040301789287,Ishaan,PID00578,Sandwich,3,I didn't like it.,Neutral,0.55
https://www.facebook.com/reel/PID00526/?comment_id=1397040301789288,Anaya,PID00526,Idli,4,Didn't meet expectations.,Positive,0.88
https://www.facebook.com/reel/PID00531/?comment_id=1397040301789289,Ishaan,PID00531,Fried Rice,4,Superb quality!,Positive,0.94
https://www.facebook.com/reel/PID00631/?comment_id=1397040301789290,Krishna,PID00631,Pasta,3,I will order again!,Neutral,0.48
https://www.facebook.com/reel/PID00537/?comment_id=1397040301789291,Myra,PID00537,Idli,4,Worst food ever.,Positive,0.8
https://www.facebook.com/reel/PID00629/?comment_id=1397040301789292,Sara,PID00629,Biryani,1,Not fresh.,Negative,-0.19
https://www.facebook.com/reel/PID00637/?comment_id=1397040301789293,Riya,PID00637,Sandwich,1,Terrible packaging.,Negative,-0.16
https://www.facebook.com/reel/PID00532/?comment_id=1397040301789294,Sai,PID00532,Noodles,3,Superb quality!,Neutral,0.53
https://www.facebook.com/reel/PID00509/?comment_id=1397040301789295,Aadhya,PID00509,Dosa,3,Bad experience.,Neutral,0.48
https://www.facebook.com/reel/PID00659/?comment_id=1397040301789296,Ishaan,PID00659,Burger,4,Perfect meal!,Positive,0.87
https://www.facebook.com/reel/PID00690/?comment_id=1397040301789297,Saanvi,PID00690,Fried Rice,2,Great quantity for price.,Negative,-0.16
https://www.facebook.com/reel/PID00645/?comment_id=1397040301789298,Sara,PID00645,Pizza,2,Yummy and satisfying.,Negative,-0.14
https://www.facebook.com/reel/PID00684/?comment_id=1397040301789299,Myra,PID00684,Sandwich,5,I didn't like it.,Positive,0.95
https://www.facebook.com/reel/PID00692/?comment_id=1397040301789300,Sara,PID00692,Biryani,3,I will order again!,Neutral,0.51
https://www.facebook.com/reel/PID00663/?comment_id=1397040301789301,Aditya,PID00663,Noodles,5,Loved the taste!,Positive,0.82
https://www.facebook.com/reel/PID00531/?comment_id=1397040301789302,Rohan,PID00531,Burger,2,Very tasty and enjoyable.,Negative,-0.18
https://www.facebook.com/reel/PID00672/?comment_id=1397040301789303,Prisha,PID00672,Noodles,5,Not fresh.,Positive,0.95
https://www.facebook.com/reel/PID00550/?comment_id=1397040301789304,Vihaan,PID00550,Biryani,4,Crispy and delicious.,Positive,0.81
https://www.facebook.com/reel/PID00644/?comment_id=1397040301789305,Vivaan,PID00644,Noodles,5,Crispy and delicious.,Positive,0.95
https://www.facebook.com/reel/PID00537/?comment_id=1397040301789306,Vivaan,PID00537,Momo,4,Very tasty and enjoyable.,Positive,0.99
https://www.facebook.com/reel/PID00697/?comment_id=1397040301789307,Anika,PID00697,Idli,1,I didn't like it.,Negative,-0.12
https://www.facebook.com/reel/PID00700/?comment_id=1397040301789308,Rohan,PID00700,Idli,4,Could be better.,Positive,0.84
https://www.facebook.com/reel/PID00572/?comment_id=1397040301789309,Aarav,PID00572,Biryani,3,Bad experience.,Neutral,0.41
https://www.facebook.com/reel/PID00646/?comment_id=1397040301789310,Riya,PID00646,Noodles,2,Not fresh.,Negative,-0.03
https://www.facebook.com/reel/PID00645/?comment_id=1397040301789311,Aryan,PID00645,Biryani,4,Could be better.,Positive,0.81
https://www.facebook.com/reel/PID00680/?comment_id=1397040301789312,Prisha,PID00680,Noodles,3,I will order again!,Neutral,0.51
https://www.facebook.com/reel/PID00623/?comment_id=1397040301789313,Ira,PID00623,Momo,5,Worst food ever.,Positive,0.95
https://www.facebook.com/reel/PID00502/?comment_id=1397040301789314,Saanvi,PID00502,Idli,5,Loved the taste!,Positive,0.82
https://www.facebook.com/reel/PID00585/?comment_id=1397040301789315,Aditya,PID00585,Noodles,4,Yummy and satisfying.,Positive,0.81
https://www.facebook.com/reel/PID00517/?comment_id=1397040301789316,Anaya,PID00517,Pizza,1,Could be better.,Negative,-0.03
https://www.facebook.com/reel/PID00664/?comment_id=1397040301789317,Prisha,PID00664,Momo,1,I will order again!,Negative,-0.2
https://www.facebook.com/reel/PID00540/?comment_id=1397040301789318,Sai,PID00540,Sandwich,3,Crispy and delicious.,Neutral,0.53
https://www.facebook.com/reel/PID00583/?comment_id=1397040301789319,Saanvi,PID00583,Sandwich,2,Didn't meet expectations.,Negative,-0.11
https://www.facebook.com/reel/PID00668/?comment_id=1397040301789320,Anika,PID00668,Dosa,5,Didn't meet expectations.,Positive,0.91
https://www.facebook.com/reel/PID00552/?comment_id=1397040301789321,Aarav,PID00552,Pizza,2,Not fresh.,Negative,-0.08
https://www.facebook.com/reel/PID00670/?comment_id=1397040301789322,Aadhya,PID00670,Sandwich,2,Worth the price.,Negative,-0.17
https://www.facebook.com/reel/PID00633/?comment_id=1397040301789323,Arjun,PID00633,Pasta,2,Loved the taste!,Negative,0
https://www.facebook.com/reel/PID00557/?comment_id=1397040301789324,Aditya,PID00557,Pizza,5,Worst food ever.,Positive,0.93
https://www.facebook.com/reel/PID00586/?comment_id=1397040301789325,Diya,PID00586,Idli,1,Delivery was late.,Negative,-0.19
https://www.facebook.com/reel/PID00650/?comment_id=1397040301789326,Vivaan,PID00650,Dosa,4,Didn't meet expectations.,Positive,0.9
https://www.facebook.com/reel/PID00651/?comment_id=1397040301789327,Ishaan,PID00651,Pasta,2,Superb quality!,Negative,-0.1
https://www.facebook.com/reel/PID00547/?comment_id=1397040301789328,Prisha,PID00547,Burger,1,Not satisfied.,Negative,-0.03
https://www.facebook.com/reel/PID00573/?comment_id=1397040301789329,Prisha,PID00573,Pasta,3,Terrible packaging.,Neutral,0.45
https://www.facebook.com/reel/PID00644/?comment_id=1397040301789330,Aarav,PID00644,Idli,4,Worst food ever.,Positive,0.9
https://www.facebook.com/reel/PID00561/?comment_id=1397040301789331,Saanvi,PID00561,Idli,1,Terrible packaging.,Negative,0
https://www.facebook.com/reel/PID00513/?comment_id=1397040301789332,Rohan,PID00513,Burger,5,Amazing flavor!,Positive,0.86
https://www.facebook.com/reel/PID00659/?comment_id=1397040301789333,Sai,PID00659,Pizza,5,Could be better.,Positive,0.91
https://www.facebook.com/reel/PID00624/?comment_id=1397040301789334,Sai,PID00624,Pasta,4,I will order again!,Positive,0.96
https://www.facebook.com/reel/PID00565/?comment_id=1397040301789335,Diya,PID00565,Sandwich,1,Yummy and satisfying.,Negative,-0.05
https://www.facebook.com/reel/PID00654/?comment_id=1397040301789336,Aadhya,PID00654,Fried Rice,1,I will order again!,Negative,-0.03
https://www.facebook.com/reel/PID00619/?comment_id=1397040301789337,Diya,PID00619,Biryani,1,Amazing flavor!,Negative,-0.01
https://www.facebook.com/reel/PID00603/?comment_id=1397040301789338,Aarav,PID00603,Sandwich,4,Worth the price.,Positive,0.84
https://www.facebook.com/reel/PID00557/?comment_id=1397040301789339,Aarav,PID00557,Fried Rice,4,Not satisfied.,Positive,0.96
https://www.facebook.com/reel/PID00616/?comment_id=1397040301789340,Arjun,PID00616,Noodles,5,Amazing flavor!,Positive,0.97
https://www.facebook.com/reel/PID00625/?comment_id=1397040301789341,Diya,PID00625,Biryani,4,Worst food ever.,Positive,0.84
https://www.facebook.com/reel/PID00646/?comment_id=1397040301789342,Krishna,PID00646,Biryani,1,I will order again!,Negative,-0.18
https://www.facebook.com/reel/PID00555/?comment_id=1397040301789343,Ishaan,PID00555,Burger,4,Amazing flavor!,Positive,0.93
https://www.facebook.com/reel/PID00501/?comment_id=1397040301789344,Rohan,PID00501,Fried Rice,2,I didn't like it.,Negative,-0.05
https://www.facebook.com/reel/PID00533/?comment_id=1397040301789345,Arjun,PID00533,Biryani,1,Loved the taste!,Negative,-0.02
https://www.facebook.com/reel/PID00690/?comment_id=1397040301789346,Aryan,PID00690,Pizza,3,I didn't like it.,Neutral,0.5
https://www.facebook.com/reel/PID00620/?comment_id=1397040301789347,Myra,PID00620,Idli,1,Very tasty and enjoyable.,Negative,-0.06
https://www.facebook.com/reel/PID00501/?comment_id=1397040301789348,Aditya,PID00501,Pizza,1,Perfect meal!,Negative,-0.11
https://www.facebook.com/reel/PID00677/?comment_id=1397040301789349,Krishna,PID00677,Burger,1,Worst food ever.,Negative,-0.16
https://www.facebook.com/reel/PID00605/?comment_id=1397040301789350,Sara,PID00605,Momo,5,Worst food ever.,Positive,0.85
https://www.facebook.com/reel/PID00541/?comment_id=1397040301789351,Saanvi,PID00541,Pasta,5,Loved the taste!,Positive,0.91
https://www.facebook.com/reel/PID00561/?comment_id=1397040301789352,Aditya,PID00561,Burger,2,Yummy and satisfying.,Negative,0
https://www.facebook.com/reel/PID00509/?comment_id=1397040301789353,Saanvi,PID00509,Sandwich,1,Worst food ever.,Negative,-0.17
https://www.facebook.com/reel/PID00520/?comment_id=1397040301789354,Aarav,PID00520,Pizza,4,Yummy and satisfying.,Positive,0.87
https://www.facebook.com/reel/PID00610/?comment_id=1397040301789355,Anika,PID00610,Dosa,1,Crispy and delicious.,Negative,-0.01
https://www.facebook.com/reel/PID00540/?comment_id=1397040301789356,Arjun,PID00540,Sandwich,3,Yummy and satisfying.,Neutral,0.45
https://www.facebook.com/reel/PID00621/?comment_id=1397040301789357,Vivaan,PID00621,Pasta,2,Too spicy but good.,Negative,-0.16
https://www.facebook.com/reel/PID00574/?comment_id=1397040301789358,Krishna,PID00574,Biryani,3,Too spicy but good.,Neutral,0.44
https://www.facebook.com/reel/PID00522/?comment_id=1397040301789359,Anika,PID00522,Pasta,5,Very tasty and enjoyable.,Positive,0.99
https://www.facebook.com/reel/PID00629/?comment_id=1397040301789360,Diya,PID00629,Dosa,1,I didn't like it.,Negative,-0.15
https://www.facebook.com/reel/PID00536/?comment_id=1397040301789361,Myra,PID00536,Dosa,4,Very tasty and enjoyable.,Positive,0.86
https://www.facebook.com/reel/PID00539/?comment_id=1397040301789362,Krishna,PID00539,Pizza,3,Great quantity for price.,Neutral,0.5
https://www.facebook.com/reel/PID00630/?comment_id=1397040301789363,Sai,PID00630,Pasta,3,Terrible packaging.,Neutral,0.58
https://www.facebook.com/reel/PID00606/?comment_id=1397040301789364,Anika,PID00606,Biryani,1,Delivery was late.,Negative,-0.09
https://www.facebook.com/reel/PID00623/?comment_id=1397040301789365,Aadhya,PID00623,Noodles,5,Yummy and satisfying.,Positive,0.84
https://www.facebook.com/reel/PID00648/?comment_id=1397040301789366,Myra,PID00648,Noodles,3,Not satisfied.,Neutral,0.49
https://www.facebook.com/reel/PID00691/?comment_id=1397040301789367,Myra,PID00691,Noodles,1,Terrible packaging.,Negative,-0.18
https://www.facebook.com/reel/PID00672/?comment_id=1397040301789368,Diya,PID00672,Burger,3,Crispy and delicious.,Neutral,0.51
https://www.facebook.com/reel/PID00625/?comment_id=1397040301789369,Aadhya,PID00625,Momo,3,Delivery was late.,Neutral,0.44
https://www.facebook.com/reel/PID00583/?comment_id=1397040301789370,Krishna,PID00583,Dosa,3,Perfect meal!,Neutral,0.42
https://www.facebook.com/reel/PID00644/?comment_id=1397040301789371,Vihaan,PID00644,Noodles,5,Amazing flavor!,Positive,0.97
https://www.facebook.com/reel/PID00679/?comment_id=1397040301789372,Vihaan,PID00679,Pizza,3,Amazing flavor!,Neutral,0.52
https://www.facebook.com/reel/PID00606/?comment_id=1397040301789373,Aditya,PID00606,Dosa,2,Great quantity for price.,Negative,-0.04
https://www.facebook.com/reel/PID00678/?comment_id=1397040301789374,Vivaan,PID00678,Momo,1,Superb quality!,Negative,-0.09
https://www.facebook.com/reel/PID00637/?comment_id=1397040301789375,Anaya,PID00637,Dosa,2,Loved the taste!,Negative,-0.15
https://www.facebook.com/reel/PID00609/?comment_id=1397040301789376,Aditya,PID00609,Biryani,1,Great quantity for price.,Negative,-0.02
https://www.facebook.com/reel/PID00572/?comment_id=1397040301789377,Arjun,PID00572,Noodles,3,Crispy and delicious.,Neutral,0.44
https://www.facebook.com/reel/PID00558/?comment_id=1397040301789378,Riya,PID00558,Burger,4,Not satisfied.,Positive,0.89
https://www.facebook.com/reel/PID00586/?comment_id=1397040301789379,Aditya,PID00586,Pasta,1,Yummy and satisfying.,Negative,-0.12
https://www.facebook.com/reel/PID00540/?comment_id=1397040301789380,Krishna,PID00540,Pasta,3,Worst food ever.,Neutral,0.54
https://www.facebook.com/reel/PID00540/?comment_id=1397040301789381,Aditya,PID00540,Momo,5,Loved the taste!,Positive,0.97
https://www.facebook.com/reel/PID00521/?comment_id=1397040301789382,Prisha,PID00521,Pizza,3,Very tasty and enjoyable.,Neutral,0.46
https://www.facebook.com/reel/PID00510/?comment_id=1397040301789383,Anaya,PID00510,Momo,4,Delivery was late.,Positive,0.88
https://www.facebook.com/reel/PID00599/?comment_id=1397040301789384,Ira,PID00599,Sandwich,3,Delivery was late.,Neutral,0.5
https://www.facebook.com/reel/PID00547/?comment_id=1397040301789385,Krishna,PID00547,Biryani,1,I didn't like it.,Negative,-0.02
https://www.facebook.com/reel/PID00691/?comment_id=1397040301789386,Diya,PID00691,Biryani,2,Delivery was late.,Negative,-0.11
https://www.facebook.com/reel/PID00549/?comment_id=1397040301789387,Anaya,PID00549,Noodles,3,Not satisfied.,Neutral,0.43
https://www.facebook.com/reel/PID00541/?comment_id=1397040301789388,Aditya,PID00541,Dosa,1,Not fresh.,Negative,-0.2
https://www.facebook.com/reel/PID00601/?comment_id=1397040301789389,Rohan,PID00601,Noodles,1,Amazing flavor!,Negative,-0.11
https://www.facebook.com/reel/PID00617/?comment_id=1397040301789390,Aditya,PID00617,Fried Rice,3,Too spicy but good.,Neutral,0.57
https://www.facebook.com/reel/PID00667/?comment_id=1397040301789391,Myra,PID00667,Idli,2,Perfect meal!,Negative,-0.04
https://www.facebook.com/reel/PID00676/?comment_id=1397040301789392,Anika,PID00676,Biryani,3,Too spicy but good.,Neutral,0.44
https://www.facebook.com/reel/PID00594/?comment_id=1397040301789393,Krishna,PID00594,Idli,3,Could be better.,Neutral,0.59
https://www.facebook.com/reel/PID00630/?comment_id=1397040301789394,Myra,PID00630,Idli,4,Didn't meet expectations.,Positive,0.96
https://www.facebook.com/reel/PID00533/?comment_id=1397040301789395,Aryan,PID00533,Idli,3,Bad experience.,Neutral,0.46
https://www.facebook.com/reel/PID00563/?comment_id=1397040301789396,Krishna,PID00563,Dosa,1,Didn't meet expectations.,Negative,-0.19
https://www.facebook.com/reel/PID00691/?comment_id=1397040301789397,Rohan,PID00691,Biryani,2,Terrible packaging.,Negative,-0.19
https://www.facebook.com/reel/PID00651/?comment_id=1397040301789398,Aarav,PID00651,Noodles,5,Worst food ever.,Positive,0.95
https://www.facebook.com/reel/PID00647/?comment_id=1397040301789399,Rohan,PID00647,Idli,3,Delivery was late.,Neutral,0.5
https://www.facebook.com/reel/PID00640/?comment_id=1397040301789400,Aditya,PID00640,Dosa,5,I didn't like it.,Positive,0.84
https://www.facebook.com/reel/PID00523/?comment_id=1397040301789401,Diya,PID00523,Idli,2,Very tasty and enjoyable.,Negative,-0.01
https://www.facebook.com/reel/PID00691/?comment_id=1397040301789402,Vivaan,PID00691,Pizza,3,Great quantity for price.,Neutral,0.56
https://www.facebook.com/reel/PID00604/?comment_id=1397040301789403,Riya,PID00604,Pizza,4,Too spicy but good.,Positive,0.87
https://www.facebook.com/reel/PID00687/?comment_id=1397040301789404,Arjun,PID00687,Sandwich,2,Terrible packaging.,Negative,-0.15
https://www.facebook.com/reel/PID00509/?comment_id=1397040301789405,Ishaan,PID00509,Momo,5,Bad experience.,Positive,0.93
https://www.facebook.com/reel/PID00520/?comment_id=1397040301789406,Aadhya,PID00520,Pizza,1,Superb quality!,Negative,-0.09
https://www.facebook.com/reel/PID00672/?comment_id=1397040301789407,Aadhya,PID00672,Momo,2,Worth the price.,Negative,-0.1
https://www.facebook.com/reel/PID00682/?comment_id=1397040301789408,Ishaan,PID00682,Pasta,2,Yummy and satisfying.,Negative,-0.19
https://www.facebook.com/reel/PID00692/?comment_id=1397040301789409,Prisha,PID00692,Dosa,4,Too spicy but good.,Positive,0.82
https://www.facebook.com/reel/PID00559/?comment_id=1397040301789410,Aarav,PID00559,Dosa,5,Could be better.,Positive,0.99
https://www.facebook.com/reel/PID00556/?comment_id=1397040301789411,Aadhya,PID00556,Pizza,5,I didn't like it.,Positive,0.81
https://www.facebook.com/reel/PID00622/?comment_id=1397040301789412,Diya,PID00622,Fried Rice,1,Yummy and satisfying.,Negative,-0.19
https://www.facebook.com/reel/PID00511/?comment_id=1397040301789413,Ishaan,PID00511,Fried Rice,1,Amazing flavor!,Negative,-0.18
https://www.facebook.com/reel/PID00595/?comment_id=1397040301789414,Krishna,PID00595,Idli,3,Crispy and delicious.,Neutral,0.52
https://www.facebook.com/reel/PID00558/?comment_id=1397040301789415,Anaya,PID00558,Idli,2,Worth the price.,Negative,-0.12
https://www.facebook.com/reel/PID00570/?comment_id=1397040301789416,Myra,PID00570,Sandwich,3,Bad experience.,Neutral,0.46
https://www.facebook.com/reel/PID00675/?comment_id=1397040301789417,Saanvi,PID00675,Burger,5,Crispy and delicious.,Positive,0.89
https://www.facebook.com/reel/PID00611/?comment_id=1397040301789418,Aditya,PID00611,Dosa,2,Great quantity for price.,Negative,-0.18
https://www.facebook.com/reel/PID00604/?comment_id=1397040301789419,Ira,PID00604,Dosa,5,Delivery was late.,Positive,0.82
https://www.facebook.com/reel/PID00624/?comment_id=1397040301789420,Krishna,PID00624,Idli,5,Great quantity for price.,Positive,0.92
https://www.facebook.com/reel/PID00642/?comment_id=1397040301789421,Ishaan,PID00642,Biryani,1,Not satisfied.,Negative,-0.15
https://www.facebook.com/reel/PID00509/?comment_id=1397040301789422,Krishna,PID00509,Biryani,5,Too spicy but good.,Positive,0.89
https://www.facebook.com/reel/PID00533/?comment_id=1397040301789423,Diya,PID00533,Dosa,1,Amazing flavor!,Negative,-0.01
https://www.facebook.com/reel/PID00591/?comment_id=1397040301789424,Myra,PID00591,Sandwich,3,Terrible packaging.,Neutral,0.42
https://www.facebook.com/reel/PID00577/?comment_id=1397040301789425,Aadhya,PID00577,Noodles,1,Worth the price.,Negative,-0.04
https://www.facebook.com/reel/PID00682/?comment_id=1397040301789426,Myra,PID00682,Noodles,2,Loved the taste!,Negative,-0.1
https://www.facebook.com/reel/PID00557/?comment_id=1397040301789427,Vihaan,PID00557,Burger,5,Bad experience.,Positive,0.82
https://www.facebook.com/reel/PID00611/?comment_id=1397040301789428,Aryan,PID00611,Dosa,2,Amazing flavor!,Negative,-0.17
https://www.facebook.com/reel/PID00504/?comment_id=1397040301789429,Rohan,PID00504,Biryani,2,Delivery was late.,Negative,-0.09
https://www.facebook.com/reel/PID00660/?comment_id=1397040301789430,Arjun,PID00660,Pasta,3,Great quantity for price.,Neutral,0.45
https://www.facebook.com/reel/PID00636/?comment_id=1397040301789431,Vivaan,PID00636,Pasta,1,Very tasty and enjoyable.,Negative,-0.07
https://www.facebook.com/reel/PID00558/?comment_id=1397040301789432,Ira,PID00558,Fried Rice,5,Too spicy but good.,Positive,0.96
https://www.facebook.com/reel/PID00503/?comment_id=1397040301789433,Ishaan,PID00503,Idli,4,Loved the taste!,Positive,0.87
https://www.facebook.com/reel/PID00583/?comment_id=1397040301789434,Prisha,PID00583,Pasta,1,Great quantity for price.,Negative,-0.11
https://www.facebook.com/reel/PID00651/?comment_id=1397040301789435,Sai,PID00651,Momo,2,Didn't meet expectations.,Negative,-0.06
https://www.facebook.com/reel/PID00556/?comment_id=1397040301789436,Aarav,PID00556,Dosa,5,Yummy and satisfying.,Positive,0.99
https://www.facebook.com/reel/PID00627/?comment_id=1397040301789437,Sai,PID00627,Momo,2,I will order again!,Negative,-0.16
https://www.facebook.com/reel/PID00688/?comment_id=1397040301789438,Vihaan,PID00688,Momo,1,Not satisfied.,Negative,-0.14
https://www.facebook.com/reel/PID00563/?comment_id=1397040301789439,Sara,PID00563,Noodles,1,Didn't meet expectations.,Negative,-0.07
https://www.facebook.com/reel/PID00607/?comment_id=1397040301789440,Aarav,PID00607,Pasta,1,Great quantity for price.,Negative,-0.02
https://www.facebook.com/reel/PID00580/?comment_id=1397040301789441,Aditya,PID00580,Idli,2,Didn't meet expectations.,Negative,0
https://www.facebook.com/reel/PID00623/?comment_id=1397040301789442,Arjun,PID00623,Sandwich,1,Yummy and satisfying.,Negative,-0.19
https://www.facebook.com/reel/PID00615/?comment_id=1397040301789443,Riya,PID00615,Momo,4,Not fresh.,Positive,0.98
https://www.facebook.com/reel/PID00505/?comment_id=1397040301789444,Sai,PID00505,Biryani,5,Could be better.,Positive,0.8
https://www.facebook.com/reel/PID00554/?comment_id=1397040301789445,Arjun,PID00554,Pasta,3,Crispy and delicious.,Neutral,0.49
https://www.facebook.com/reel/PID00506/?comment_id=1397040301789446,Vihaan,PID00506,Pasta,5,Superb quality!,Positive,0.96
https://www.facebook.com/reel/PID00638/?comment_id=1397040301789447,Prisha,PID00638,Pasta,2,Didn't meet expectations.,Negative,-0.12
https://www.facebook.com/reel/PID00539/?comment_id=1397040301789448,Vivaan,PID00539,Idli,2,Worst food ever.,Negative,-0.19
https://www.facebook.com/reel/PID00653/?comment_id=1397040301789449,Aadhya,PID00653,Pasta,4,Superb quality!,Positive,0.89
https://www.facebook.com/reel/PID00563/?comment_id=1397040301789450,Sara,PID00563,Idli,1,Great quantity for price.,Negative,-0.01
https://www.facebook.com/reel/PID00520/?comment_id=1397040301789451,Diya,PID00520,Noodles,3,I didn't like it.,Neutral,0.46
https://www.facebook.com/reel/PID00609/?comment_id=1397040301789452,Vihaan,PID00609,Dosa,4,Superb quality!,Positive,0.87
https://www.facebook.com/reel/PID00526/?comment_id=1397040301789453,Krishna,PID00526,Idli,3,I didn't like it.,Neutral,0.49
https://www.facebook.com/reel/PID00557/?comment_id=1397040301789454,Vivaan,PID00557,Burger,1,Delivery was late.,Negative,-0.12
https://www.facebook.com/reel/PID00698/?comment_id=1397040301789455,Prisha,PID00698,Pizza,4,Very tasty and enjoyable.,Positive,0.92
https://www.facebook.com/reel/PID00656/?comment_id=1397040301789456,Saanvi,PID00656,Noodles,5,Worst food ever.,Positive,0.81
https://www.facebook.com/reel/PID00693/?comment_id=1397040301789457,Anaya,PID00693,Idli,3,Crispy and delicious.,Neutral,0.5
https://www.facebook.com/reel/PID00624/?comment_id=1397040301789458,Diya,PID00624,Pizza,4,Bad experience.,Positive,0.84
https://www.facebook.com/reel/PID00666/?comment_id=1397040301789459,Sai,PID00666,Noodles,1,Bad experience.,Negative,-0.17
https://www.facebook.com/reel/PID00538/?comment_id=1397040301789460,Aadhya,PID00538,Fried Rice,2,Worth the price.,Negative,-0.07
https://www.facebook.com/reel/PID00640/?comment_id=1397040301789461,Anika,PID00640,Pasta,2,Worth the price.,Negative,-0.11
https://www.facebook.com/reel/PID00564/?comment_id=1397040301789462,Arjun,PID00564,Burger,5,Yummy and satisfying.,Positive,0.83
https://www.facebook.com/reel/PID00554/?comment_id=1397040301789463,Aadhya,PID00554,Dosa,1,I didn't like it.,Negative,-0.1
https://www.facebook.com/reel/PID00568/?comment_id=1397040301789464,Prisha,PID00568,Fried Rice,2,Loved the taste!,Negative,-0.07
https://www.facebook.com/reel/PID00656/?comment_id=1397040301789465,Aadhya,PID00656,Pizza,2,Delivery was late.,Negative,-0.11
https://www.facebook.com/reel/PID00684/?comment_id=1397040301789466,Ishaan,PID00684,Pizza,5,Superb quality!,Positive,0.99
https://www.facebook.com/reel/PID00530/?comment_id=1397040301789467,Ishaan,PID00530,Noodles,3,Could be better.,Neutral,0.56
https://www.facebook.com/reel/PID00565/?comment_id=1397040301789468,Aditya,PID00565,Sandwich,1,Bad experience.,Negative,-0.18
https://www.facebook.com/reel/PID00606/?comment_id=1397040301789469,Riya,PID00606,Sandwich,3,Amazing flavor!,Neutral,0.58
https://www.facebook.com/reel/PID00676/?comment_id=1397040301789470,Vihaan,PID00676,Sandwich,5,Perfect meal!,Positive,0.87
https://www.facebook.com/reel/PID00676/?comment_id=1397040301789471,Sai,PID00676,Momo,5,Crispy and delicious.,Positive,0.95
https://www.facebook.com/reel/PID00572/?comment_id=1397040301789472,Aadhya,PID00572,Sandwich,5,Great quantity for price.,Positive,0.91
https://www.facebook.com/reel/PID00515/?comment_id=1397040301789473,Diya,PID00515,Momo,5,Crispy and delicious.,Positive,0.88
https://www.facebook.com/reel/PID00608/?comment_id=1397040301789474,Krishna,PID00608,Fried Rice,3,Bad experience.,Neutral,0.48
https://www.facebook.com/reel/PID00578/?comment_id=1397040301789475,Sai,PID00578,Pizza,4,Perfect meal!,Positive,0.89
https://www.facebook.com/reel/PID00657/?comment_id=1397040301789476,Anaya,PID00657,Sandwich,5,Amazing flavor!,Positive,1
https://www.facebook.com/reel/PID00622/?comment_id=1397040301789477,Aditya,PID00622,Biryani,5,Very tasty and enjoyable.,Positive,0.96
https://www.facebook.com/reel/PID00652/?comment_id=1397040301789478,Diya,PID00652,Pizza,4,Delivery was late.,Positive,0.81
https://www.facebook.com/reel/PID00585/?comment_id=1397040301789479,Ishaan,PID00585,Pasta,1,Worst food ever.,Negative,-0.1
https://www.facebook.com/reel/PID00635/?comment_id=1397040301789480,Ira,PID00635,Momo,2,I will order again!,Negative,-0.1
https://www.facebook.com/reel/PID00581/?comment_id=1397040301789481,Saanvi,PID00581,Momo,4,Yummy and satisfying.,Positive,0.88
https://www.facebook.com/reel/PID00576/?comment_id=1397040301789482,Anaya,PID00576,Momo,2,I will order again!,Negative,-0.09
https://www.facebook.com/reel/PID00664/?comment_id=1397040301789483,Arjun,PID00664,Burger,5,Not fresh.,Positive,0.87
https://www.facebook.com/reel/PID00556/?comment_id=1397040301789484,Aarav,PID00556,Sandwich,1,Could be better.,Negative,-0.02
https://www.facebook.com/reel/PID00625/?comment_id=1397040301789485,Riya,PID00625,Momo,2,Very tasty and enjoyable.,Negative,-0.07
https://www.facebook.com/reel/PID00538/?comment_id=1397040301789486,Sara,PID00538,Fried Rice,4,Didn't meet expectations.,Positive,0.96
https://www.facebook.com/reel/PID00649/?comment_id=1397040301789487,Saanvi,PID00649,Biryani,2,Too spicy but good.,Negative,-0.14
https://www.facebook.com/reel/PID00654/?comment_id=1397040301789488,Aryan,PID00654,Pasta,1,Loved the taste!,Negative,-0.11
https://www.facebook.com/reel/PID00618/?comment_id=1397040301789489,Rohan,PID00618,Sandwich,3,Very tasty and enjoyable.,Neutral,0.52
https://www.facebook.com/reel/PID00636/?comment_id=1397040301789490,Krishna,PID00636,Dosa,2,Bad experience.,Negative,-0.1
https://www.facebook.com/reel/PID00683/?comment_id=1397040301789491,Sai,PID00683,Burger,1,Delivery was late.,Negative,-0.07
https://www.facebook.com/reel/PID00697/?comment_id=1397040301789492,Rohan,PID00697,Idli,2,I will order again!,Negative,-0.03
https://www.facebook.com/reel/PID00585/?comment_id=1397040301789493,Vivaan,PID00585,Pasta,3,Great quantity for price.,Neutral,0.55
https://www.facebook.com/reel/PID00617/?comment_id=1397040301789494,Sara,PID00617,Sandwich,2,I will order again!,Negative,-0.12
https://www.facebook.com/reel/PID00638/?comment_id=1397040301789495,Ira,PID00638,Noodles,1,I didn't like it.,Negative,-0.16
https://www.facebook.com/reel/PID00601/?comment_id=1397040301789496,Diya,PID00601,Fried Rice,5,Very tasty and enjoyable.,Positive,1
https://www.facebook.com/reel/PID00579/?comment_id=1397040301789497,Sara,PID00579,Idli,3,I will order again!,Neutral,0.49
https://www.facebook.com/reel/PID00527/?comment_id=1397040301789498,Rohan,PID00527,Fried Rice,1,Yummy and satisfying.,Negative,-0.1
https://www.facebook.com/reel/PID00653/?comment_id=1397040301789499,Aadhya,PID00653,Sandwich,4,Perfect meal!,Positive,0.95
https://www.facebook.com/reel/PID00693/?comment_id=1397040301789500,Sai,PID00693,Noodles,1,Terrible packaging.,Negative,-0.11
https://www.facebook.com/reel/PID00569/?comment_id=1397040301789501,Sara,PID00569,Pasta,5,Didn't meet expectations.,Positive,0.84
https://www.facebook.com/reel/PID00660/?comment_id=1397040301789502,Prisha,PID00660,Momo,1,Superb quality!,Negative,-0.19
https://www.facebook.com/reel/PID00574/?comment_id=1397040301789503,Sai,PID00574,Idli,5,Not fresh.,Positive,0.85
https://www.facebook.com/reel/PID00585/?comment_id=1397040301789504,Krishna,PID00585,Pizza,3,Not fresh.,Neutral,0.49
https://www.facebook.com/reel/PID00549/?comment_id=1397040301789505,Aditya,PID00549,Burger,3,Amazing flavor!,Neutral,0.52
https://www.facebook.com/reel/PID00696/?comment_id=1397040301789506,Krishna,PID00696,Pizza,2,Worst food ever.,Negative,-0.16
https://www.facebook.com/reel/PID00682/?comment_id=1397040301789507,Myra,PID00682,Pizza,2,Bad experience.,Negative,-0.04
https://www.facebook.com/reel/PID00616/?comment_id=1397040301789508,Vihaan,PID00616,Noodles,5,Perfect meal!,Positive,0.93
https://www.facebook.com/reel/PID00695/?comment_id=1397040301789509,Rohan,PID00695,Noodles,5,Perfect meal!,Positive,0.97
https://www.facebook.com/reel/PID00616/?comment_id=1397040301789510,Saanvi,PID00616,Momo,5,Very tasty and enjoyable.,Positive,0.83
https://www.facebook.com/reel/PID00659/?comment_id=1397040301789511,Myra,PID00659,Noodles,3,Delivery was late.,Neutral,0.42
https://www.facebook.com/reel/PID00623/?comment_id=1397040301789512,Prisha,PID00623,Idli,2,Too spicy but good.,Negative,-0.07
https://www.facebook.com/reel/PID00546/?comment_id=1397040301789513,Rohan,PID00546,Sandwich,5,Superb quality!,Positive,0.89
https://www.facebook.com/reel/PID00507/?comment_id=1397040301789514,Aarav,PID00507,Sandwich,1,Amazing flavor!,Negative,-0.1
https://www.facebook.com/reel/PID00544/?comment_id=1397040301789515,Vihaan,PID00544,Noodles,1,Crispy and delicious.,Negative,-0.13
https://www.facebook.com/reel/PID00695/?comment_id=1397040301789516,Arjun,PID00695,Burger,1,Didn't meet expectations.,Negative,-0.17
https://www.facebook.com/reel/PID00532/?comment_id=1397040301789517,Aadhya,PID00532,Pizza,2,Superb quality!,Negative,-0.19
https://www.facebook.com/reel/PID00509/?comment_id=1397040301789518,Vihaan,PID00509,Fried Rice,1,Yummy and satisfying.,Negative,-0.05
https://www.facebook.com/reel/PID00601/?comment_id=1397040301789519,Diya,PID00601,Dosa,1,Not fresh.,Negative,-0.09
https://www.facebook.com/reel/PID00686/?comment_id=1397040301789520,Aditya,PID00686,Fried Rice,5,Terrible packaging.,Positive,0.96
https://www.facebook.com/reel/PID00542/?comment_id=1397040301789521,Riya,PID00542,Momo,3,Amazing flavor!,Neutral,0.51
https://www.facebook.com/reel/PID00609/?comment_id=1397040301789522,Riya,PID00609,Dosa,5,Didn't meet expectations.,Positive,0.82
https://www.facebook.com/reel/PID00670/?comment_id=1397040301789523,Aryan,PID00670,Biryani,5,Great quantity for price.,Positive,0.98
https://www.facebook.com/reel/PID00557/?comment_id=1397040301789524,Ira,PID00557,Burger,3,Superb quality!,Neutral,0.56
https://www.facebook.com/reel/PID00567/?comment_id=1397040301789525,Ira,PID00567,Dosa,3,I didn't like it.,Neutral,0.55
https://www.facebook.com/reel/PID00554/?comment_id=1397040301789526,Rohan,PID00554,Dosa,1,I didn't like it.,Negative,-0.2
https://www.facebook.com/reel/PID00543/?comment_id=1397040301789527,Ira,PID00543,Noodles,2,I didn't like it.,Negative,-0.1
https://www.facebook.com/reel/PID00506/?comment_id=1397040301789528,Rohan,PID00506,Momo,1,Worth the price.,Negative,-0.18
https://www.facebook.com/reel/PID00550/?comment_id=1397040301789529,Aditya,PID00550,Momo,2,Could be better.,Negative,-0.2
https://www.facebook.com/reel/PID00648/?comment_id=1397040301789530,Diya,PID00648,Dosa,4,Loved the taste!,Positive,1
https://www.facebook.com/reel/PID00654/?comment_id=1397040301789531,Prisha,PID00654,Fried Rice,5,Superb quality!,Positive,0.86
https://www.facebook.com/reel/PID00629/?comment_id=1397040301789532,Aarav,PID00629,Fried Rice,2,Terrible packaging.,Negative,-0.12
https://www.facebook.com/reel/PID00635/?comment_id=1397040301789533,Anaya,PID00635,Pizza,2,Didn't meet expectations.,Negative,-0.16
https://www.facebook.com/reel/PID00529/?comment_id=1397040301789534,Aryan,PID00529,Noodles,1,Amazing flavor!,Negative,-0.05
https://www.facebook.com/reel/PID00518/?comment_id=1397040301789535,Riya,PID00518,Biryani,3,Terrible packaging.,Neutral,0.59
https://www.facebook.com/reel/PID00680/?comment_id=1397040301789536,Saanvi,PID00680,Sandwich,2,Bad experience.,Negative,-0.17
https://www.facebook.com/reel/PID00685/?comment_id=1397040301789537,Diya,PID00685,Burger,1,Didn't meet expectations.,Negative,-0.2
https://www.facebook.com/reel/PID00583/?comment_id=1397040301789538,Riya,PID00583,Dosa,1,Terrible packaging.,Negative,-0.2
https://www.facebook.com/reel/PID00506/?comment_id=1397040301789539,Rohan,PID00506,Burger,2,Not fresh.,Negative,-0.15
https://www.facebook.com/reel/PID00657/?comment_id=1397040301789540,Anaya,PID00657,Pasta,1,Crispy and delicious.,Negative,-0.14
https://www.facebook.com/reel/PID00579/?comment_id=1397040301789541,Rohan,PID00579,Pizza,4,Too spicy but good.,Positive,0.89
https://www.facebook.com/reel/PID00699/?comment_id=1397040301789542,Anika,PID00699,Sandwich,4,Delivery was late.,Positive,0.89
https://www.facebook.com/reel/PID00610/?comment_id=1397040301789543,Vivaan,PID00610,Noodles,3,Very tasty and enjoyable.,Neutral,0.48
https://www.facebook.com/reel/PID00649/?comment_id=1397040301789544,Krishna,PID00649,Pizza,1,Too spicy but good.,Negative,-0.17
https://www.facebook.com/reel/PID00607/?comment_id=1397040301789545,Krishna,PID00607,Fried Rice,4,Very tasty and enjoyable.,Positive,0.94
https://www.facebook.com/reel/PID00642/?comment_id=1397040301789546,Myra,PID00642,Noodles,1,Bad experience.,Negative,-0.13
https://www.facebook.com/reel/PID00582/?comment_id=1397040301789547,Anaya,PID00582,Fried Rice,1,Bad experience.,Negative,-0.16
https://www.facebook.com/reel/PID00512/?comment_id=1397040301789548,Prisha,PID00512,Momo,2,Terrible packaging.,Negative,-0.16
https://www.facebook.com/reel/PID00575/?comment_id=1397040301789549,Aditya,PID00575,Biryani,2,Very tasty and enjoyable.,Negative,-0.12
https://www.facebook.com/reel/PID00549/?comment_id=1397040301789550,Arjun,PID00549,Momo,3,Could be better.,Neutral,0.52
https://www.facebook.com/reel/PID00694/?comment_id=1397040301789551,Vihaan,PID00694,Sandwich,2,Great quantity for price.,Negative,-0.19
https://www.facebook.com/reel/PID00547/?comment_id=1397040301789552,Sara,PID00547,Fried Rice,3,Yummy and satisfying.,Neutral,0.53
https://www.facebook.com/reel/PID00620/?comment_id=1397040301789553,Prisha,PID00620,Biryani,5,Superb quality!,Positive,0.99
https://www.facebook.com/reel/PID00563/?comment_id=1397040301789554,Rohan,PID00563,Pasta,5,Could be better.,Positive,0.82
https://www.facebook.com/reel/PID00624/?comment_id=1397040301789555,Anika,PID00624,Fried Rice,4,I will order again!,Positive,0.94
https://www.facebook.com/reel/PID00612/?comment_id=1397040301789556,Aarav,PID00612,Biryani,1,I didn't like it.,Negative,-0.15
https://www.facebook.com/reel/PID00613/?comment_id=1397040301789557,Anaya,PID00613,Dosa,2,Loved the taste!,Negative,-0.18
https://www.facebook.com/reel/PID00674/?comment_id=1397040301789558,Aditya,PID00674,Fried Rice,4,Very tasty and enjoyable.,Positive,0.85
https://www.facebook.com/reel/PID00602/?comment_id=1397040301789559,Prisha,PID00602,Momo,5,Not satisfied.,Positive,0.8
https://www.facebook.com/reel/PID00611/?comment_id=1397040301789560,Riya,PID00611,Burger,4,Yummy and satisfying.,Positive,0.96
https://www.facebook.com/reel/PID00585/?comment_id=1397040301789561,Vivaan,PID00585,Pizza,5,Great quantity for price.,Positive,0.92
https://www.facebook.com/reel/PID00567/?comment_id=1397040301789562,Vihaan,PID00567,Momo,1,Terrible packaging.,Negative,-0.1
https://www.facebook.com/reel/PID00679/?comment_id=1397040301789563,Sai,PID00679,Noodles,3,I didn't like it.,Neutral,0.52
https://www.facebook.com/reel/PID00558/?comment_id=1397040301789564,Vihaan,PID00558,Idli,3,Not satisfied.,Neutral,0.49
https://www.facebook.com/reel/PID00602/?comment_id=1397040301789565,Krishna,PID00602,Momo,5,Not fresh.,Positive,1
https://www.facebook.com/reel/PID00618/?comment_id=1397040301789566,Sai,PID00618,Biryani,1,Worth the price.,Negative,-0.06
https://www.facebook.com/reel/PID00570/?comment_id=1397040301789567,Aditya,PID00570,Idli,3,Bad experience.,Neutral,0.59
https://www.facebook.com/reel/PID00514/?comment_id=1397040301789568,Rohan,PID00514,Sandwich,2,Delivery was late.,Negative,-0.07
https://www.facebook.com/reel/PID00652/?comment_id=1397040301789569,Aarav,PID00652,Dosa,1,Great quantity for price.,Negative,-0.19
https://www.facebook.com/reel/PID00576/?comment_id=1397040301789570,Aditya,PID00576,Idli,4,I didn't like it.,Positive,0.94
https://www.facebook.com/reel/PID00511/?comment_id=1397040301789571,Myra,PID00511,Biryani,4,Crispy and delicious.,Positive,0.86
https://www.facebook.com/reel/PID00562/?comment_id=1397040301789572,Aadhya,PID00562,Noodles,1,Didn't meet expectations.,Negative,-0.16
https://www.facebook.com/reel/PID00638/?comment_id=1397040301789573,Riya,PID00638,Fried Rice,5,Very tasty and enjoyable.,Positive,0.91
https://www.facebook.com/reel/PID00548/?comment_id=1397040301789574,Saanvi,PID00548,Noodles,3,Crispy and delicious.,Neutral,0.52
https://www.facebook.com/reel/PID00661/?comment_id=1397040301789575,Arjun,PID00661,Noodles,5,Too spicy but good.,Positive,0.82
https://www.facebook.com/reel/PID00658/?comment_id=1397040301789576,Anika,PID00658,Sandwich,5,Superb quality!,Positive,0.98
https://www.facebook.com/reel/PID00580/?comment_id=1397040301789577,Diya,PID00580,Pizza,3,Terrible packaging.,Neutral,0.4
https://www.facebook.com/reel/PID00538/?comment_id=1397040301789578,Arjun,PID00538,Dosa,2,Could be better.,Negative,-0.19
https://www.facebook.com/reel/PID00538/?comment_id=1397040301789579,Aryan,PID00538,Idli,3,Not satisfied.,Neutral,0.55
https://www.facebook.com/reel/PID00504/?comment_id=1397040301789580,Myra,PID00504,Fried Rice,4,Too spicy but good.,Positive,0.81
https://www.facebook.com/reel/PID00649/?comment_id=1397040301789581,Aditya,PID00649,Burger,2,Could be better.,Negative,-0.01
https://www.facebook.com/reel/PID00581/?comment_id=1397040301789582,Saanvi,PID00581,Pasta,5,Perfect meal!,Positive,0.95
https://www.facebook.com/reel/PID00504/?comment_id=1397040301789583,Aadhya,PID00504,Pasta,2,Perfect meal!,Negative,-0.13
https://www.facebook.com/reel/PID00614/?comment_id=1397040301789584,Aadhya,PID00614,Idli,3,Perfect meal!,Neutral,0.46
https://www.facebook.com/reel/PID00505/?comment_id=1397040301789585,Aarav,PID00505,Fried Rice,3,Superb quality!,Neutral,0.48
https://www.facebook.com/reel/PID00684/?comment_id=1397040301789586,Aditya,PID00684,Momo,3,Loved the taste!,Neutral,0.46
https://www.facebook.com/reel/PID00564/?comment_id=1397040301789587,Vihaan,PID00564,Dosa,5,Worth the price.,Positive,0.85
https://www.facebook.com/reel/PID00505/?comment_id=1397040301789588,Ira,PID00505,Momo,4,Amazing flavor!,Positive,0.98
https://www.facebook.com/reel/PID00639/?comment_id=1397040301789589,Rohan,PID00639,Dosa,2,Didn't meet expectations.,Negative,-0.17
https://www.facebook.com/reel/PID00683/?comment_id=1397040301789590,Aditya,PID00683,Noodles,1,I didn't like it.,Negative,-0.18
https://www.facebook.com/reel/PID00643/?comment_id=1397040301789591,Riya,PID00643,Noodles,3,Amazing flavor!,Neutral,0.45
https://www.facebook.com/reel/PID00631/?comment_id=1397040301789592,Rohan,PID00631,Pizza,1,Amazing flavor!,Negative,-0.05
https://www.facebook.com/reel/PID00693/?comment_id=1397040301789593,Aryan,PID00693,Noodles,4,Great quantity for price.,Positive,0.98
https://www.facebook.com/reel/PID00661/?comment_id=1397040301789594,Myra,PID00661,Pasta,1,Too spicy but good.,Negative,-0.19
https://www.facebook.com/reel/PID00659/?comment_id=1397040301789595,Arjun,PID00659,Sandwich,3,Superb quality!,Neutral,0.4
https://www.facebook.com/reel/PID00591/?comment_id=1397040301789596,Vivaan,PID00591,Pasta,2,Superb quality!,Negative,-0.02
https://www.facebook.com/reel/PID00526/?comment_id=1397040301789597,Anika,PID00526,Pasta,1,Yummy and satisfying.,Negative,-0.17
https://www.facebook.com/reel/PID00567/?comment_id=1397040301789598,Vihaan,PID00567,Sandwich,4,Very tasty and enjoyable.,Positive,0.96
https://www.facebook.com/reel/PID00671/?comment_id=1397040301789599,Myra,PID00671,Sandwich,4,Delivery was late.,Positive,0.89
https://www.facebook.com/reel/PID00527/?comment_id=1397040301789600,Arjun,PID00527,Noodles,1,Not satisfied.,Negative,-0.05
https://www.facebook.com/reel/PID00580/?comment_id=1397040301789601,Sai,PID00580,Noodles,3,Very tasty and enjoyable.,Neutral,0.44
https://www.facebook.com/reel/PID00578/?comment_id=1397040301789602,Arjun,PID00578,Pasta,5,Worth the price.,Positive,0.85
https://www.facebook.com/reel/PID00571/?comment_id=1397040301789603,Sai,PID00571,Idli,4,I will order again!,Positive,0.93
https://www.facebook.com/reel/PID00564/?comment_id=1397040301789604,Anaya,PID00564,Dosa,4,Amazing flavor!,Positive,0.97
https://www.facebook.com/reel/PID00592/?comment_id=1397040301789605,Aryan,PID00592,Noodles,1,Worst food ever.,Negative,-0.14
https://www.facebook.com/reel/PID00647/?comment_id=1397040301789606,Anika,PID00647,Sandwich,2,Terrible packaging.,Negative,-0.03
https://www.facebook.com/reel/PID00582/?comment_id=1397040301789607,Rohan,PID00582,Pasta,3,Terrible packaging.,Neutral,0.54
https://www.facebook.com/reel/PID00630/?comment_id=1397040301789608,Vivaan,PID00630,Dosa,4,I will order again!,Positive,0.86
https://www.facebook.com/reel/PID00659/?comment_id=1397040301789609,Vihaan,PID00659,Dosa,4,Superb quality!,Positive,0.84
https://www.facebook.com/reel/PID00600/?comment_id=1397040301789610,Ira,PID00600,Biryani,4,Loved the taste!,Positive,0.81
https://www.facebook.com/reel/PID00522/?comment_id=1397040301789611,Riya,PID00522,Noodles,2,I didn't like it.,Negative,-0.08
https://www.facebook.com/reel/PID00610/?comment_id=1397040301789612,Anika,PID00610,Momo,1,Not satisfied.,Negative,-0.19
https://www.facebook.com/reel/PID00518/?comment_id=1397040301789613,Vivaan,PID00518,Fried Rice,4,Worth the price.,Positive,0.9
https://www.facebook.com/reel/PID00615/?comment_id=1397040301789614,Ira,PID00615,Idli,3,Terrible packaging.,Neutral,0.45
https://www.facebook.com/reel/PID00664/?comment_id=1397040301789615,Anaya,PID00664,Fried Rice,4,Perfect meal!,Positive,0.87
https://www.facebook.com/reel/PID00568/?comment_id=1397040301789616,Prisha,PID00568,Idli,1,Delivery was late.,Negative,-0.03
https://www.facebook.com/reel/PID00550/?comment_id=1397040301789617,Myra,PID00550,Sandwich,1,I will order again!,Negative,-0.2
https://www.facebook.com/reel/PID00564/?comment_id=1397040301789618,Krishna,PID00564,Biryani,5,Very tasty and enjoyable.,Positive,1
https://www.facebook.com/reel/PID00697/?comment_id=1397040301789619,Myra,PID00697,Idli,4,Yummy and satisfying.,Positive,0.86
https://www.facebook.com/reel/PID00519/?comment_id=1397040301789620,Anika,PID00519,Idli,4,Great quantity for price.,Positive,0.81
https://www.facebook.com/reel/PID00583/?comment_id=1397040301789621,Ira,PID00583,Biryani,4,Yummy and satisfying.,Positive,0.88
https://www.facebook.com/reel/PID00598/?comment_id=1397040301789622,Ishaan,PID00598,Momo,2,Perfect meal!,Negative,-0.08
https://www.facebook.com/reel/PID00574/?comment_id=1397040301789623,Krishna,PID00574,Fried Rice,4,Very tasty and enjoyable.,Positive,0.94
https://www.facebook.com/reel/PID00612/?comment_id=1397040301789624,Aadhya,PID00612,Fried Rice,1,Not fresh.,Negative,-0.01
https://www.facebook.com/reel/PID00572/?comment_id=1397040301789625,Anaya,PID00572,Biryani,3,Worst food ever.,Neutral,0.45
https://www.facebook.com/reel/PID00610/?comment_id=1397040301789626,Ira,PID00610,Fried Rice,4,Delivery was late.,Positive,0.92
https://www.facebook.com/reel/PID00660/?comment_id=1397040301789627,Arjun,PID00660,Sandwich,1,Superb quality!,Negative,-0.02
https://www.facebook.com/reel/PID00637/?comment_id=1397040301789628,Arjun,PID00637,Fried Rice,3,Superb quality!,Neutral,0.57
https://www.facebook.com/reel/PID00635/?comment_id=1397040301789629,Rohan,PID00635,Burger,2,Worst food ever.,Negative,-0.03
https://www.facebook.com/reel/PID00587/?comment_id=1397040301789630,Sai,PID00587,Burger,1,Didn't meet expectations.,Negative,-0.1
https://www.facebook.com/reel/PID00569/?comment_id=1397040301789631,Aadhya,PID00569,Noodles,1,I didn't like it.,Negative,-0.01
https://www.facebook.com/reel/PID00568/?comment_id=1397040301789632,Arjun,PID00568,Pizza,2,Terrible packaging.,Negative,-0.04
https://www.facebook.com/reel/PID00567/?comment_id=1397040301789633,Rohan,PID00567,Idli,3,Perfect meal!,Neutral,0.42
https://www.facebook.com/reel/PID00503/?comment_id=1397040301789634,Diya,PID00503,Pizza,1,Didn't meet expectations.,Negative,-0.06
https://www.facebook.com/reel/PID00657/?comment_id=1397040301789635,Vihaan,PID00657,Noodles,5,Bad experience.,Positive,0.91
https://www.facebook.com/reel/PID00580/?comment_id=1397040301789636,Rohan,PID00580,Dosa,2,Yummy and satisfying.,Negative,-0.19
https://www.facebook.com/reel/PID00656/?comment_id=1397040301789637,Anika,PID00656,Biryani,2,Loved the taste!,Negative,-0.2
https://www.facebook.com/reel/PID00505/?comment_id=1397040301789638,Aadhya,PID00505,Fried Rice,4,Too spicy but good.,Positive,0.83
https://www.facebook.com/reel/PID00655/?comment_id=1397040301789639,Anaya,PID00655,Dosa,4,Perfect meal!,Positive,0.88
https://www.facebook.com/reel/PID00649/?comment_id=1397040301789640,Arjun,PID00649,Sandwich,2,Perfect meal!,Negative,-0.08
https://www.facebook.com/reel/PID00545/?comment_id=1397040301789641,Ishaan,PID00545,Idli,5,Crispy and delicious.,Positive,0.91
https://www.facebook.com/reel/PID00520/?comment_id=1397040301789642,Sai,PID00520,Noodles,4,Worth the price.,Positive,0.99
https://www.facebook.com/reel/PID00507/?comment_id=1397040301789643,Saanvi,PID00507,Noodles,1,Very tasty and enjoyable.,Negative,-0.15
https://www.facebook.com/reel/PID00584/?comment_id=1397040301789644,Ira,PID00584,Noodles,4,Not fresh.,Positive,0.93
https://www.facebook.com/reel/PID00687/?comment_id=1397040301789645,Saanvi,PID00687,Momo,5,I will order again!,Positive,0.89
https://www.facebook.com/reel/PID00555/?comment_id=1397040301789646,Anaya,PID00555,Momo,4,Too spicy but good.,Positive,0.87
https://www.facebook.com/reel/PID00617/?comment_id=1397040301789647,Arjun,PID00617,Noodles,4,Could be better.,Positive,0.82
https://www.facebook.com/reel/PID00555/?comment_id=1397040301789648,Diya,PID00555,Momo,1,I will order again!,Negative,-0.1
https://www.facebook.com/reel/PID00619/?comment_id=1397040301789649,Anika,PID00619,Burger,2,Crispy and delicious.,Negative,-0.06
https://www.facebook.com/reel/PID00678/?comment_id=1397040301789650,Ishaan,PID00678,Dosa,1,Worst food ever.,Negative,-0.11
https://www.facebook.com/reel/PID00660/?comment_id=1397040301789651,Vihaan,PID00660,Dosa,3,Loved the taste!,Neutral,0.55
https://www.facebook.com/reel/PID00631/?comment_id=1397040301789652,Aadhya,PID00631,Fried Rice,4,Delivery was late.,Positive,0.88
https://www.facebook.com/reel/PID00529/?comment_id=1397040301789653,Vihaan,PID00529,Burger,5,Perfect meal!,Positive,0.89
https://www.facebook.com/reel/PID00627/?comment_id=1397040301789654,Rohan,PID00627,Dosa,4,Worth the price.,Positive,0.81
https://www.facebook.com/reel/PID00653/?comment_id=1397040301789655,Aryan,PID00653,Biryani,5,Perfect meal!,Positive,0.91
https://www.facebook.com/reel/PID00674/?comment_id=1397040301789656,Rohan,PID00674,Biryani,1,Great quantity for price.,Negative,-0.13
https://www.facebook.com/reel/PID00600/?comment_id=1397040301789657,Krishna,PID00600,Pizza,2,Perfect meal!,Negative,-0.02
https://www.facebook.com/reel/PID00604/?comment_id=1397040301789658,Anaya,PID00604,Pasta,1,Perfect meal!,Negative,-0.02
https://www.facebook.com/reel/PID00503/?comment_id=1397040301789659,Arjun,PID00503,Idli,1,Too spicy but good.,Negative,-0.13
https://www.facebook.com/reel/PID00563/?comment_id=1397040301789660,Anaya,PID00563,Dosa,1,Didn't meet expectations.,Negative,-0.14
https://www.facebook.com/reel/PID00630/?comment_id=1397040301789661,Prisha,PID00630,Pizza,1,Delivery was late.,Negative,-0.03
https://www.facebook.com/reel/PID00545/?comment_id=1397040301789662,Aadhya,PID00545,Idli,1,Bad experience.,Negative,0
https://www.facebook.com/reel/PID00530/?comment_id=1397040301789663,Aadhya,PID00530,Momo,1,Could be better.,Negative,-0.13
https://www.facebook.com/reel/PID00645/?comment_id=1397040301789664,Arjun,PID00645,Biryani,1,Great quantity for price.,Negative,-0.18
https://www.facebook.com/reel/PID00613/?comment_id=1397040301789665,Aditya,PID00613,Fried Rice,1,I will order again!,Negative,-0.16
https://www.facebook.com/reel/PID00516/?comment_id=1397040301789666,Aarav,PID00516,Burger,5,I will order again!,Positive,0.9
https://www.facebook.com/reel/PID00612/?comment_id=1397040301789667,Myra,PID00612,Noodles,5,Bad experience.,Positive,0.83
https://www.facebook.com/reel/PID00671/?comment_id=1397040301789668,Vihaan,PID00671,Dosa,1,Terrible packaging.,Negative,-0.06
https://www.facebook.com/reel/PID00623/?comment_id=1397040301789669,Prisha,PID00623,Burger,3,Delivery was late.,Neutral,0.52
https://www.facebook.com/reel/PID00687/?comment_id=1397040301789670,Vivaan,PID00687,Momo,4,Yummy and satisfying.,Positive,0.88
https://www.facebook.com/reel/PID00572/?comment_id=1397040301789671,Aryan,PID00572,Biryani,3,Worst food ever.,Neutral,0.52
https://www.facebook.com/reel/PID00594/?comment_id=1397040301789672,Vihaan,PID00594,Burger,4,Bad experience.,Positive,0.91
https://www.facebook.com/reel/PID00519/?comment_id=1397040301789673,Aditya,PID00519,Biryani,3,Terrible packaging.,Neutral,0.41
https://www.facebook.com/reel/PID00528/?comment_id=1397040301789674,Krishna,PID00528,Idli,4,Worst food ever.,Positive,0.84
https://www.facebook.com/reel/PID00520/?comment_id=1397040301789675,Riya,PID00520,Pasta,4,Crispy and delicious.,Positive,0.88
https://www.facebook.com/reel/PID00576/?comment_id=1397040301789676,Aadhya,PID00576,Momo,1,Worth the price.,Negative,-0.02
https://www.facebook.com/reel/PID00605/?comment_id=1397040301789677,Vihaan,PID00605,Burger,1,Crispy and delicious.,Negative,-0.07
https://www.facebook.com/reel/PID00545/?comment_id=1397040301789678,Rohan,PID00545,Pasta,5,I will order again!,Positive,0.92
https://www.facebook.com/reel/PID00569/?comment_id=1397040301789679,Saanvi,PID00569,Burger,5,Very tasty and enjoyable.,Positive,0.96
https://www.facebook.com/reel/PID00655/?comment_id=1397040301789680,Anika,PID00655,Noodles,2,Not satisfied.,Negative,-0.18
https://www.facebook.com/reel/PID00568/?comment_id=1397040301789681,Aryan,PID00568,Biryani,1,Perfect meal!,Negative,-0.14
https://www.facebook.com/reel/PID00696/?comment_id=1397040301789682,Riya,PID00696,Biryani,3,Loved the taste!,Neutral,0.57
https://www.facebook.com/reel/PID00543/?comment_id=1397040301789683,Ira,PID00543,Noodles,1,Great quantity for price.,Negative,-0.11
https://www.facebook.com/reel/PID00678/?comment_id=1397040301789684,Aadhya,PID00678,Sandwich,5,Terrible packaging.,Positive,0.88
https://www.facebook.com/reel/PID00554/?comment_id=1397040301789685,Ishaan,PID00554,Noodles,2,Very tasty and enjoyable.,Negative,-0.18
https://www.facebook.com/reel/PID00505/?comment_id=1397040301789686,Ishaan,PID00505,Burger,3,I didn't like it.,Neutral,0.55
https://www.facebook.com/reel/PID00684/?comment_id=1397040301789687,Diya,PID00684,Pasta,1,I will order again!,Negative,-0.17
https://www.facebook.com/reel/PID00516/?comment_id=1397040301789688,Krishna,PID00516,Dosa,2,Amazing flavor!,Negative,-0.05
https://www.facebook.com/reel/PID00691/?comment_id=1397040301789689,Prisha,PID00691,Sandwich,3,Superb quality!,Neutral,0.52
https://www.facebook.com/reel/PID00687/?comment_id=1397040301789690,Vivaan,PID00687,Pizza,5,Worth the price.,Positive,0.88
https://www.facebook.com/reel/PID00699/?comment_id=1397040301789691,Ishaan,PID00699,Sandwich,5,Not satisfied.,Positive,0.99
https://www.facebook.com/reel/PID00618/?comment_id=1397040301789692,Sai,PID00618,Momo,5,Not fresh.,Positive,0.97
https://www.facebook.com/reel/PID00609/?comment_id=1397040301789693,Riya,PID00609,Noodles,3,Bad experience.,Neutral,0.41
https://www.facebook.com/reel/PID00696/?comment_id=1397040301789694,Saanvi,PID00696,Idli,3,Crispy and delicious.,Neutral,0.57
https://www.facebook.com/reel/PID00654/?comment_id=1397040301789695,Sara,PID00654,Noodles,4,Superb quality!,Positive,0.9
https://www.facebook.com/reel/PID00607/?comment_id=1397040301789696,Ira,PID00607,Pizza,1,Amazing flavor!,Negative,-0.18
https://www.facebook.com/reel/PID00675/?comment_id=1397040301789697,Ishaan,PID00675,Momo,5,Great quantity for price.,Positive,0.81
https://www.facebook.com/reel/PID00633/?comment_id=1397040301789698,Ira,PID00633,Dosa,2,Not fresh.,Negative,-0.05
https://www.facebook.com/reel/PID00664/?comment_id=1397040301789699,Aryan,PID00664,Momo,1,Very tasty and enjoyable.,Negative,-0.09
https://www.facebook.com/reel/PID00607/?comment_id=1397040301789700,Saanvi,PID00607,Pizza,1,Not fresh.,Negative,-0.19
https://www.facebook.com/reel/PID00574/?comment_id=1397040301789701,Ira,PID00574,Sandwich,5,Worst food ever.,Positive,0.92
https://www.facebook.com/reel/PID00577/?comment_id=1397040301789702,Vivaan,PID00577,Pizza,5,Perfect meal!,Positive,0.95
https://www.facebook.com/reel/PID00555/?comment_id=1397040301789703,Anika,PID00555,Fried Rice,3,Loved the taste!,Neutral,0.54
https://www.facebook.com/reel/PID00522/?comment_id=1397040301789704,Anika,PID00522,Sandwich,2,Great quantity for price.,Negative,-0.16
https://www.facebook.com/reel/PID00636/?comment_id=1397040301789705,Myra,PID00636,Pasta,4,Not satisfied.,Positive,0.86
https://www.facebook.com/reel/PID00611/?comment_id=1397040301789706,Vihaan,PID00611,Idli,3,Great quantity for price.,Neutral,0.56
https://www.facebook.com/reel/PID00577/?comment_id=1397040301789707,Ira,PID00577,Pizza,4,Amazing flavor!,Positive,0.92
https://www.facebook.com/reel/PID00663/?comment_id=1397040301789708,Vivaan,PID00663,Sandwich,3,Superb quality!,Neutral,0.52
https://www.facebook.com/reel/PID00668/?comment_id=1397040301789709,Aditya,PID00668,Dosa,1,Could be better.,Negative,-0.07
https://www.facebook.com/reel/PID00691/?comment_id=1397040301789710,Ishaan,PID00691,Biryani,2,I didn't like it.,Negative,-0.12
https://www.facebook.com/reel/PID00531/?comment_id=1397040301789711,Aditya,PID00531,Momo,4,Perfect meal!,Positive,0.92
https://www.facebook.com/reel/PID00660/?comment_id=1397040301789712,Arjun,PID00660,Biryani,2,Worst food ever.,Negative,-0.12
https://www.facebook.com/reel/PID00665/?comment_id=1397040301789713,Sara,PID00665,Dosa,3,Perfect meal!,Neutral,0.56
https://www.facebook.com/reel/PID00549/?comment_id=1397040301789714,Krishna,PID00549,Idli,3,Too spicy but good.,Neutral,0.43
https://www.facebook.com/reel/PID00602/?comment_id=1397040301789715,Anika,PID00602,Noodles,3,Amazing flavor!,Neutral,0.55
https://www.facebook.com/reel/PID00610/?comment_id=1397040301789716,Diya,PID00610,Dosa,5,Too spicy but good.,Positive,0.96
https://www.facebook.com/reel/PID00655/?comment_id=1397040301789717,Ira,PID00655,Biryani,4,Not fresh.,Positive,0.91
https://www.facebook.com/reel/PID00689/?comment_id=1397040301789718,Vihaan,PID00689,Biryani,1,Didn't meet expectations.,Negative,-0.12
https://www.facebook.com/reel/PID00583/?comment_id=1397040301789719,Krishna,PID00583,Biryani,3,Could be better.,Neutral,0.45
https://www.facebook.com/reel/PID00543/?comment_id=1397040301789720,Ishaan,PID00543,Noodles,5,Worst food ever.,Positive,0.86
https://www.facebook.com/reel/PID00662/?comment_id=1397040301789721,Vivaan,PID00662,Idli,4,Crispy and delicious.,Positive,0.92
https://www.facebook.com/reel/PID00514/?comment_id=1397040301789722,Ishaan,PID00514,Pizza,1,Superb quality!,Negative,-0.2
https://www.facebook.com/reel/PID00515/?comment_id=1397040301789723,Aditya,PID00515,Noodles,5,I will order again!,Positive,0.82
https://www.facebook.com/reel/PID00520/?comment_id=1397040301789724,Aadhya,PID00520,Noodles,5,Not fresh.,Positive,0.91
https://www.facebook.com/reel/PID00528/?comment_id=1397040301789725,Riya,PID00528,Sandwich,3,Crispy and delicious.,Neutral,0.48
https://www.facebook.com/reel/PID00674/?comment_id=1397040301789726,Myra,PID00674,Fried Rice,1,Too spicy but good.,Negative,-0.08
https://www.facebook.com/reel/PID00563/?comment_id=1397040301789727,Sai,PID00563,Momo,1,Loved the taste!,Negative,-0.13
https://www.facebook.com/reel/PID00604/?comment_id=1397040301789728,Anaya,PID00604,Fried Rice,5,I will order again!,Positive,0.87
https://www.facebook.com/reel/PID00658/?comment_id=1397040301789729,Sara,PID00658,Sandwich,1,I will order again!,Negative,-0.15
https://www.facebook.com/reel/PID00502/?comment_id=1397040301789730,Aarav,PID00502,Sandwich,5,Amazing flavor!,Positive,0.81
https://www.facebook.com/reel/PID00682/?comment_id=1397040301789731,Riya,PID00682,Biryani,4,Delivery was late.,Positive,0.97
https://www.facebook.com/reel/PID00697/?comment_id=1397040301789732,Vihaan,PID00697,Biryani,2,Perfect meal!,Negative,-0.01
https://www.facebook.com/reel/PID00610/?comment_id=1397040301789733,Diya,PID00610,Biryani,4,Superb quality!,Positive,0.82
https://www.facebook.com/reel/PID00621/?comment_id=1397040301789734,Ira,PID00621,Dosa,3,Crispy and delicious.,Neutral,0.47
https://www.facebook.com/reel/PID00647/?comment_id=1397040301789735,Anaya,PID00647,Pasta,2,I will order again!,Negative,-0.2
https://www.facebook.com/reel/PID00507/?comment_id=1397040301789736,Saanvi,PID00507,Fried Rice,5,I will order again!,Positive,0.89
https://www.facebook.com/reel/PID00528/?comment_id=1397040301789737,Ira,PID00528,Momo,5,Terrible packaging.,Positive,0.95
https://www.facebook.com/reel/PID00687/?comment_id=1397040301789738,Sara,PID00687,Burger,2,Worth the price.,Negative,-0.12
https://www.facebook.com/reel/PID00659/?comment_id=1397040301789739,Anaya,PID00659,Burger,4,Worth the price.,Positive,0.95
https://www.facebook.com/reel/PID00676/?comment_id=1397040301789740,Anaya,PID00676,Momo,2,Loved the taste!,Negative,-0.02
https://www.facebook.com/reel/PID00531/?comment_id=1397040301789741,Myra,PID00531,Dosa,2,Bad experience.,Negative,-0.19
https://www.facebook.com/reel/PID00639/?comment_id=1397040301789742,Rohan,PID00639,Momo,3,Terrible packaging.,Neutral,0.56
https://www.facebook.com/reel/PID00525/?comment_id=1397040301789743,Rohan,PID00525,Sandwich,2,Terrible packaging.,Negative,-0.17
https://www.facebook.com/reel/PID00529/?comment_id=1397040301789744,Sai,PID00529,Pasta,4,Bad experience.,Positive,0.91
https://www.facebook.com/reel/PID00528/?comment_id=1397040301789745,Saanvi,PID00528,Biryani,3,Very tasty and enjoyable.,Neutral,0.51
https://www.facebook.com/reel/PID00685/?comment_id=1397040301789746,Sai,PID00685,Biryani,2,Worth the price.,Negative,-0.05
https://www.facebook.com/reel/PID00531/?comment_id=1397040301789747,Rohan,PID00531,Sandwich,2,Very tasty and enjoyable.,Negative,-0.07
https://www.facebook.com/reel/PID00644/?comment_id=1397040301789748,Diya,PID00644,Fried Rice,3,Very tasty and enjoyable.,Neutral,0.59
https://www.facebook.com/reel/PID00622/?comment_id=1397040301789749,Riya,PID00622,Sandwich,1,Terrible packaging.,Negative,-0.05
https://www.facebook.com/reel/PID00562/?comment_id=1397040301789750,Prisha,PID00562,Momo,3,Could be better.,Neutral,0.59
https://www.facebook.com/reel/PID00649/?comment_id=1397040301789751,Saanvi,PID00649,Burger,2,Worst food ever.,Negative,-0.14
https://www.facebook.com/reel/PID00683/?comment_id=1397040301789752,Diya,PID00683,Fried Rice,3,Not fresh.,Neutral,0.48
https://www.facebook.com/reel/PID00668/?comment_id=1397040301789753,Aryan,PID00668,Momo,2,Superb quality!,Negative,-0.11
https://www.facebook.com/reel/PID00692/?comment_id=1397040301789754,Krishna,PID00692,Dosa,4,I will order again!,Positive,0.93
https://www.facebook.com/reel/PID00649/?comment_id=1397040301789755,Aryan,PID00649,Dosa,4,I will order again!,Positive,0.87
https://www.facebook.com/reel/PID00556/?comment_id=1397040301789756,Ira,PID00556,Pasta,2,Worst food ever.,Negative,-0.18
https://www.facebook.com/reel/PID00646/?comment_id=1397040301789757,Sai,PID00646,Pizza,3,Crispy and delicious.,Neutral,0.44
https://www.facebook.com/reel/PID00619/?comment_id=1397040301789758,Sara,PID00619,Noodles,3,Could be better.,Neutral,0.57
https://www.facebook.com/reel/PID00542/?comment_id=1397040301789759,Arjun,PID00542,Momo,1,Bad experience.,Negative,-0.09
https://www.facebook.com/reel/PID00608/?comment_id=1397040301789760,Vihaan,PID00608,Burger,4,Superb quality!,Positive,0.81
https://www.facebook.com/reel/PID00524/?comment_id=1397040301789761,Sai,PID00524,Dosa,4,Crispy and delicious.,Positive,0.9
https://www.facebook.com/reel/PID00513/?comment_id=1397040301789762,Aryan,PID00513,Idli,3,Amazing flavor!,Neutral,0.48
https://www.facebook.com/reel/PID00527/?comment_id=1397040301789763,Aadhya,PID00527,Biryani,3,Not fresh.,Neutral,0.45
https://www.facebook.com/reel/PID00539/?comment_id=1397040301789764,Ira,PID00539,Idli,3,Great quantity for price.,Neutral,0.6
https://www.facebook.com/reel/PID00674/?comment_id=1397040301789765,Anaya,PID00674,Dosa,4,Great quantity for price.,Positive,0.94
https://www.facebook.com/reel/PID00580/?comment_id=1397040301789766,Aarav,PID00580,Idli,5,Crispy and delicious.,Positive,0.94
https://www.facebook.com/reel/PID00554/?comment_id=1397040301789767,Anaya,PID00554,Fried Rice,2,Could be better.,Negative,-0.12
https://www.facebook.com/reel/PID00531/?comment_id=1397040301789768,Myra,PID00531,Sandwich,4,Great quantity for price.,Positive,0.96
https://www.facebook.com/reel/PID00535/?comment_id=1397040301789769,Myra,PID00535,Pasta,3,Too spicy but good.,Neutral,0.49
https://www.facebook.com/reel/PID00523/?comment_id=1397040301789770,Ira,PID00523,Noodles,3,Not satisfied.,Neutral,0.44
https://www.facebook.com/reel/PID00511/?comment_id=1397040301789771,Arjun,PID00511,Dosa,5,I didn't like it.,Positive,0.97
https://www.facebook.com/reel/PID00606/?comment_id=1397040301789772,Saanvi,PID00606,Biryani,3,Amazing flavor!,Neutral,0.43
https://www.facebook.com/reel/PID00617/?comment_id=1397040301789773,Sara,PID00617,Noodles,1,Superb quality!,Negative,0
https://www.facebook.com/reel/PID00612/?comment_id=1397040301789774,Aarav,PID00612,Momo,3,Delivery was late.,Neutral,0.42
https://www.facebook.com/reel/PID00614/?comment_id=1397040301789775,Myra,PID00614,Burger,1,I didn't like it.,Negative,-0.02
https://www.facebook.com/reel/PID00542/?comment_id=1397040301789776,Prisha,PID00542,Dosa,3,Could be better.,Neutral,0.49
https://www.facebook.com/reel/PID00694/?comment_id=1397040301789777,Sara,PID00694,Dosa,1,Bad experience.,Negative,-0.06
https://www.facebook.com/reel/PID00681/?comment_id=1397040301789778,Ishaan,PID00681,Biryani,4,Too spicy but good.,Positive,0.96
https://www.facebook.com/reel/PID00655/?comment_id=1397040301789779,Rohan,PID00655,Momo,5,Amazing flavor!,Positive,0.88
https://www.facebook.com/reel/PID00524/?comment_id=1397040301789780,Vihaan,PID00524,Biryani,5,Not fresh.,Positive,0.97
https://www.facebook.com/reel/PID00626/?comment_id=1397040301789781,Ishaan,PID00626,Noodles,1,Perfect meal!,Negative,-0.01
https://www.facebook.com/reel/PID00692/?comment_id=1397040301789782,Ishaan,PID00692,Idli,5,Not fresh.,Positive,0.91
https://www.facebook.com/reel/PID00570/?comment_id=1397040301789783,Ira,PID00570,Dosa,1,Superb quality!,Negative,-0.03
https://www.facebook.com/reel/PID00520/?comment_id=1397040301789784,Anika,PID00520,Dosa,5,Loved the taste!,Positive,0.89
https://www.facebook.com/reel/PID00556/?comment_id=1397040301789785,Saanvi,PID00556,Sandwich,5,Crispy and delicious.,Positive,0.91
https://www.facebook.com/reel/PID00563/?comment_id=1397040301789786,Rohan,PID00563,Idli,5,Worth the price.,Positive,0.98
https://www.facebook.com/reel/PID00510/?comment_id=1397040301789787,Ira,PID00510,Idli,5,Too spicy but good.,Positive,0.89
https://www.facebook.com/reel/PID00609/?comment_id=1397040301789788,Ishaan,PID00609,Pizza,2,I will order again!,Negative,-0.12
https://www.facebook.com/reel/PID00673/?comment_id=1397040301789789,Sara,PID00673,Idli,4,Great quantity for price.,Positive,0.91
https://www.facebook.com/reel/PID00668/?comment_id=1397040301789790,Sara,PID00668,Noodles,5,Too spicy but good.,Positive,0.85
https://www.facebook.com/reel/PID00529/?comment_id=1397040301789791,Anaya,PID00529,Idli,3,Could be better.,Neutral,0.51
https://www.facebook.com/reel/PID00677/?comment_id=1397040301789792,Krishna,PID00677,Dosa,1,Didn't meet expectations.,Negative,-0.02
https://www.facebook.com/reel/PID00663/?comment_id=1397040301789793,Myra,PID00663,Pizza,3,Delivery was late.,Neutral,0.49
https://www.facebook.com/reel/PID00612/?comment_id=1397040301789794,Anaya,PID00612,Fried Rice,5,Delivery was late.,Positive,0.99
https://www.facebook.com/reel/PID00655/?comment_id=1397040301789795,Sara,PID00655,Noodles,4,Loved the taste!,Positive,0.92
https://www.facebook.com/reel/PID00697/?comment_id=1397040301789796,Arjun,PID00697,Dosa,3,Worth the price.,Neutral,0.43
https://www.facebook.com/reel/PID00575/?comment_id=1397040301789797,Ishaan,PID00575,Burger,2,Great quantity for price.,Negative,-0.02
https://www.facebook.com/reel/PID00573/?comment_id=1397040301789798,Myra,PID00573,Dosa,2,Amazing flavor!,Negative,-0.15
https://www.facebook.com/reel/PID00644/?comment_id=1397040301789799,Ishaan,PID00644,Idli,5,Amazing flavor!,Positive,0.83
https://www.facebook.com/reel/PID00597/?comment_id=1397040301789800,Aryan,PID00597,Idli,4,I didn't like it.,Positive,0.98
https://www.facebook.com/reel/PID00598/?comment_id=1397040301789801,Diya,PID00598,Sandwich,2,I will order again!,Negative,-0.01
https://www.facebook.com/reel/PID00625/?comment_id=1397040301789802,Aditya,PID00625,Pasta,3,Perfect meal!,Neutral,0.58
https://www.facebook.com/reel/PID00636/?comment_id=1397040301789803,Krishna,PID00636,Fried Rice,2,I didn't like it.,Negative,-0.08
https://www.facebook.com/reel/PID00683/?comment_id=1397040301789804,Ishaan,PID00683,Sandwich,2,I didn't like it.,Negative,-0.07
https://www.facebook.com/reel/PID00671/?comment_id=1397040301789805,Aadhya,PID00671,Idli,3,Loved the taste!,Neutral,0.58
https://www.facebook.com/reel/PID00628/?comment_id=1397040301789806,Prisha,PID00628,Momo,4,Amazing flavor!,Positive,0.87
https://www.facebook.com/reel/PID00695/?comment_id=1397040301789807,Arjun,PID00695,Biryani,4,Loved the taste!,Positive,0.9
https://www.facebook.com/reel/PID00680/?comment_id=1397040301789808,Anaya,PID00680,Fried Rice,1,Too spicy but good.,Negative,-0.1
https://www.facebook.com/reel/PID00540/?comment_id=1397040301789809,Prisha,PID00540,Noodles,5,Bad experience.,Positive,0.89
https://www.facebook.com/reel/PID00611/?comment_id=1397040301789810,Riya,PID00611,Burger,3,I will order again!,Neutral,0.59
https://www.facebook.com/reel/PID00636/?comment_id=1397040301789811,Krishna,PID00636,Burger,5,Amazing flavor!,Positive,0.89
https://www.facebook.com/reel/PID00699/?comment_id=1397040301789812,Ira,PID00699,Burger,1,Didn't meet expectations.,Negative,-0.04
https://www.facebook.com/reel/PID00593/?comment_id=1397040301789813,Myra,PID00593,Momo,3,Could be better.,Neutral,0.56
https://www.facebook.com/reel/PID00547/?comment_id=1397040301789814,Sai,PID00547,Noodles,5,Worth the price.,Positive,0.93
https://www.facebook.com/reel/PID00609/?comment_id=1397040301789815,Aryan,PID00609,Momo,3,Too spicy but good.,Neutral,0.55
https://www.facebook.com/reel/PID00643/?comment_id=1397040301789816,Sara,PID00643,Burger,4,Perfect meal!,Positive,0.95
https://www.facebook.com/reel/PID00533/?comment_id=1397040301789817,Vivaan,PID00533,Pizza,2,Crispy and delicious.,Negative,-0.1
https://www.facebook.com/reel/PID00627/?comment_id=1397040301789818,Rohan,PID00627,Sandwich,5,Perfect meal!,Positive,0.82
https://www.facebook.com/reel/PID00603/?comment_id=1397040301789819,Ira,PID00603,Idli,2,Amazing flavor!,Negative,-0.04
https://www.facebook.com/reel/PID00578/?comment_id=1397040301789820,Anaya,PID00578,Pasta,2,I didn't like it.,Negative,-0.03
https://www.facebook.com/reel/PID00558/?comment_id=1397040301789821,Vihaan,PID00558,Fried Rice,2,Crispy and delicious.,Negative,-0.15
https://www.facebook.com/reel/PID00505/?comment_id=1397040301789822,Saanvi,PID00505,Noodles,4,Too spicy but good.,Positive,0.88
https://www.facebook.com/reel/PID00691/?comment_id=1397040301789823,Anika,PID00691,Biryani,1,Perfect meal!,Negative,-0.04
https://www.facebook.com/reel/PID00624/?comment_id=1397040301789824,Sara,PID00624,Idli,1,Didn't meet expectations.,Negative,-0.12
https://www.facebook.com/reel/PID00683/?comment_id=1397040301789825,Anaya,PID00683,Pizza,3,I didn't like it.,Neutral,0.49
https://www.facebook.com/reel/PID00518/?comment_id=1397040301789826,Riya,PID00518,Noodles,1,Loved the taste!,Negative,-0.08
https://www.facebook.com/reel/PID00598/?comment_id=1397040301789827,Riya,PID00598,Pizza,4,Crispy and delicious.,Positive,0.95
https://www.facebook.com/reel/PID00551/?comment_id=1397040301789828,Aadhya,PID00551,Momo,4,Amazing flavor!,Positive,0.93
https://www.facebook.com/reel/PID00532/?comment_id=1397040301789829,Myra,PID00532,Idli,3,Loved the taste!,Neutral,0.53
https://www.facebook.com/reel/PID00504/?comment_id=1397040301789830,Arjun,PID00504,Momo,1,Amazing flavor!,Negative,-0.13
https://www.facebook.com/reel/PID00653/?comment_id=1397040301789831,Anika,PID00653,Biryani,5,Loved the taste!,Positive,0.9
https://www.facebook.com/reel/PID00659/?comment_id=1397040301789832,Sai,PID00659,Momo,2,Could be better.,Negative,-0.19
https://www.facebook.com/reel/PID00638/?comment_id=1397040301789833,Aadhya,PID00638,Fried Rice,4,Loved the taste!,Positive,0.95
https://www.facebook.com/reel/PID00673/?comment_id=1397040301789834,Saanvi,PID00673,Sandwich,3,Bad experience.,Neutral,0.48
https://www.facebook.com/reel/PID00665/?comment_id=1397040301789835,Anaya,PID00665,Dosa,3,Loved the taste!,Neutral,0.55
https://www.facebook.com/reel/PID00571/?comment_id=1397040301789836,Aryan,PID00571,Idli,5,Too spicy but good.,Positive,0.99
https://www.facebook.com/reel/PID00603/?comment_id=1397040301789837,Prisha,PID00603,Pizza,2,Very tasty and enjoyable.,Negative,-0.18
https://www.facebook.com/reel/PID00561/?comment_id=1397040301789838,Krishna,PID00561,Noodles,4,Perfect meal!,Positive,0.86
https://www.facebook.com/reel/PID00633/?comment_id=1397040301789839,Riya,PID00633,Pizza,4,I will order again!,Positive,0.9
https://www.facebook.com/reel/PID00623/?comment_id=1397040301789840,Ira,PID00623,Fried Rice,3,Crispy and delicious.,Neutral,0.44
https://www.facebook.com/reel/PID00529/?comment_id=1397040301789841,Arjun,PID00529,Pizza,4,I will order again!,Positive,0.82
https://www.facebook.com/reel/PID00549/?comment_id=1397040301789842,Krishna,PID00549,Dosa,3,I will order again!,Neutral,0.57
https://www.facebook.com/reel/PID00627/?comment_id=1397040301789843,Aarav,PID00627,Biryani,4,Great quantity for price.,Positive,0.89
https://www.facebook.com/reel/PID00568/?comment_id=1397040301789844,Myra,PID00568,Biryani,5,Terrible packaging.,Positive,0.92
https://www.facebook.com/reel/PID00636/?comment_id=1397040301789845,Diya,PID00636,Momo,4,Worst food ever.,Positive,0.81
https://www.facebook.com/reel/PID00659/?comment_id=1397040301789846,Vivaan,PID00659,Dosa,4,Superb quality!,Positive,0.87
https://www.facebook.com/reel/PID00614/?comment_id=1397040301789847,Aarav,PID00614,Burger,4,Yummy and satisfying.,Positive,0.95
https://www.facebook.com/reel/PID00515/?comment_id=1397040301789848,Sai,PID00515,Fried Rice,1,Worth the price.,Negative,-0.08
https://www.facebook.com/reel/PID00593/?comment_id=1397040301789849,Prisha,PID00593,Biryani,4,Terrible packaging.,Positive,0.85
https://www.facebook.com/reel/PID00531/?comment_id=1397040301789850,Sai,PID00531,Idli,4,I didn't like it.,Positive,0.85
https://www.facebook.com/reel/PID00545/?comment_id=1397040301789851,Myra,PID00545,Momo,2,Superb quality!,Negative,-0.18
https://www.facebook.com/reel/PID00614/?comment_id=1397040301789852,Sara,PID00614,Burger,2,Not satisfied.,Negative,-0.01
https://www.facebook.com/reel/PID00637/?comment_id=1397040301789853,Ishaan,PID00637,Noodles,1,Crispy and delicious.,Negative,-0.01
https://www.facebook.com/reel/PID00598/?comment_id=1397040301789854,Sara,PID00598,Momo,1,I didn't like it.,Negative,-0.08
https://www.facebook.com/reel/PID00515/?comment_id=1397040301789855,Vivaan,PID00515,Momo,2,Delivery was late.,Negative,-0.15
https://www.facebook.com/reel/PID00646/?comment_id=1397040301789856,Aditya,PID00646,Pizza,5,Great quantity for price.,Positive,0.82
https://www.facebook.com/reel/PID00637/?comment_id=1397040301789857,Aarav,PID00637,Burger,5,Worst food ever.,Positive,0.98
https://www.facebook.com/reel/PID00632/?comment_id=1397040301789858,Rohan,PID00632,Pasta,3,Loved the taste!,Neutral,0.56
https://www.facebook.com/reel/PID00612/?comment_id=1397040301789859,Rohan,PID00612,Fried Rice,5,Great quantity for price.,Positive,0.98
https://www.facebook.com/reel/PID00607/?comment_id=1397040301789860,Ishaan,PID00607,Sandwich,4,Not satisfied.,Positive,0.97
https://www.facebook.com/reel/PID00523/?comment_id=1397040301789861,Sai,PID00523,Sandwich,3,Delivery was late.,Neutral,0.49
https://www.facebook.com/reel/PID00698/?comment_id=1397040301789862,Anaya,PID00698,Burger,1,Yummy and satisfying.,Negative,-0.1
https://www.facebook.com/reel/PID00530/?comment_id=1397040301789863,Saanvi,PID00530,Fried Rice,2,I will order again!,Negative,-0.12
https://www.facebook.com/reel/PID00560/?comment_id=1397040301789864,Diya,PID00560,Fried Rice,2,Could be better.,Negative,-0.08
https://www.facebook.com/reel/PID00651/?comment_id=1397040301789865,Myra,PID00651,Pizza,5,Worst food ever.,Positive,0.98
https://www.facebook.com/reel/PID00587/?comment_id=1397040301789866,Aryan,PID00587,Momo,4,Superb quality!,Positive,0.84
https://www.facebook.com/reel/PID00586/?comment_id=1397040301789867,Anika,PID00586,Dosa,1,Amazing flavor!,Negative,-0.13
https://www.facebook.com/reel/PID00645/?comment_id=1397040301789868,Sai,PID00645,Noodles,5,Great quantity for price.,Positive,0.86
https://www.facebook.com/reel/PID00522/?comment_id=1397040301789869,Sara,PID00522,Dosa,4,Not fresh.,Positive,0.9
https://www.facebook.com/reel/PID00526/?comment_id=1397040301789870,Aditya,PID00526,Momo,5,Very tasty and enjoyable.,Positive,0.83
https://www.facebook.com/reel/PID00677/?comment_id=1397040301789871,Anika,PID00677,Biryani,5,Very tasty and enjoyable.,Positive,0.96
https://www.facebook.com/reel/PID00581/?comment_id=1397040301789872,Myra,PID00581,Burger,3,Crispy and delicious.,Neutral,0.41
https://www.facebook.com/reel/PID00632/?comment_id=1397040301789873,Riya,PID00632,Fried Rice,2,Superb quality!,Negative,-0.13
https://www.facebook.com/reel/PID00608/?comment_id=1397040301789874,Aarav,PID00608,Idli,1,Crispy and delicious.,Negative,-0.16
https://www.facebook.com/reel/PID00508/?comment_id=1397040301789875,Ishaan,PID00508,Pasta,5,Didn't meet expectations.,Positive,0.88
https://www.facebook.com/reel/PID00562/?comment_id=1397040301789876,Riya,PID00562,Pizza,2,Didn't meet expectations.,Negative,-0.12
https://www.facebook.com/reel/PID00576/?comment_id=1397040301789877,Myra,PID00576,Dosa,4,Terrible packaging.,Positive,0.82
https://www.facebook.com/reel/PID00557/?comment_id=1397040301789878,Aryan,PID00557,Momo,5,Perfect meal!,Positive,0.84
https://www.facebook.com/reel/PID00656/?comment_id=1397040301789879,Saanvi,PID00656,Pizza,5,Very tasty and enjoyable.,Positive,0.89
https://www.facebook.com/reel/PID00656/?comment_id=1397040301789880,Aadhya,PID00656,Momo,4,Not satisfied.,Positive,0.91
https://www.facebook.com/reel/PID00686/?comment_id=1397040301789881,Myra,PID00686,Noodles,5,Very tasty and enjoyable.,Positive,0.88
https://www.facebook.com/reel/PID00534/?comment_id=1397040301789882,Arjun,PID00534,Pasta,5,Perfect meal!,Positive,0.89
https://www.facebook.com/reel/PID00513/?comment_id=1397040301789883,Riya,PID00513,Fried Rice,1,Crispy and delicious.,Negative,-0.06
https://www.facebook.com/reel/PID00513/?comment_id=1397040301789884,Anika,PID00513,Noodles,1,Bad experience.,Negative,-0.16
https://www.facebook.com/reel/PID00610/?comment_id=1397040301789885,Rohan,PID00610,Dosa,4,Great quantity for price.,Positive,0.88
https://www.facebook.com/reel/PID00626/?comment_id=1397040301789886,Vivaan,PID00626,Fried Rice,5,Loved the taste!,Positive,0.91
https://www.facebook.com/reel/PID00680/?comment_id=1397040301789887,Riya,PID00680,Momo,1,Crispy and delicious.,Negative,-0.13
https://www.facebook.com/reel/PID00572/?comment_id=1397040301789888,Ishaan,PID00572,Dosa,3,Worst food ever.,Neutral,0.49
https://www.facebook.com/reel/PID00629/?comment_id=1397040301789889,Ishaan,PID00629,Idli,2,Crispy and delicious.,Negative,-0.16
https://www.facebook.com/reel/PID00623/?comment_id=1397040301789890,Aarav,PID00623,Biryani,4,I didn't like it.,Positive,0.92
https://www.facebook.com/reel/PID00600/?comment_id=1397040301789891,Krishna,PID00600,Fried Rice,1,Crispy and delicious.,Negative,-0.05
https://www.facebook.com/reel/PID00552/?comment_id=1397040301789892,Saanvi,PID00552,Noodles,5,Very tasty and enjoyable.,Positive,0.98
https://www.facebook.com/reel/PID00511/?comment_id=1397040301789893,Sara,PID00511,Biryani,3,I didn't like it.,Neutral,0.52
https://www.facebook.com/reel/PID00508/?comment_id=1397040301789894,Aryan,PID00508,Noodles,1,Worth the price.,Negative,-0.1
https://www.facebook.com/reel/PID00681/?comment_id=1397040301789895,Arjun,PID00681,Biryani,5,Too spicy but good.,Positive,0.86
https://www.facebook.com/reel/PID00519/?comment_id=1397040301789896,Sai,PID00519,Noodles,2,Perfect meal!,Negative,-0.06
https://www.facebook.com/reel/PID00524/?comment_id=1397040301789897,Aadhya,PID00524,Biryani,1,Worst food ever.,Negative,-0.15
https://www.facebook.com/reel/PID00685/?comment_id=1397040301789898,Myra,PID00685,Momo,4,Worst food ever.,Positive,0.87
https://www.facebook.com/reel/PID00509/?comment_id=1397040301789899,Vivaan,PID00509,Idli,4,Great quantity for price.,Positive,0.99
https://www.facebook.com/reel/PID00686/?comment_id=1397040301789900,Ishaan,PID00686,Pasta,2,Yummy and satisfying.,Negative,-0.08
https://www.facebook.com/reel/PID00699/?comment_id=1397040301789901,Aadhya,PID00699,Sandwich,4,Bad experience.,Positive,0.8
https://www.facebook.com/reel/PID00543/?comment_id=1397040301789902,Ishaan,PID00543,Sandwich,1,Delivery was late.,Negative,-0.01
https://www.facebook.com/reel/PID00538/?comment_id=1397040301789903,Ira,PID00538,Pasta,3,Great quantity for price.,Neutral,0.49
https://www.facebook.com/reel/PID00644/?comment_id=1397040301789904,Anika,PID00644,Sandwich,1,Didn't meet expectations.,Negative,-0.08
https://www.facebook.com/reel/PID00558/?comment_id=1397040301789905,Aarav,PID00558,Burger,3,Amazing flavor!,Neutral,0.56
https://www.facebook.com/reel/PID00567/?comment_id=1397040301789906,Riya,PID00567,Pasta,2,Great quantity for price.,Negative,-0.02
https://www.facebook.com/reel/PID00569/?comment_id=1397040301789907,Diya,PID00569,Pizza,2,Bad experience.,Negative,-0.17
https://www.facebook.com/reel/PID00641/?comment_id=1397040301789908,Vivaan,PID00641,Pizza,4,Not satisfied.,Positive,1
https://www.facebook.com/reel/PID00519/?comment_id=1397040301789909,Myra,PID00519,Idli,1,Too spicy but good.,Negative,-0.13
https://www.facebook.com/reel/PID00645/?comment_id=1397040301789910,Anaya,PID00645,Idli,1,Yummy and satisfying.,Negative,-0.11
https://www.facebook.com/reel/PID00654/?comment_id=1397040301789911,Aadhya,PID00654,Idli,2,Loved the taste!,Negative,-0.12
https://www.facebook.com/reel/PID00542/?comment_id=1397040301789912,Saanvi,PID00542,Idli,4,Not satisfied.,Positive,0.82
https://www.facebook.com/reel/PID00552/?comment_id=1397040301789913,Arjun,PID00552,Idli,1,Crispy and delicious.,Negative,-0.17
https://www.facebook.com/reel/PID00527/?comment_id=1397040301789914,Prisha,PID00527,Momo,1,Terrible packaging.,Negative,-0.15
https://www.facebook.com/reel/PID00539/?comment_id=1397040301789915,Aarav,PID00539,Biryani,2,Not satisfied.,Negative,-0.13
https://www.facebook.com/reel/PID00659/?comment_id=1397040301789916,Prisha,PID00659,Noodles,5,Perfect meal!,Positive,0.83
https://www.facebook.com/reel/PID00612/?comment_id=1397040301789917,Krishna,PID00612,Dosa,1,Not fresh.,Negative,-0.09
https://www.facebook.com/reel/PID00527/?comment_id=1397040301789918,Vivaan,PID00527,Dosa,3,Great quantity for price.,Neutral,0.53
https://www.facebook.com/reel/PID00563/?comment_id=1397040301789919,Ishaan,PID00563,Burger,2,Delivery was late.,Negative,-0.16
https://www.facebook.com/reel/PID00544/?comment_id=1397040301789920,Ira,PID00544,Burger,4,Terrible packaging.,Positive,0.81
https://www.facebook.com/reel/PID00669/?comment_id=1397040301789921,Arjun,PID00669,Pasta,2,Very tasty and enjoyable.,Negative,-0.18
https://www.facebook.com/reel/PID00505/?comment_id=1397040301789922,Aadhya,PID00505,Biryani,2,Not fresh.,Negative,-0.06
https://www.facebook.com/reel/PID00550/?comment_id=1397040301789923,Anika,PID00550,Idli,4,Worth the price.,Positive,0.87
https://www.facebook.com/reel/PID00648/?comment_id=1397040301789924,Aryan,PID00648,Pasta,4,Too spicy but good.,Positive,0.9
https://www.facebook.com/reel/PID00669/?comment_id=1397040301789925,Anika,PID00669,Sandwich,1,Loved the taste!,Negative,-0.06
https://www.facebook.com/reel/PID00589/?comment_id=1397040301789926,Diya,PID00589,Noodles,2,Too spicy but good.,Negative,-0.14
https://www.facebook.com/reel/PID00660/?comment_id=1397040301789927,Vihaan,PID00660,Sandwich,5,Worth the price.,Positive,0.99
https://www.facebook.com/reel/PID00677/?comment_id=1397040301789928,Aryan,PID00677,Pasta,2,Too spicy but good.,Negative,-0.01
https://www.facebook.com/reel/PID00622/?comment_id=1397040301789929,Prisha,PID00622,Pizza,3,Perfect meal!,Neutral,0.5
https://www.facebook.com/reel/PID00657/?comment_id=1397040301789930,Prisha,PID00657,Momo,2,Worst food ever.,Negative,-0.12
https://www.facebook.com/reel/PID00662/?comment_id=1397040301789931,Anika,PID00662,Noodles,4,Didn't meet expectations.,Positive,0.85
https://www.facebook.com/reel/PID00533/?comment_id=1397040301789932,Ishaan,PID00533,Noodles,5,Too spicy but good.,Positive,0.85
https://www.facebook.com/reel/PID00609/?comment_id=1397040301789933,Rohan,PID00609,Sandwich,3,Worst food ever.,Neutral,0.53
https://www.facebook.com/reel/PID00635/?comment_id=1397040301789934,Diya,PID00635,Pasta,2,Could be better.,Negative,-0.03
https://www.facebook.com/reel/PID00520/?comment_id=1397040301789935,Vihaan,PID00520,Burger,5,Crispy and delicious.,Positive,0.85
https://www.facebook.com/reel/PID00667/?comment_id=1397040301789936,Aryan,PID00667,Idli,3,Didn't meet expectations.,Neutral,0.56
https://www.facebook.com/reel/PID00613/?comment_id=1397040301789937,Prisha,PID00613,Idli,4,I didn't like it.,Positive,0.85
https://www.facebook.com/reel/PID00563/?comment_id=1397040301789938,Anaya,PID00563,Fried Rice,3,Crispy and delicious.,Neutral,0.52
https://www.facebook.com/reel/PID00686/?comment_id=1397040301789939,Rohan,PID00686,Burger,1,I didn't like it.,Negative,-0.04
https://www.facebook.com/reel/PID00617/?comment_id=1397040301789940,Riya,PID00617,Noodles,3,I will order again!,Neutral,0.52
https://www.facebook.com/reel/PID00575/?comment_id=1397040301789941,Ira,PID00575,Dosa,3,Didn't meet expectations.,Neutral,0.57
https://www.facebook.com/reel/PID00588/?comment_id=1397040301789942,Ira,PID00588,Fried Rice,1,Too spicy but good.,Negative,-0.17
https://www.facebook.com/reel/PID00631/?comment_id=1397040301789943,Ishaan,PID00631,Biryani,5,Bad experience.,Positive,0.91
https://www.facebook.com/reel/PID00513/?comment_id=1397040301789944,Aarav,PID00513,Biryani,4,Bad experience.,Positive,0.82
https://www.facebook.com/reel/PID00507/?comment_id=1397040301789945,Aarav,PID00507,Sandwich,4,Amazing flavor!,Positive,0.82
https://www.facebook.com/reel/PID00656/?comment_id=1397040301789946,Aryan,PID00656,Sandwich,2,Delivery was late.,Negative,-0.03
https://www.facebook.com/reel/PID00643/?comment_id=1397040301789947,Ishaan,PID00643,Noodles,1,Worth the price.,Negative,-0.15
https://www.facebook.com/reel/PID00653/?comment_id=1397040301789948,Rohan,PID00653,Pizza,4,Crispy and delicious.,Positive,0.95
https://www.facebook.com/reel/PID00525/?comment_id=1397040301789949,Aryan,PID00525,Sandwich,3,Bad experience.,Neutral,0.55
https://www.facebook.com/reel/PID00639/?comment_id=1397040301789950,Arjun,PID00639,Noodles,1,I didn't like it.,Negative,-0.02
https://www.facebook.com/reel/PID00599/?comment_id=1397040301789951,Rohan,PID00599,Pasta,5,Crispy and delicious.,Positive,0.81
https://www.facebook.com/reel/PID00512/?comment_id=1397040301789952,Ishaan,PID00512,Burger,3,Superb quality!,Neutral,0.57
https://www.facebook.com/reel/PID00511/?comment_id=1397040301789953,Myra,PID00511,Momo,5,Loved the taste!,Positive,0.88
https://www.facebook.com/reel/PID00690/?comment_id=1397040301789954,Aryan,PID00690,Noodles,5,Perfect meal!,Positive,0.84
https://www.facebook.com/reel/PID00606/?comment_id=1397040301789955,Anika,PID00606,Momo,4,Not satisfied.,Positive,1
https://www.facebook.com/reel/PID00677/?comment_id=1397040301789956,Ira,PID00677,Pasta,2,Too spicy but good.,Negative,-0.01
https://www.facebook.com/reel/PID00578/?comment_id=1397040301789957,Anaya,PID00578,Biryani,2,Not fresh.,Negative,-0.11
https://www.facebook.com/reel/PID00586/?comment_id=1397040301789958,Myra,PID00586,Pasta,4,Too spicy but good.,Positive,0.97
https://www.facebook.com/reel/PID00660/?comment_id=1397040301789959,Saanvi,PID00660,Biryani,1,Superb quality!,Negative,-0.07
https://www.facebook.com/reel/PID00692/?comment_id=1397040301789960,Aarav,PID00692,Pizza,2,I will order again!,Negative,-0.18
https://www.facebook.com/reel/PID00559/?comment_id=1397040301789961,Aditya,PID00559,Sandwich,4,Great quantity for price.,Positive,0.91
https://www.facebook.com/reel/PID00654/?comment_id=1397040301789962,Riya,PID00654,Fried Rice,4,Delivery was late.,Positive,0.85
https://www.facebook.com/reel/PID00650/?comment_id=1397040301789963,Aditya,PID00650,Momo,1,Amazing flavor!,Negative,-0.13
https://www.facebook.com/reel/PID00660/?comment_id=1397040301789964,Myra,PID00660,Pasta,4,Too spicy but good.,Positive,0.97
https://www.facebook.com/reel/PID00609/?comment_id=1397040301789965,Myra,PID00609,Sandwich,4,Could be better.,Positive,0.97
https://www.facebook.com/reel/PID00588/?comment_id=1397040301789966,Diya,PID00588,Burger,3,Not satisfied.,Neutral,0.44
https://www.facebook.com/reel/PID00555/?comment_id=1397040301789967,Sai,PID00555,Pizza,5,Too spicy but good.,Positive,0.91
https://www.facebook.com/reel/PID00661/?comment_id=1397040301789968,Sai,PID00661,Pizza,4,Too spicy but good.,Positive,0.95
https://www.facebook.com/reel/PID00581/?comment_id=1397040301789969,Vivaan,PID00581,Biryani,3,Amazing flavor!,Neutral,0.5
https://www.facebook.com/reel/PID00533/?comment_id=1397040301789970,Saanvi,PID00533,Sandwich,5,Not fresh.,Positive,0.96
https://www.facebook.com/reel/PID00549/?comment_id=1397040301789971,Sai,PID00549,Sandwich,3,Not satisfied.,Neutral,0.42
https://www.facebook.com/reel/PID00671/?comment_id=1397040301789972,Diya,PID00671,Pasta,2,Amazing flavor!,Negative,-0.13
https://www.facebook.com/reel/PID00584/?comment_id=1397040301789973,Vihaan,PID00584,Fried Rice,4,Great quantity for price.,Positive,0.84
https://www.facebook.com/reel/PID00671/?comment_id=1397040301789974,Saanvi,PID00671,Noodles,4,Bad experience.,Positive,0.82
https://www.facebook.com/reel/PID00679/?comment_id=1397040301789975,Rohan,PID00679,Idli,3,Too spicy but good.,Neutral,0.5
https://www.facebook.com/reel/PID00690/?comment_id=1397040301789976,Aditya,PID00690,Idli,2,Worth the price.,Negative,-0.09
https://www.facebook.com/reel/PID00620/?comment_id=1397040301789977,Aryan,PID00620,Pasta,3,Perfect meal!,Neutral,0.41
https://www.facebook.com/reel/PID00510/?comment_id=1397040301789978,Aadhya,PID00510,Dosa,5,Superb quality!,Positive,0.83
https://www.facebook.com/reel/PID00642/?comment_id=1397040301789979,Riya,PID00642,Biryani,1,Not satisfied.,Negative,-0.09
https://www.facebook.com/reel/PID00540/?comment_id=1397040301789980,Krishna,PID00540,Momo,5,I will order again!,Positive,0.83
https://www.facebook.com/reel/PID00591/?comment_id=1397040301789981,Anika,PID00591,Sandwich,5,Not fresh.,Positive,0.88
https://www.facebook.com/reel/PID00624/?comment_id=1397040301789982,Riya,PID00624,Dosa,5,Delivery was late.,Positive,0.99
https://www.facebook.com/reel/PID00574/?comment_id=1397040301789983,Aryan,PID00574,Pizza,5,Superb quality!,Positive,0.85
https://www.facebook.com/reel/PID00674/?comment_id=1397040301789984,Rohan,PID00674,Biryani,3,I will order again!,Neutral,0.54
https://www.facebook.com/reel/PID00600/?comment_id=1397040301789985,Krishna,PID00600,Dosa,5,Great quantity for price.,Positive,0.8
https://www.facebook.com/reel/PID00606/?comment_id=1397040301789986,Arjun,PID00606,Biryani,2,Terrible packaging.,Negative,-0.15
https://www.facebook.com/reel/PID00586/?comment_id=1397040301789987,Riya,PID00586,Dosa,3,Yummy and satisfying.,Neutral,0.48
https://www.facebook.com/reel/PID00572/?comment_id=1397040301789988,Ishaan,PID00572,Pasta,1,Didn't meet expectations.,Negative,-0.04
https://www.facebook.com/reel/PID00668/?comment_id=1397040301789989,Sara,PID00668,Burger,2,Terrible packaging.,Negative,-0.08
https://www.facebook.com/reel/PID00665/?comment_id=1397040301789990,Rohan,PID00665,Sandwich,5,Bad experience.,Positive,0.93
https://www.facebook.com/reel/PID00606/?comment_id=1397040301789991,Ishaan,PID00606,Fried Rice,1,Worst food ever.,Negative,0
https://www.facebook.com/reel/PID00522/?comment_id=1397040301789992,Arjun,PID00522,Biryani,2,Could be better.,Negative,-0.06
https://www.facebook.com/reel/PID00608/?comment_id=1397040301789993,Krishna,PID00608,Biryani,1,Great quantity for price.,Negative,-0.01
https://www.facebook.com/reel/PID00623/?comment_id=1397040301789994,Anaya,PID00623,Pizza,5,Worth the price.,Positive,0.82
https://www.facebook.com/reel/PID00700/?comment_id=1397040301789995,Aditya,PID00700,Burger,1,Bad experience.,Negative,-0.08
https://www.facebook.com/reel/PID00624/?comment_id=1397040301789996,Ishaan,PID00624,Dosa,3,Bad experience.,Neutral,0.57
https://www.facebook.com/reel/PID00663/?comment_id=1397040301789997,Aryan,PID00663,Burger,4,Yummy and satisfying.,Positive,0.89
https://www.facebook.com/reel/PID00564/?comment_id=1397040301789998,Saanvi,PID00564,Burger,1,Too spicy but good.,Negative,-0.05
https://www.facebook.com/reel/PID00621/?comment_id=1397040301789999,Anika,PID00621,Dosa,1,Worst food ever.,Negative,-0.07
https://www.facebook.com/reel/PID00549/?comment_id=1397040301790000,Myra,PID00549,Dosa,3,Delivery was late.,Neutral,0.53
https://www.facebook.com/reel/PID00561/?comment_id=1397040301790001,Aadhya,PID00561,Momo,3,Could be better.,Neutral,0.41
https://www.facebook.com/reel/PID00651/?comment_id=1397040301790002,Ira,PID00651,Sandwich,5,Delivery was late.,Positive,0.83
https://www.facebook.com/reel/PID00655/?comment_id=1397040301790003,Saanvi,PID00655,Pasta,1,Too spicy but good.,Negative,-0.06
https://www.facebook.com/reel/PID00654/?comment_id=1397040301790004,Sai,PID00654,Biryani,4,Worst food ever.,Positive,0.83
https://www.facebook.com/reel/PID00582/?comment_id=1397040301790005,Vihaan,PID00582,Biryani,5,Worth the price.,Positive,0.89
https://www.facebook.com/reel/PID00647/?comment_id=1397040301790006,Myra,PID00647,Biryani,1,Crispy and delicious.,Negative,-0.1
https://www.facebook.com/reel/PID00627/?comment_id=1397040301790007,Anaya,PID00627,Momo,5,Not satisfied.,Positive,0.88
https://www.facebook.com/reel/PID00562/?comment_id=1397040301790008,Sara,PID00562,Burger,4,Very tasty and enjoyable.,Positive,0.94
https://www.facebook.com/reel/PID00562/?comment_id=1397040301790009,Myra,PID00562,Burger,2,Perfect meal!,Negative,-0.1
https://www.facebook.com/reel/PID00569/?comment_id=1397040301790010,Aarav,PID00569,Sandwich,3,Bad experience.,Neutral,0.53
https://www.facebook.com/reel/PID00552/?comment_id=1397040301790011,Ishaan,PID00552,Sandwich,1,Not satisfied.,Negative,-0.18
https://www.facebook.com/reel/PID00634/?comment_id=1397040301790012,Sai,PID00634,Pizza,5,Great quantity for price.,Positive,0.85
https://www.facebook.com/reel/PID00633/?comment_id=1397040301790013,Sai,PID00633,Burger,5,I didn't like it.,Positive,0.89
https://www.facebook.com/reel/PID00616/?comment_id=1397040301790014,Aarav,PID00616,Biryani,5,Very tasty and enjoyable.,Positive,0.89
https://www.facebook.com/reel/PID00615/?comment_id=1397040301790015,Sai,PID00615,Pizza,2,Very tasty and enjoyable.,Negative,-0.13
https://www.facebook.com/reel/PID00584/?comment_id=1397040301790016,Ira,PID00584,Burger,1,Worth the price.,Negative,-0.14
https://www.facebook.com/reel/PID00532/?comment_id=1397040301790017,Sai,PID00532,Noodles,5,Not satisfied.,Positive,0.91
https://www.facebook.com/reel/PID00667/?comment_id=1397040301790018,Aadhya,PID00667,Noodles,3,Loved the taste!,Neutral,0.42
https://www.facebook.com/reel/PID00569/?comment_id=1397040301790019,Arjun,PID00569,Sandwich,4,Too spicy but good.,Positive,0.94
https://www.facebook.com/reel/PID00511/?comment_id=1397040301790020,Saanvi,PID00511,Fried Rice,5,Didn't meet expectations.,Positive,0.94
https://www.facebook.com/reel/PID00562/?comment_id=1397040301790021,Ira,PID00562,Noodles,4,Worth the price.,Positive,0.83
https://www.facebook.com/reel/PID00680/?comment_id=1397040301790022,Aditya,PID00680,Pizza,5,Didn't meet expectations.,Positive,0.94
https://www.facebook.com/reel/PID00550/?comment_id=1397040301790023,Vihaan,PID00550,Pizza,1,I didn't like it.,Negative,-0.05
https://www.facebook.com/reel/PID00508/?comment_id=1397040301790024,Saanvi,PID00508,Burger,1,I will order again!,Negative,-0.18
https://www.facebook.com/reel/PID00583/?comment_id=1397040301790025,Prisha,PID00583,Biryani,4,Great quantity for price.,Positive,0.94
https://www.facebook.com/reel/PID00683/?comment_id=1397040301790026,Aryan,PID00683,Burger,3,Perfect meal!,Neutral,0.41
https://www.facebook.com/reel/PID00661/?comment_id=1397040301790027,Diya,PID00661,Sandwich,2,Bad experience.,Negative,-0.01
https://www.facebook.com/reel/PID00581/?comment_id=1397040301790028,Aryan,PID00581,Biryani,3,Yummy and satisfying.,Neutral,0.45
https://www.facebook.com/reel/PID00647/?comment_id=1397040301790029,Aarav,PID00647,Pizza,1,Yummy and satisfying.,Negative,-0.09
https://www.facebook.com/reel/PID00650/?comment_id=1397040301790030,Aadhya,PID00650,Pasta,3,Great quantity for price.,Neutral,0.4
https://www.facebook.com/reel/PID00663/?comment_id=1397040301790031,Aarav,PID00663,Sandwich,5,Amazing flavor!,Positive,0.97
https://www.facebook.com/reel/PID00517/?comment_id=1397040301790032,Krishna,PID00517,Noodles,3,Terrible packaging.,Neutral,0.43
https://www.facebook.com/reel/PID00627/?comment_id=1397040301790033,Ishaan,PID00627,Momo,3,Worth the price.,Neutral,0.44
https://www.facebook.com/reel/PID00618/?comment_id=1397040301790034,Ishaan,PID00618,Idli,3,Not satisfied.,Neutral,0.6
https://www.facebook.com/reel/PID00642/?comment_id=1397040301790035,Saanvi,PID00642,Pasta,4,Not satisfied.,Positive,0.89
https://www.facebook.com/reel/PID00582/?comment_id=1397040301790036,Ira,PID00582,Fried Rice,5,Delivery was late.,Positive,0.87
https://www.facebook.com/reel/PID00550/?comment_id=1397040301790037,Anika,PID00550,Dosa,1,Great quantity for price.,Negative,-0.01
https://www.facebook.com/reel/PID00624/?comment_id=1397040301790038,Sara,PID00624,Momo,3,Could be better.,Neutral,0.5
https://www.facebook.com/reel/PID00528/?comment_id=1397040301790039,Myra,PID00528,Dosa,4,Amazing flavor!,Positive,0.96
https://www.facebook.com/reel/PID00646/?comment_id=1397040301790040,Anika,PID00646,Fried Rice,4,Worth the price.,Positive,0.99
https://www.facebook.com/reel/PID00515/?comment_id=1397040301790041,Sara,PID00515,Biryani,3,I will order again!,Neutral,0.42
https://www.facebook.com/reel/PID00680/?comment_id=1397040301790042,Aditya,PID00680,Pasta,4,Worst food ever.,Positive,0.88
https://www.facebook.com/reel/PID00522/?comment_id=1397040301790043,Ira,PID00522,Burger,2,Terrible packaging.,Negative,-0.16
https://www.facebook.com/reel/PID00656/?comment_id=1397040301790044,Arjun,PID00656,Biryani,2,Could be better.,Negative,-0.08
https://www.facebook.com/reel/PID00625/?comment_id=1397040301790045,Aarav,PID00625,Momo,1,Bad experience.,Negative,-0.15
https://www.facebook.com/reel/PID00514/?comment_id=1397040301790046,Riya,PID00514,Momo,5,Bad experience.,Positive,0.87
https://www.facebook.com/reel/PID00510/?comment_id=1397040301790047,Ishaan,PID00510,Burger,3,Crispy and delicious.,Neutral,0.56
https://www.facebook.com/reel/PID00668/?comment_id=1397040301790048,Arjun,PID00668,Pizza,4,Could be better.,Positive,0.85
https://www.facebook.com/reel/PID00636/?comment_id=1397040301790049,Myra,PID00636,Fried Rice,1,Superb quality!,Negative,-0.02
https://www.facebook.com/reel/PID00598/?comment_id=1397040301790050,Arjun,PID00598,Pizza,2,Bad experience.,Negative,-0.18
https://www.facebook.com/reel/PID00501/?comment_id=1397040301790051,Aarav,PID00501,Pizza,5,Loved the taste!,Positive,0.97
https://www.facebook.com/reel/PID00613/?comment_id=1397040301790052,Anika,PID00613,Biryani,2,Didn't meet expectations.,Negative,-0.01
https://www.facebook.com/reel/PID00679/?comment_id=1397040301790053,Sara,PID00679,Pizza,3,Loved the taste!,Neutral,0.5
https://www.facebook.com/reel/PID00614/?comment_id=1397040301790054,Prisha,PID00614,Dosa,5,Could be better.,Positive,0.94
https://www.facebook.com/reel/PID00524/?comment_id=1397040301790055,Myra,PID00524,Noodles,2,I will order again!,Negative,-0.11
https://www.facebook.com/reel/PID00607/?comment_id=1397040301790056,Aditya,PID00607,Sandwich,4,Great quantity for price.,Positive,0.96
https://www.facebook.com/reel/PID00564/?comment_id=1397040301790057,Riya,PID00564,Pasta,1,Not fresh.,Negative,-0.03
https://www.facebook.com/reel/PID00661/?comment_id=1397040301790058,Rohan,PID00661,Momo,2,Loved the taste!,Negative,-0.04
https://www.facebook.com/reel/PID00551/?comment_id=1397040301790059,Riya,PID00551,Idli,4,Terrible packaging.,Positive,0.88
https://www.facebook.com/reel/PID00675/?comment_id=1397040301790060,Vihaan,PID00675,Idli,5,Bad experience.,Positive,0.99
https://www.facebook.com/reel/PID00544/?comment_id=1397040301790061,Aarav,PID00544,Momo,1,Amazing flavor!,Negative,-0.12
https://www.facebook.com/reel/PID00606/?comment_id=1397040301790062,Aarav,PID00606,Biryani,3,Amazing flavor!,Neutral,0.53
https://www.facebook.com/reel/PID00546/?comment_id=1397040301790063,Vivaan,PID00546,Pasta,1,Didn't meet expectations.,Negative,-0.09
https://www.facebook.com/reel/PID00600/?comment_id=1397040301790064,Prisha,PID00600,Pasta,2,Loved the taste!,Negative,-0.18
https://www.facebook.com/reel/PID00607/?comment_id=1397040301790065,Vihaan,PID00607,Noodles,1,Bad experience.,Negative,-0.08
https://www.facebook.com/reel/PID00562/?comment_id=1397040301790066,Arjun,PID00562,Pizza,1,Perfect meal!,Negative,-0.17
https://www.facebook.com/reel/PID00640/?comment_id=1397040301790067,Krishna,PID00640,Idli,5,Bad experience.,Positive,0.89
https://www.facebook.com/reel/PID00637/?comment_id=1397040301790068,Aarav,PID00637,Pizza,5,Crispy and delicious.,Positive,0.92
https://www.facebook.com/reel/PID00649/?comment_id=1397040301790069,Rohan,PID00649,Pizza,1,Too spicy but good.,Negative,-0.03
https://www.facebook.com/reel/PID00627/?comment_id=1397040301790070,Anaya,PID00627,Momo,3,Loved the taste!,Neutral,0.58
https://www.facebook.com/reel/PID00664/?comment_id=1397040301790071,Riya,PID00664,Sandwich,2,Bad experience.,Negative,-0.09
https://www.facebook.com/reel/PID00606/?comment_id=1397040301790072,Anaya,PID00606,Idli,2,Didn't meet expectations.,Negative,-0.07
https://www.facebook.com/reel/PID00581/?comment_id=1397040301790073,Vivaan,PID00581,Pasta,4,Loved the taste!,Positive,0.99
https://www.facebook.com/reel/PID00508/?comment_id=1397040301790074,Aadhya,PID00508,Momo,1,Perfect meal!,Negative,-0.19
https://www.facebook.com/reel/PID00691/?comment_id=1397040301790075,Aditya,PID00691,Momo,5,Perfect meal!,Positive,0.9
https://www.facebook.com/reel/PID00630/?comment_id=1397040301790076,Diya,PID00630,Momo,4,Could be better.,Positive,0.82
https://www.facebook.com/reel/PID00661/?comment_id=1397040301790077,Rohan,PID00661,Burger,1,Loved the taste!,Negative,-0.08
https://www.facebook.com/reel/PID00634/?comment_id=1397040301790078,Aditya,PID00634,Fried Rice,1,I didn't like it.,Negative,-0.17
https://www.facebook.com/reel/PID00674/?comment_id=1397040301790079,Aarav,PID00674,Sandwich,1,Too spicy but good.,Negative,-0.01
https://www.facebook.com/reel/PID00657/?comment_id=1397040301790080,Saanvi,PID00657,Momo,3,Could be better.,Neutral,0.45
https://www.facebook.com/reel/PID00532/?comment_id=1397040301790081,Vivaan,PID00532,Pasta,2,Not satisfied.,Negative,-0.07
https://www.facebook.com/reel/PID00504/?comment_id=1397040301790082,Anaya,PID00504,Idli,2,Worst food ever.,Negative,-0.06
https://www.facebook.com/reel/PID00575/?comment_id=1397040301790083,Saanvi,PID00575,Noodles,3,Amazing flavor!,Neutral,0.49
https://www.facebook.com/reel/PID00508/?comment_id=1397040301790084,Prisha,PID00508,Fried Rice,5,Loved the taste!,Positive,0.86
https://www.facebook.com/reel/PID00590/?comment_id=1397040301790085,Vihaan,PID00590,Momo,5,Delivery was late.,Positive,0.91
https://www.facebook.com/reel/PID00541/?comment_id=1397040301790086,Ira,PID00541,Pasta,2,I will order again!,Negative,-0.09
https://www.facebook.com/reel/PID00543/?comment_id=1397040301790087,Aryan,PID00543,Biryani,2,Terrible packaging.,Negative,-0.02
https://www.facebook.com/reel/PID00614/?comment_id=1397040301790088,Riya,PID00614,Pasta,4,Worst food ever.,Positive,0.91
https://www.facebook.com/reel/PID00520/?comment_id=1397040301790089,Ishaan,PID00520,Noodles,4,Very tasty and enjoyable.,Positive,1
https://www.facebook.com/reel/PID00545/?comment_id=1397040301790090,Anika,PID00545,Biryani,5,Not satisfied.,Positive,0.83
https://www.facebook.com/reel/PID00699/?comment_id=1397040301790091,Rohan,PID00699,Dosa,2,Amazing flavor!,Negative,-0.07
https://www.facebook.com/reel/PID00511/?comment_id=1397040301790092,Aryan,PID00511,Momo,5,Delivery was late.,Positive,0.81
https://www.facebook.com/reel/PID00574/?comment_id=1397040301790093,Sai,PID00574,Sandwich,4,Very tasty and enjoyable.,Positive,0.82
https://www.facebook.com/reel/PID00513/?comment_id=1397040301790094,Anika,PID00513,Pizza,2,Great quantity for price.,Negative,-0.12
https://www.facebook.com/reel/PID00640/?comment_id=1397040301790095,Vivaan,PID00640,Fried Rice,3,Worst food ever.,Neutral,0.57
https://www.facebook.com/reel/PID00686/?comment_id=1397040301790096,Myra,PID00686,Fried Rice,5,Bad experience.,Positive,0.81
https://www.facebook.com/reel/PID00587/?comment_id=1397040301790097,Aadhya,PID00587,Idli,5,I will order again!,Positive,0.99
https://www.facebook.com/reel/PID00627/?comment_id=1397040301790098,Ira,PID00627,Sandwich,3,Perfect meal!,Neutral,0.47
https://www.facebook.com/reel/PID00612/?comment_id=1397040301790099,Krishna,PID00612,Pizza,4,Perfect meal!,Positive,0.95
https://www.facebook.com/reel/PID00577/?comment_id=1397040301790100,Saanvi,PID00577,Pizza,3,Terrible packaging.,Neutral,0.56
https://www.facebook.com/reel/PID00505/?comment_id=1397040301790101,Ishaan,PID00505,Fried Rice,1,Not fresh.,Negative,-0.07
https://www.facebook.com/reel/PID00594/?comment_id=1397040301790102,Saanvi,PID00594,Sandwich,2,Yummy and satisfying.,Negative,-0.04
https://www.facebook.com/reel/PID00620/?comment_id=1397040301790103,Aryan,PID00620,Noodles,1,Superb quality!,Negative,-0.03
https://www.facebook.com/reel/PID00686/?comment_id=1397040301790104,Diya,PID00686,Pasta,4,Worst food ever.,Positive,0.85
https://www.facebook.com/reel/PID00555/?comment_id=1397040301790105,Sai,PID00555,Burger,2,Worst food ever.,Negative,-0.01
https://www.facebook.com/reel/PID00550/?comment_id=1397040301790106,Aryan,PID00550,Momo,1,Superb quality!,Negative,-0.13
https://www.facebook.com/reel/PID00511/?comment_id=1397040301790107,Diya,PID00511,Idli,1,Crispy and delicious.,Negative,-0.12
https://www.facebook.com/reel/PID00589/?comment_id=1397040301790108,Diya,PID00589,Idli,2,I didn't like it.,Negative,-0.05
https://www.facebook.com/reel/PID00598/?comment_id=1397040301790109,Anaya,PID00598,Dosa,4,Great quantity for price.,Positive,0.85
https://www.facebook.com/reel/PID00609/?comment_id=1397040301790110,Prisha,PID00609,Pizza,2,Amazing flavor!,Negative,-0.18
https://www.facebook.com/reel/PID00627/?comment_id=1397040301790111,Vivaan,PID00627,Idli,4,Superb quality!,Positive,0.8
https://www.facebook.com/reel/PID00577/?comment_id=1397040301790112,Rohan,PID00577,Dosa,2,Delivery was late.,Negative,-0.18
https://www.facebook.com/reel/PID00632/?comment_id=1397040301790113,Diya,PID00632,Pasta,3,Loved the taste!,Neutral,0.5
https://www.facebook.com/reel/PID00620/?comment_id=1397040301790114,Sara,PID00620,Biryani,3,Could be better.,Neutral,0.43
https://www.facebook.com/reel/PID00639/?comment_id=1397040301790115,Saanvi,PID00639,Pizza,3,Not fresh.,Neutral,0.57
https://www.facebook.com/reel/PID00529/?comment_id=1397040301790116,Arjun,PID00529,Pizza,5,Didn't meet expectations.,Positive,0.97
https://www.facebook.com/reel/PID00625/?comment_id=1397040301790117,Aadhya,PID00625,Sandwich,2,Terrible packaging.,Negative,-0.08
https://www.facebook.com/reel/PID00689/?comment_id=1397040301790118,Sai,PID00689,Noodles,2,Delivery was late.,Negative,-0.08
https://www.facebook.com/reel/PID00605/?comment_id=1397040301790119,Prisha,PID00605,Dosa,4,I will order again!,Positive,0.87
https://www.facebook.com/reel/PID00545/?comment_id=1397040301790120,Riya,PID00545,Pizza,1,Could be better.,Negative,-0.02
https://www.facebook.com/reel/PID00571/?comment_id=1397040301790121,Anaya,PID00571,Momo,2,Very tasty and enjoyable.,Negative,-0.03
https://www.facebook.com/reel/PID00524/?comment_id=1397040301790122,Ira,PID00524,Noodles,1,Didn't meet expectations.,Negative,-0.02
https://www.facebook.com/reel/PID00598/?comment_id=1397040301790123,Aadhya,PID00598,Biryani,1,Amazing flavor!,Negative,-0.11
https://www.facebook.com/reel/PID00596/?comment_id=1397040301790124,Vivaan,PID00596,Dosa,2,Terrible packaging.,Negative,-0.18
https://www.facebook.com/reel/PID00562/?comment_id=1397040301790125,Arjun,PID00562,Biryani,5,Amazing flavor!,Positive,0.85
https://www.facebook.com/reel/PID00582/?comment_id=1397040301790126,Myra,PID00582,Fried Rice,3,Crispy and delicious.,Neutral,0.59
https://www.facebook.com/reel/PID00554/?comment_id=1397040301790127,Aadhya,PID00554,Pasta,2,I didn't like it.,Negative,-0.12
https://www.facebook.com/reel/PID00513/?comment_id=1397040301790128,Aarav,PID00513,Sandwich,2,Worst food ever.,Negative,-0.16
https://www.facebook.com/reel/PID00515/?comment_id=1397040301790129,Riya,PID00515,Pasta,1,Great quantity for price.,Negative,-0.05
https://www.facebook.com/reel/PID00686/?comment_id=1397040301790130,Aadhya,PID00686,Momo,3,Too spicy but good.,Neutral,0.41
https://www.facebook.com/reel/PID00539/?comment_id=1397040301790131,Sai,PID00539,Biryani,3,Loved the taste!,Neutral,0.56
https://www.facebook.com/reel/PID00614/?comment_id=1397040301790132,Prisha,PID00614,Noodles,5,Delivery was late.,Positive,0.82
https://www.facebook.com/reel/PID00614/?comment_id=1397040301790133,Aarav,PID00614,Pizza,1,Not satisfied.,Negative,-0.18
https://www.facebook.com/reel/PID00518/?comment_id=1397040301790134,Vivaan,PID00518,Noodles,1,Could be better.,Negative,-0.14
https://www.facebook.com/reel/PID00571/?comment_id=1397040301790135,Anika,PID00571,Fried Rice,1,Worth the price.,Negative,-0.04
https://www.facebook.com/reel/PID00669/?comment_id=1397040301790136,Anika,PID00669,Dosa,2,Didn't meet expectations.,Negative,-0.2
https://www.facebook.com/reel/PID00622/?comment_id=1397040301790137,Aryan,PID00622,Dosa,5,Terrible packaging.,Positive,0.82
https://www.facebook.com/reel/PID00563/?comment_id=1397040301790138,Riya,PID00563,Fried Rice,4,Loved the taste!,Positive,0.8
https://www.facebook.com/reel/PID00632/?comment_id=1397040301790139,Anaya,PID00632,Momo,2,Worst food ever.,Negative,-0.14
https://www.facebook.com/reel/PID00635/?comment_id=1397040301790140,Diya,PID00635,Noodles,5,Worth the price.,Positive,0.89
https://www.facebook.com/reel/PID00627/?comment_id=1397040301790141,Aadhya,PID00627,Burger,5,I will order again!,Positive,0.89
https://www.facebook.com/reel/PID00553/?comment_id=1397040301790142,Krishna,PID00553,Idli,5,Delivery was late.,Positive,0.9
https://www.facebook.com/reel/PID00668/?comment_id=1397040301790143,Sai,PID00668,Sandwich,3,I didn't like it.,Neutral,0.47
https://www.facebook.com/reel/PID00682/?comment_id=1397040301790144,Vivaan,PID00682,Burger,5,Loved the taste!,Positive,0.9
https://www.facebook.com/reel/PID00577/?comment_id=1397040301790145,Diya,PID00577,Idli,2,Not satisfied.,Negative,-0.12
https://www.facebook.com/reel/PID00558/?comment_id=1397040301790146,Krishna,PID00558,Biryani,3,Worth the price.,Neutral,0.54
https://www.facebook.com/reel/PID00613/?comment_id=1397040301790147,Sara,PID00613,Dosa,2,Worth the price.,Negative,-0.12
https://www.facebook.com/reel/PID00633/?comment_id=1397040301790148,Ishaan,PID00633,Fried Rice,2,Not fresh.,Negative,-0.2
https://www.facebook.com/reel/PID00697/?comment_id=1397040301790149,Vihaan,PID00697,Pasta,4,Not fresh.,Positive,0.94
https://www.facebook.com/reel/PID00662/?comment_id=1397040301790150,Aryan,PID00662,Pasta,4,I didn't like it.,Positive,0.96
https://www.facebook.com/reel/PID00611/?comment_id=1397040301790151,Rohan,PID00611,Momo,4,Yummy and satisfying.,Positive,0.84
https://www.facebook.com/reel/PID00657/?comment_id=1397040301790152,Vivaan,PID00657,Burger,2,Very tasty and enjoyable.,Negative,-0.05
https://www.facebook.com/reel/PID00517/?comment_id=1397040301790153,Aryan,PID00517,Pasta,1,Superb quality!,Negative,-0.19
https://www.facebook.com/reel/PID00571/?comment_id=1397040301790154,Ishaan,PID00571,Burger,1,Too spicy but good.,Negative,-0.14
https://www.facebook.com/reel/PID00607/?comment_id=1397040301790155,Aarav,PID00607,Pasta,1,Very tasty and enjoyable.,Negative,-0.18
https://www.facebook.com/reel/PID00577/?comment_id=1397040301790156,Krishna,PID00577,Fried Rice,2,Too spicy but good.,Negative,-0.08
https://www.facebook.com/reel/PID00680/?comment_id=1397040301790157,Krishna,PID00680,Dosa,5,Great quantity for price.,Positive,0.93
https://www.facebook.com/reel/PID00625/?comment_id=1397040301790158,Anaya,PID00625,Sandwich,1,Terrible packaging.,Negative,-0.15
https://www.facebook.com/reel/PID00649/?comment_id=1397040301790159,Anaya,PID00649,Momo,4,Worth the price.,Positive,0.8
https://www.facebook.com/reel/PID00593/?comment_id=1397040301790160,Anaya,PID00593,Pizza,4,Very tasty and enjoyable.,Positive,0.89
https://www.facebook.com/reel/PID00515/?comment_id=1397040301790161,Sai,PID00515,Fried Rice,2,Yummy and satisfying.,Negative,-0.19
https://www.facebook.com/reel/PID00558/?comment_id=1397040301790162,Vihaan,PID00558,Momo,3,Terrible packaging.,Neutral,0.57
https://www.facebook.com/reel/PID00533/?comment_id=1397040301790163,Prisha,PID00533,Pasta,5,Crispy and delicious.,Positive,0.8
https://www.facebook.com/reel/PID00599/?comment_id=1397040301790164,Aarav,PID00599,Dosa,4,Amazing flavor!,Positive,0.89
https://www.facebook.com/reel/PID00565/?comment_id=1397040301790165,Sara,PID00565,Noodles,4,Delivery was late.,Positive,0.81
https://www.facebook.com/reel/PID00638/?comment_id=1397040301790166,Sai,PID00638,Noodles,4,Worth the price.,Positive,0.8
https://www.facebook.com/reel/PID00570/?comment_id=1397040301790167,Sai,PID00570,Dosa,2,Not fresh.,Negative,-0.14
https://www.facebook.com/reel/PID00574/?comment_id=1397040301790168,Riya,PID00574,Idli,4,Amazing flavor!,Positive,0.96
https://www.facebook.com/reel/PID00540/?comment_id=1397040301790169,Anaya,PID00540,Biryani,1,Not satisfied.,Negative,-0.05
https://www.facebook.com/reel/PID00665/?comment_id=1397040301790170,Aditya,PID00665,Fried Rice,1,Could be better.,Negative,-0.13
https://www.facebook.com/reel/PID00507/?comment_id=1397040301790171,Anaya,PID00507,Noodles,5,Could be better.,Positive,0.9
https://www.facebook.com/reel/PID00504/?comment_id=1397040301790172,Ira,PID00504,Dosa,3,Amazing flavor!,Neutral,0.42
https://www.facebook.com/reel/PID00641/?comment_id=1397040301790173,Sai,PID00641,Dosa,3,Very tasty and enjoyable.,Neutral,0.41
https://www.facebook.com/reel/PID00560/?comment_id=1397040301790174,Riya,PID00560,Noodles,3,Didn't meet expectations.,Neutral,0.45
https://www.facebook.com/reel/PID00601/?comment_id=1397040301790175,Arjun,PID00601,Idli,3,Great quantity for price.,Neutral,0.59
https://www.facebook.com/reel/PID00516/?comment_id=1397040301790176,Rohan,PID00516,Idli,5,Very tasty and enjoyable.,Positive,0.98
https://www.facebook.com/reel/PID00583/?comment_id=1397040301790177,Myra,PID00583,Pasta,3,Delivery was late.,Neutral,0.57
https://www.facebook.com/reel/PID00577/?comment_id=1397040301790178,Anika,PID00577,Idli,5,Could be better.,Positive,0.97
https://www.facebook.com/reel/PID00697/?comment_id=1397040301790179,Aarav,PID00697,Dosa,1,Too spicy but good.,Negative,-0.15
https://www.facebook.com/reel/PID00691/?comment_id=1397040301790180,Aadhya,PID00691,Sandwich,3,I will order again!,Neutral,0.55
https://www.facebook.com/reel/PID00587/?comment_id=1397040301790181,Aadhya,PID00587,Pizza,1,Worth the price.,Negative,-0.09
https://www.facebook.com/reel/PID00562/?comment_id=1397040301790182,Arjun,PID00562,Noodles,4,I will order again!,Positive,0.81
https://www.facebook.com/reel/PID00520/?comment_id=1397040301790183,Ishaan,PID00520,Dosa,3,Not satisfied.,Neutral,0.4
https://www.facebook.com/reel/PID00544/?comment_id=1397040301790184,Sai,PID00544,Noodles,2,Could be better.,Negative,-0.01
https://www.facebook.com/reel/PID00623/?comment_id=1397040301790185,Sai,PID00623,Biryani,1,Not fresh.,Negative,-0.01
https://www.facebook.com/reel/PID00598/?comment_id=1397040301790186,Sara,PID00598,Biryani,4,Superb quality!,Positive,0.81
https://www.facebook.com/reel/PID00534/?comment_id=1397040301790187,Aadhya,PID00534,Idli,3,Terrible packaging.,Neutral,0.4
https://www.facebook.com/reel/PID00528/?comment_id=1397040301790188,Sai,PID00528,Sandwich,5,I didn't like it.,Positive,0.96
https://www.facebook.com/reel/PID00554/?comment_id=1397040301790189,Prisha,PID00554,Idli,2,Too spicy but good.,Negative,-0.02
https://www.facebook.com/reel/PID00618/?comment_id=1397040301790190,Vivaan,PID00618,Burger,1,Great quantity for price.,Negative,-0.04
https://www.facebook.com/reel/PID00595/?comment_id=1397040301790191,Aadhya,PID00595,Idli,4,I will order again!,Positive,0.96
https://www.facebook.com/reel/PID00589/?comment_id=1397040301790192,Aditya,PID00589,Biryani,4,Yummy and satisfying.,Positive,0.84
https://www.facebook.com/reel/PID00551/?comment_id=1397040301790193,Anaya,PID00551,Idli,5,I didn't like it.,Positive,0.9
https://www.facebook.com/reel/PID00669/?comment_id=1397040301790194,Ira,PID00669,Fried Rice,5,Superb quality!,Positive,0.83
https://www.facebook.com/reel/PID00596/?comment_id=1397040301790195,Vihaan,PID00596,Fried Rice,1,Could be better.,Negative,-0.08
https://www.facebook.com/reel/PID00539/?comment_id=1397040301790196,Vihaan,PID00539,Pizza,2,Didn't meet expectations.,Negative,-0.04
https://www.facebook.com/reel/PID00573/?comment_id=1397040301790197,Anaya,PID00573,Fried Rice,1,Not satisfied.,Negative,-0.02
https://www.facebook.com/reel/PID00680/?comment_id=1397040301790198,Anaya,PID00680,Pizza,3,Could be better.,Neutral,0.45
https://www.facebook.com/reel/PID00538/?comment_id=1397040301790199,Myra,PID00538,Fried Rice,3,Not fresh.,Neutral,0.45
https://www.facebook.com/reel/PID00684/?comment_id=1397040301790200,Myra,PID00684,Burger,4,Delivery was late.,Positive,0.97
https://www.facebook.com/reel/PID00584/?comment_id=1397040301790201,Ira,PID00584,Fried Rice,2,Worth the price.,Negative,-0.06
https://www.facebook.com/reel/PID00698/?comment_id=1397040301790202,Krishna,PID00698,Pasta,1,Bad experience.,Negative,-0.01
https://www.facebook.com/reel/PID00680/?comment_id=1397040301790203,Sai,PID00680,Pasta,3,Not satisfied.,Neutral,0.4
https://www.facebook.com/reel/PID00605/?comment_id=1397040301790204,Aarav,PID00605,Dosa,4,Not fresh.,Positive,0.83
https://www.facebook.com/reel/PID00591/?comment_id=1397040301790205,Sara,PID00591,Fried Rice,5,I will order again!,Positive,0.92
https://www.facebook.com/reel/PID00660/?comment_id=1397040301790206,Anaya,PID00660,Pizza,2,Very tasty and enjoyable.,Negative,-0.07
https://www.facebook.com/reel/PID00600/?comment_id=1397040301790207,Sara,PID00600,Momo,5,I didn't like it.,Positive,1
https://www.facebook.com/reel/PID00561/?comment_id=1397040301790208,Sai,PID00561,Biryani,1,I will order again!,Negative,-0.03
https://www.facebook.com/reel/PID00646/?comment_id=1397040301790209,Krishna,PID00646,Fried Rice,4,Terrible packaging.,Positive,0.81
https://www.facebook.com/reel/PID00597/?comment_id=1397040301790210,Aditya,PID00597,Pasta,2,Not satisfied.,Negative,-0.2
https://www.facebook.com/reel/PID00529/?comment_id=1397040301790211,Sara,PID00529,Burger,2,Could be better.,Negative,-0.16
https://www.facebook.com/reel/PID00572/?comment_id=1397040301790212,Vihaan,PID00572,Pasta,1,Amazing flavor!,Negative,-0.11
https://www.facebook.com/reel/PID00647/?comment_id=1397040301790213,Myra,PID00647,Momo,1,Didn't meet expectations.,Negative,-0.17
https://www.facebook.com/reel/PID00573/?comment_id=1397040301790214,Vivaan,PID00573,Idli,2,Not fresh.,Negative,-0.11
https://www.facebook.com/reel/PID00672/?comment_id=1397040301790215,Aarav,PID00672,Pizza,5,Could be better.,Positive,0.83
https://www.facebook.com/reel/PID00549/?comment_id=1397040301790216,Aarav,PID00549,Fried Rice,1,Too spicy but good.,Negative,-0.09
https://www.facebook.com/reel/PID00699/?comment_id=1397040301790217,Sara,PID00699,Fried Rice,4,I didn't like it.,Positive,0.93
https://www.facebook.com/reel/PID00641/?comment_id=1397040301790218,Aditya,PID00641,Idli,5,Not satisfied.,Positive,0.94
https://www.facebook.com/reel/PID00622/?comment_id=1397040301790219,Anaya,PID00622,Fried Rice,1,Worst food ever.,Negative,-0.03
https://www.facebook.com/reel/PID00598/?comment_id=1397040301790220,Aditya,PID00598,Burger,5,Perfect meal!,Positive,0.98
https://www.facebook.com/reel/PID00587/?comment_id=1397040301790221,Sai,PID00587,Burger,3,Terrible packaging.,Neutral,0.42
https://www.facebook.com/reel/PID00662/?comment_id=1397040301790222,Saanvi,PID00662,Noodles,3,Terrible packaging.,Neutral,0.43
https://www.facebook.com/reel/PID00627/?comment_id=1397040301790223,Diya,PID00627,Idli,2,Could be better.,Negative,-0.13
https://www.facebook.com/reel/PID00607/?comment_id=1397040301790224,Aditya,PID00607,Burger,2,Not fresh.,Negative,-0.19
https://www.facebook.com/reel/PID00521/?comment_id=1397040301790225,Sai,PID00521,Momo,2,Crispy and delicious.,Negative,-0.2
https://www.facebook.com/reel/PID00519/?comment_id=1397040301790226,Myra,PID00519,Sandwich,2,Yummy and satisfying.,Negative,-0.11
https://www.facebook.com/reel/PID00602/?comment_id=1397040301790227,Vivaan,PID00602,Noodles,2,Loved the taste!,Negative,-0.1
https://www.facebook.com/reel/PID00685/?comment_id=1397040301790228,Anika,PID00685,Pasta,5,Terrible packaging.,Positive,0.94
https://www.facebook.com/reel/PID00618/?comment_id=1397040301790229,Ishaan,PID00618,Burger,4,Amazing flavor!,Positive,0.92
https://www.facebook.com/reel/PID00604/?comment_id=1397040301790230,Diya,PID00604,Dosa,4,Could be better.,Positive,0.97
https://www.facebook.com/reel/PID00585/?comment_id=1397040301790231,Rohan,PID00585,Burger,4,Didn't meet expectations.,Positive,0.92
https://www.facebook.com/reel/PID00689/?comment_id=1397040301790232,Vivaan,PID00689,Pasta,2,Perfect meal!,Negative,0
https://www.facebook.com/reel/PID00621/?comment_id=1397040301790233,Myra,PID00621,Biryani,5,Great quantity for price.,Positive,0.92
https://www.facebook.com/reel/PID00501/?comment_id=1397040301790234,Ira,PID00501,Dosa,3,Yummy and satisfying.,Neutral,0.51
https://www.facebook.com/reel/PID00561/?comment_id=1397040301790235,Saanvi,PID00561,Burger,5,Superb quality!,Positive,0.94
https://www.facebook.com/reel/PID00670/?comment_id=1397040301790236,Krishna,PID00670,Momo,1,Very tasty and enjoyable.,Negative,-0.11
https://www.facebook.com/reel/PID00607/?comment_id=1397040301790237,Prisha,PID00607,Biryani,2,I will order again!,Negative,-0.07
https://www.facebook.com/reel/PID00558/?comment_id=1397040301790238,Krishna,PID00558,Fried Rice,1,Worth the price.,Negative,-0.01
https://www.facebook.com/reel/PID00612/?comment_id=1397040301790239,Ishaan,PID00612,Burger,1,Could be better.,Negative,-0.03
https://www.facebook.com/reel/PID00601/?comment_id=1397040301790240,Riya,PID00601,Burger,3,Not fresh.,Neutral,0.51
https://www.facebook.com/reel/PID00685/?comment_id=1397040301790241,Ira,PID00685,Sandwich,2,Not satisfied.,Negative,-0.15
https://www.facebook.com/reel/PID00602/?comment_id=1397040301790242,Aryan,PID00602,Biryani,1,Worst food ever.,Negative,-0.16
https://www.facebook.com/reel/PID00673/?comment_id=1397040301790243,Anaya,PID00673,Sandwich,5,I will order again!,Positive,0.85
https://www.facebook.com/reel/PID00591/?comment_id=1397040301790244,Sai,PID00591,Biryani,5,Perfect meal!,Positive,0.83
https://www.facebook.com/reel/PID00681/?comment_id=1397040301790245,Saanvi,PID00681,Pasta,4,Perfect meal!,Positive,0.96
https://www.facebook.com/reel/PID00594/?comment_id=1397040301790246,Krishna,PID00594,Momo,4,Crispy and delicious.,Positive,0.95
https://www.facebook.com/reel/PID00608/?comment_id=1397040301790247,Rohan,PID00608,Sandwich,4,Perfect meal!,Positive,0.87
https://www.facebook.com/reel/PID00685/?comment_id=1397040301790248,Riya,PID00685,Pizza,5,Didn't meet expectations.,Positive,0.87
https://www.facebook.com/reel/PID00700/?comment_id=1397040301790249,Diya,PID00700,Burger,2,Loved the taste!,Negative,-0.15
https://www.facebook.com/reel/PID00676/?comment_id=1397040301790250,Aryan,PID00676,Dosa,1,Superb quality!,Negative,-0.15
https://www.facebook.com/reel/PID00650/?comment_id=1397040301790251,Rohan,PID00650,Pizza,3,Crispy and delicious.,Neutral,0.48
https://www.facebook.com/reel/PID00585/?comment_id=1397040301790252,Diya,PID00585,Pizza,5,Yummy and satisfying.,Positive,0.99
https://www.facebook.com/reel/PID00508/?comment_id=1397040301790253,Aditya,PID00508,Sandwich,3,Didn't meet expectations.,Neutral,0.42
https://www.facebook.com/reel/PID00578/?comment_id=1397040301790254,Prisha,PID00578,Fried Rice,1,I will order again!,Negative,-0.07
https://www.facebook.com/reel/PID00667/?comment_id=1397040301790255,Aryan,PID00667,Fried Rice,4,Worst food ever.,Positive,0.9
https://www.facebook.com/reel/PID00520/?comment_id=1397040301790256,Ira,PID00520,Biryani,2,Loved the taste!,Negative,-0.02
https://www.facebook.com/reel/PID00681/?comment_id=1397040301790257,Aarav,PID00681,Momo,5,Superb quality!,Positive,0.83
https://www.facebook.com/reel/PID00542/?comment_id=1397040301790258,Krishna,PID00542,Pasta,1,I didn't like it.,Negative,-0.04
https://www.facebook.com/reel/PID00509/?comment_id=1397040301790259,Anaya,PID00509,Sandwich,3,Worst food ever.,Neutral,0.47
