Customer_ID,User_Name,Product_Name,Product_ID,Comment,Sentiment,Sentimental_Score
cous__.01,Mira,Potato Chips,PID005001,Not satisfied.,Neutral,0.0
cous__.02,Sita,Corn Chips,PID005002,"Not good, expected better.",Negative,-0.674
cous__.03,Rohan,Tortilla Chips,PID005003,"Not good, expected better.",Positive,0.885
cous__.04,Priya,Veggie Chips,PID005004,Fresh and tasty.,Neutral,0.0
cous__.05,Sneha,Pretzels,PID005005,Fresh and tasty.,Positive,0.885
cous__.06,Amit,Popcorn,PID005006,"Not good, expected better.",Negative,-0.674
cous__.07,Mira,Milk,PID005007,Not satisfied.,Neutral,0.0
cous__.08,Divya,Yogurt,PID005008,Highly recommended!,Negative,-0.674
cous__.09,Arjun,Cheddar Cheese,PID005009,Worth the price.,Positive,0.885
cous__.10,Kunal,Mozzarella Cheese,PID005010,Very delicious!,Neutral,0.0
cous__.11,Priya,Greek Yogurt,PID005011,Worth the price.,Neutral,0.0
cous__.12,Mira,Butter,PID005012,"Too spicy, not for me.",Negative,-0.674
cous__.13,Rohan,Cream Cheese,PID005013,Average experience.,Negative,-0.674
cous__.14,Amit,Cottage Cheese,PID005014,Worth the price.,Neutral,0.0
cous__.15,Meera,Orange Juice,PID005015,Very delicious!,Neutral,0.0
cous__.16,Rohan,Apple Juice,PID005016,Not satisfied.,Negative,-0.674
cous__.17,Varun,Green Tea,PID005017,"Too spicy, not for me.",Positive,0.885
cous__.18,Priya,Coffee,PID005018,Loved the taste!,Neutral,0.0
cous__.19,Aditya,Soft Drink,PID005019,Very delicious!,Negative,-0.674
cous__.20,Kunal,Black Tea,PID005020,"Too spicy, not for me.",Positive,0.885
cous__.21,Amit,Herbal Tea,PID005021,Worth the price.,Neutral,0.0
cous__.22,Meera,Sparkling Water,PID005022,"Too spicy, not for me.",Neutral,0.0
cous__.23,Sneha,Ready-to-Eat Pasta,PID005023,Fresh and tasty.,Neutral,0.0
cous__.24,Aditya,Frozen Pizza,PID005024,Highly recommended!,Neutral,0.0
cous__.25,Amit,Frozen Burritos,PID005025,Bad packaging.,Neutral,0.0
cous__.26,Kiran,Frozen Lasagna,PID005026,"Not good, expected better.",Positive,0.885
cous__.27,Priya,Instant Noodles,PID005027,Bad packaging.,Positive,0.885
cous__.28,Rohan,Whole Wheat Bread,PID005028,"Not good, expected better.",Neutral,0.0
cous__.29,Arjun,Bagels,PID005029,Very delicious!,Negative,-0.674
cous__.30,Suman,Croissants,PID005030,Not satisfied.,Positive,0.885
cous__.31,Aditya,English Muffins,PID005031,Fresh and tasty.,Positive,0.885
cous__.32,Kunal,Pita Bread,PID005032,"Too spicy, not for me.",Negative,-0.674
cous__.33,Amit,Sourdough Bread,PID005033,Fresh and tasty.,Negative,-0.674
cous__.34,Mira,Multigrain Cereal,PID005034,Bad packaging.,Positive,0.885
cous__.35,Meera,Oatmeal,PID005035,Average experience.,Neutral,0.0
cous__.36,Kiran,Granola Bars,PID005036,"Not good, expected better.",Negative,-0.674
cous__.37,Divya,Protein Bars,PID005037,Fresh and tasty.,Positive,0.885
cous__.38,Kiran,Raisin Bran Cereal,PID005038,Highly recommended!,Neutral,0.0
cous__.39,Swati,Frozen Vegetables,PID005039,Loved the taste!,Negative,-0.674
cous__.40,Rahul,Frozen French Fries,PID005040,Not satisfied.,Neutral,0.0
cous__.41,Varun,Frozen Chicken Nuggets,PID005041,Very delicious!,Neutral,0.0
cous__.42,Varun,Frozen Fish Sticks,PID005042,Very delicious!,Neutral,0.0
cous__.43,Priya,Frozen Dumplings,PID005043,Very delicious!,Positive,0.885
cous__.44,Pooja,Frozen Spring Rolls,PID005044,Loved the taste!,Neutral,0.0
cous__.45,Arjun,Frozen Waffles,PID005045,Worth the price.,Positive,0.885
cous__.46,Kiran,Frozen Berries,PID005046,Average experience.,Positive,0.885
cous__.47,Pooja,Tofu,PID005047,Bad packaging.,Negative,-0.674
cous__.48,Swati,Dried Fruits,PID005048,"Not good, expected better.",Neutral,0.0
cous__.49,Pooja,Canned Soup,PID005049,Fresh and tasty.,Neutral,0.0
cous__.50,Raju,Nut Mix,PID005050,Average experience.,Negative,-0.674
cous__.51,Amit,Rice Cakes,PID005051,"Too spicy, not for me.",Negative,-0.674
cous__.52,Priya,Pancake Mix,PID005052,Fresh and tasty.,Neutral,0.0
cous__.53,Meera,Potato Chips,PID005053,Loved the taste!,Negative,-0.674
cous__.54,Raju,Corn Chips,PID005054,Highly recommended!,Negative,-0.674
cous__.55,Raju,Tortilla Chips,PID005055,Not satisfied.,Positive,0.885
cous__.56,Kiran,Veggie Chips,PID005056,Bad packaging.,Negative,-0.674
cous__.57,Rohan,Pretzels,PID005057,Worth the price.,Neutral,0.0
cous__.58,Kunal,Popcorn,PID005058,Highly recommended!,Positive,0.885
cous__.59,Raju,Milk,PID005059,"Not good, expected better.",Neutral,0.0
cous__.60,Sneha,Yogurt,PID005060,Not satisfied.,Positive,0.885
cous__.61,Mira,Cheddar Cheese,PID005061,"Too spicy, not for me.",Neutral,0.0
cous__.62,Raju,Mozzarella Cheese,PID005062,Highly recommended!,Positive,0.885
cous__.63,Rohan,Greek Yogurt,PID005063,Loved the taste!,Negative,-0.674
cous__.64,Swati,Butter,PID005064,Not satisfied.,Neutral,0.0
cous__.65,Swati,Cream Cheese,PID005065,Average experience.,Negative,-0.674
cous__.66,Varun,Cottage Cheese,PID005066,Bad packaging.,Negative,-0.674
cous__.67,Mira,Orange Juice,PID005067,"Not good, expected better.",Positive,0.885
cous__.68,Kiran,Apple Juice,PID005068,"Too spicy, not for me.",Negative,-0.674
cous__.69,Divya,Green Tea,PID005069,Highly recommended!,Negative,-0.674
cous__.70,Meera,Coffee,PID005070,"Too spicy, not for me.",Negative,-0.674
cous__.71,Sneha,Soft Drink,PID005071,Average experience.,Negative,-0.674
cous__.72,Sneha,Black Tea,PID005072,Worth the price.,Positive,0.885
cous__.73,Rohan,Herbal Tea,PID005073,Average experience.,Neutral,0.0
cous__.74,Priya,Sparkling Water,PID005074,Very delicious!,Negative,-0.674
cous__.75,Aditya,Ready-to-Eat Pasta,PID005075,Average experience.,Neutral,0.0
cous__.76,Kunal,Frozen Pizza,PID005076,Not satisfied.,Positive,0.885
cous__.77,Sneha,Frozen Burritos,PID005077,Loved the taste!,Neutral,0.0
cous__.78,Kiran,Frozen Lasagna,PID005078,Average experience.,Positive,0.885
cous__.79,Kiran,Instant Noodles,PID005079,Worth the price.,Negative,-0.674
cous__.80,Arjun,Whole Wheat Bread,PID005080,Worth the price.,Positive,0.885
cous__.81,Divya,Bagels,PID005081,Worth the price.,Positive,0.885
cous__.82,Sita,Croissants,PID005082,Average experience.,Positive,0.885
cous__.83,Raju,English Muffins,PID005083,Fresh and tasty.,Negative,-0.674
cous__.84,Varun,Pita Bread,PID005084,Average experience.,Neutral,0.0
cous__.85,Suman,Sourdough Bread,PID005085,Average experience.,Negative,-0.674
cous__.86,Mira,Multigrain Cereal,PID005086,Bad packaging.,Positive,0.885
cous__.87,Divya,Oatmeal,PID005087,Worth the price.,Positive,0.885
cous__.88,Arjun,Granola Bars,PID005088,Average experience.,Negative,-0.674
cous__.89,Varun,Protein Bars,PID005089,"Too spicy, not for me.",Neutral,0.0
cous__.90,Raju,Raisin Bran Cereal,PID005090,Average experience.,Negative,-0.674
cous__.91,Raju,Frozen Vegetables,PID005091,Worth the price.,Neutral,0.0
cous__.92,Sita,Frozen French Fries,PID005092,Loved the taste!,Negative,-0.674
cous__.93,Sneha,Frozen Chicken Nuggets,PID005093,Not satisfied.,Neutral,0.0
cous__.94,Divya,Frozen Fish Sticks,PID005094,Worth the price.,Positive,0.885
cous__.95,Amit,Frozen Dumplings,PID005095,Very delicious!,Neutral,0.0
cous__.96,Divya,Frozen Spring Rolls,PID005096,Loved the taste!,Neutral,0.0
cous__.97,Rohan,Frozen Waffles,PID005097,Bad packaging.,Negative,-0.674
cous__.98,Kiran,Frozen Berries,PID005098,"Too spicy, not for me.",Neutral,0.0
cous__.99,Priya,Tofu,PID005099,Highly recommended!,Positive,0.885
cous__.100,Rohan,Dried Fruits,PID005100,Fresh and tasty.,Negative,-0.674
cous__.101,Varun,Canned Soup,PID005101,Bad packaging.,Positive,0.885
cous__.102,Kunal,Nut Mix,PID005102,Loved the taste!,Positive,0.885
cous__.103,Sneha,Rice Cakes,PID005103,Loved the taste!,Negative,-0.674
cous__.104,Aditya,Pancake Mix,PID005104,Bad packaging.,Negative,-0.674
cous__.105,Meera,Potato Chips,PID005105,Average experience.,Positive,0.885
cous__.106,Varun,Corn Chips,PID005106,Loved the taste!,Positive,0.885
cous__.107,Sita,Tortilla Chips,PID005107,Bad packaging.,Negative,-0.674
cous__.108,Pooja,Veggie Chips,PID005108,Bad packaging.,Negative,-0.674
cous__.109,Raju,Pretzels,PID005109,Average experience.,Neutral,0.0
cous__.110,Sita,Popcorn,PID005110,Loved the taste!,Neutral,0.0
cous__.111,Aditya,Milk,PID005111,Highly recommended!,Positive,0.885
cous__.112,Mira,Yogurt,PID005112,Fresh and tasty.,Neutral,0.0
cous__.113,Rohan,Cheddar Cheese,PID005113,"Not good, expected better.",Positive,0.885
cous__.114,Swati,Mozzarella Cheese,PID005114,Highly recommended!,Neutral,0.0
cous__.115,Arjun,Greek Yogurt,PID005115,Very delicious!,Neutral,0.0
cous__.116,Sita,Butter,PID005116,Highly recommended!,Positive,0.885
cous__.117,Arjun,Cream Cheese,PID005117,"Too spicy, not for me.",Negative,-0.674
cous__.118,Amit,Cottage Cheese,PID005118,Highly recommended!,Negative,-0.674
cous__.119,Pooja,Orange Juice,PID005119,Bad packaging.,Positive,0.885
cous__.120,Swati,Apple Juice,PID005120,"Too spicy, not for me.",Neutral,0.0
cous__.121,Suman,Green Tea,PID005121,Bad packaging.,Negative,-0.674
cous__.122,Swati,Coffee,PID005122,Not satisfied.,Neutral,0.0
cous__.123,Kunal,Soft Drink,PID005123,Worth the price.,Neutral,0.0
cous__.124,Sneha,Black Tea,PID005124,Highly recommended!,Neutral,0.0
cous__.125,Kunal,Herbal Tea,PID005125,"Not good, expected better.",Positive,0.885
cous__.126,Varun,Sparkling Water,PID005126,Loved the taste!,Neutral,0.0
cous__.127,Kunal,Ready-to-Eat Pasta,PID005127,Bad packaging.,Positive,0.885
cous__.128,Suman,Frozen Pizza,PID005128,Bad packaging.,Positive,0.885
cous__.129,Sneha,Frozen Burritos,PID005129,Highly recommended!,Negative,-0.674
cous__.130,Varun,Frozen Lasagna,PID005130,Very delicious!,Negative,-0.674
cous__.131,Raju,Instant Noodles,PID005131,Not satisfied.,Positive,0.885
cous__.132,Meera,Whole Wheat Bread,PID005132,Very delicious!,Neutral,0.0
cous__.133,Varun,Bagels,PID005133,Not satisfied.,Positive,0.885
cous__.134,Raju,Croissants,PID005134,Very delicious!,Neutral,0.0
cous__.135,Divya,English Muffins,PID005135,Average experience.,Positive,0.885
cous__.136,Amit,Pita Bread,PID005136,Very delicious!,Positive,0.885
cous__.137,Mira,Sourdough Bread,PID005137,Average experience.,Positive,0.885
cous__.138,Aditya,Multigrain Cereal,PID005138,Not satisfied.,Neutral,0.0
cous__.139,Raju,Oatmeal,PID005139,Fresh and tasty.,Positive,0.885
cous__.140,Kiran,Granola Bars,PID005140,Bad packaging.,Positive,0.885
cous__.141,Suman,Protein Bars,PID005141,Average experience.,Positive,0.885
cous__.142,Divya,Raisin Bran Cereal,PID005142,Not satisfied.,Neutral,0.0
cous__.143,Kiran,Frozen Vegetables,PID005143,"Too spicy, not for me.",Negative,-0.674
cous__.144,Swati,Frozen French Fries,PID005144,Not satisfied.,Negative,-0.674
cous__.145,Meera,Frozen Chicken Nuggets,PID005145,Highly recommended!,Neutral,0.0
cous__.146,Mira,Frozen Fish Sticks,PID005146,Fresh and tasty.,Neutral,0.0
cous__.147,Rahul,Frozen Dumplings,PID005147,Not satisfied.,Positive,0.885
cous__.148,Raju,Frozen Spring Rolls,PID005148,Highly recommended!,Positive,0.885
cous__.149,Rohan,Frozen Waffles,PID005149,Worth the price.,Neutral,0.0
cous__.150,Suman,Frozen Berries,PID005150,"Too spicy, not for me.",Negative,-0.674
cous__.151,Swati,Tofu,PID005151,Fresh and tasty.,Positive,0.885
cous__.152,Mira,Dried Fruits,PID005152,Loved the taste!,Neutral,0.0
cous__.153,Amit,Canned Soup,PID005153,Loved the taste!,Neutral,0.0
cous__.154,Suman,Nut Mix,PID005154,Average experience.,Neutral,0.0
cous__.155,Priya,Rice Cakes,PID005155,Worth the price.,Negative,-0.674
cous__.156,Suman,Pancake Mix,PID005156,Highly recommended!,Negative,-0.674
cous__.157,Varun,Potato Chips,PID005157,"Too spicy, not for me.",Neutral,0.0
cous__.158,Raju,Corn Chips,PID005158,Bad packaging.,Neutral,0.0
cous__.159,Rahul,Tortilla Chips,PID005159,"Not good, expected better.",Negative,-0.674
cous__.160,Raju,Veggie Chips,PID005160,"Not good, expected better.",Negative,-0.674
cous__.161,Sita,Pretzels,PID005161,Bad packaging.,Positive,0.885
cous__.162,Swati,Popcorn,PID005162,Very delicious!,Neutral,0.0
cous__.163,Amit,Milk,PID005163,Very delicious!,Neutral,0.0
cous__.164,Rahul,Yogurt,PID005164,Highly recommended!,Positive,0.885
cous__.165,Mira,Cheddar Cheese,PID005165,Not satisfied.,Neutral,0.0
cous__.166,Amit,Mozzarella Cheese,PID005166,Very delicious!,Neutral,0.0
cous__.167,Rohan,Greek Yogurt,PID005167,"Too spicy, not for me.",Positive,0.885
cous__.168,Mira,Butter,PID005168,Not satisfied.,Negative,-0.674
cous__.169,Kunal,Cream Cheese,PID005169,Very delicious!,Neutral,0.0
cous__.170,Amit,Cottage Cheese,PID005170,Very delicious!,Positive,0.885
cous__.171,Suman,Orange Juice,PID005171,Worth the price.,Positive,0.885
cous__.172,Kiran,Apple Juice,PID005172,Loved the taste!,Neutral,0.0
cous__.173,Divya,Green Tea,PID005173,Average experience.,Positive,0.885
cous__.174,Kunal,Coffee,PID005174,Average experience.,Positive,0.885
cous__.175,Sita,Soft Drink,PID005175,Very delicious!,Negative,-0.674
cous__.176,Varun,Black Tea,PID005176,Bad packaging.,Negative,-0.674
cous__.177,Meera,Herbal Tea,PID005177,Worth the price.,Negative,-0.674
cous__.178,Arjun,Sparkling Water,PID005178,Average experience.,Neutral,0.0
cous__.179,Suman,Ready-to-Eat Pasta,PID005179,Average experience.,Positive,0.885
cous__.180,Suman,Frozen Pizza,PID005180,"Not good, expected better.",Neutral,0.0
cous__.181,Arjun,Frozen Burritos,PID005181,Worth the price.,Negative,-0.674
cous__.182,Arjun,Frozen Lasagna,PID005182,Very delicious!,Positive,0.885
cous__.183,Divya,Instant Noodles,PID005183,"Not good, expected better.",Positive,0.885
cous__.184,Pooja,Whole Wheat Bread,PID005184,"Not good, expected better.",Neutral,0.0
cous__.185,Swati,Bagels,PID005185,Very delicious!,Negative,-0.674
cous__.186,Meera,Croissants,PID005186,Bad packaging.,Neutral,0.0
cous__.187,Swati,English Muffins,PID005187,Highly recommended!,Positive,0.885
cous__.188,Raju,Pita Bread,PID005188,Very delicious!,Negative,-0.674
cous__.189,Swati,Sourdough Bread,PID005189,"Not good, expected better.",Positive,0.885
cous__.190,Mira,Multigrain Cereal,PID005190,Loved the taste!,Negative,-0.674
cous__.191,Sita,Oatmeal,PID005191,Loved the taste!,Negative,-0.674
cous__.192,Rahul,Granola Bars,PID005192,Very delicious!,Neutral,0.0
cous__.193,Sita,Protein Bars,PID005193,Not satisfied.,Neutral,0.0
cous__.194,Aditya,Raisin Bran Cereal,PID005194,Bad packaging.,Neutral,0.0
cous__.195,Priya,Frozen Vegetables,PID005195,Worth the price.,Neutral,0.0
cous__.196,Divya,Frozen French Fries,PID005196,Fresh and tasty.,Positive,0.885
cous__.197,Rahul,Frozen Chicken Nuggets,PID005197,"Not good, expected better.",Neutral,0.0
cous__.198,Swati,Frozen Fish Sticks,PID005198,Loved the taste!,Positive,0.885
cous__.199,Pooja,Frozen Dumplings,PID005199,Highly recommended!,Neutral,0.0
cous__.200,Suman,Frozen Spring Rolls,PID005200,Not satisfied.,Positive,0.885
cous__.201,Sneha,Frozen Waffles,PID005201,Bad packaging.,Positive,0.885
cous__.202,Raju,Frozen Berries,PID005202,Fresh and tasty.,Neutral,0.0
cous__.203,Divya,Tofu,PID005203,Highly recommended!,Positive,0.885
cous__.204,Rahul,Dried Fruits,PID005204,"Too spicy, not for me.",Neutral,0.0
cous__.205,Sita,Canned Soup,PID005205,"Too spicy, not for me.",Neutral,0.0
cous__.206,Sita,Nut Mix,PID005206,"Too spicy, not for me.",Positive,0.885
cous__.207,Mira,Rice Cakes,PID005207,Loved the taste!,Negative,-0.674
cous__.208,Sneha,Pancake Mix,PID005208,Fresh and tasty.,Neutral,0.0
cous__.209,Rohan,Potato Chips,PID005209,"Too spicy, not for me.",Negative,-0.674
cous__.210,Kunal,Corn Chips,PID005210,Worth the price.,Negative,-0.674
cous__.211,Aditya,Tortilla Chips,PID005211,"Too spicy, not for me.",Negative,-0.674
cous__.212,Amit,Veggie Chips,PID005212,"Not good, expected better.",Negative,-0.674
cous__.213,Rahul,Pretzels,PID005213,Worth the price.,Negative,-0.674
cous__.214,Raju,Popcorn,PID005214,Loved the taste!,Neutral,0.0
cous__.215,Kiran,Milk,PID005215,Fresh and tasty.,Neutral,0.0
cous__.216,Priya,Yogurt,PID005216,Very delicious!,Negative,-0.674
cous__.217,Arjun,Cheddar Cheese,PID005217,Fresh and tasty.,Positive,0.885
cous__.218,Sneha,Mozzarella Cheese,PID005218,Worth the price.,Negative,-0.674
cous__.219,Raju,Greek Yogurt,PID005219,"Too spicy, not for me.",Neutral,0.0
cous__.220,Aditya,Butter,PID005220,Very delicious!,Negative,-0.674
cous__.221,Suman,Cream Cheese,PID005221,Worth the price.,Neutral,0.0
cous__.222,Meera,Cottage Cheese,PID005222,"Not good, expected better.",Positive,0.885
cous__.223,Kunal,Orange Juice,PID005223,Worth the price.,Positive,0.885
cous__.224,Kiran,Apple Juice,PID005224,Fresh and tasty.,Neutral,0.0
cous__.225,Meera,Green Tea,PID005225,Loved the taste!,Positive,0.885
cous__.226,Kiran,Coffee,PID005226,Not satisfied.,Negative,-0.674
cous__.227,Priya,Soft Drink,PID005227,Not satisfied.,Negative,-0.674
cous__.228,Sita,Black Tea,PID005228,Worth the price.,Positive,0.885
cous__.229,Meera,Herbal Tea,PID005229,Worth the price.,Neutral,0.0
cous__.230,Priya,Sparkling Water,PID005230,"Too spicy, not for me.",Negative,-0.674
cous__.231,Aditya,Ready-to-Eat Pasta,PID005231,Average experience.,Negative,-0.674
cous__.232,Priya,Frozen Pizza,PID005232,Bad packaging.,Positive,0.885
cous__.233,Varun,Frozen Burritos,PID005233,Highly recommended!,Negative,-0.674
cous__.234,Suman,Frozen Lasagna,PID005234,Fresh and tasty.,Negative,-0.674
cous__.235,Priya,Instant Noodles,PID005235,Fresh and tasty.,Negative,-0.674
cous__.236,Suman,Whole Wheat Bread,PID005236,Highly recommended!,Negative,-0.674
cous__.237,Varun,Bagels,PID005237,Highly recommended!,Negative,-0.674
cous__.238,Kiran,Croissants,PID005238,"Too spicy, not for me.",Positive,0.885
cous__.239,Kiran,English Muffins,PID005239,Bad packaging.,Neutral,0.0
cous__.240,Kiran,Pita Bread,PID005240,Very delicious!,Negative,-0.674
cous__.241,Suman,Sourdough Bread,PID005241,Highly recommended!,Neutral,0.0
cous__.242,Arjun,Multigrain Cereal,PID005242,Bad packaging.,Neutral,0.0
cous__.243,Kunal,Oatmeal,PID005243,Fresh and tasty.,Neutral,0.0
cous__.244,Varun,Granola Bars,PID005244,Average experience.,Positive,0.885
cous__.245,Kiran,Protein Bars,PID005245,"Not good, expected better.",Negative,-0.674
cous__.246,Amit,Raisin Bran Cereal,PID005246,"Not good, expected better.",Positive,0.885
cous__.247,Rahul,Frozen Vegetables,PID005247,Highly recommended!,Negative,-0.674
cous__.248,Raju,Frozen French Fries,PID005248,Highly recommended!,Neutral,0.0
cous__.249,Raju,Frozen Chicken Nuggets,PID005249,Bad packaging.,Positive,0.885
cous__.250,Pooja,Frozen Fish Sticks,PID005250,Bad packaging.,Neutral,0.0
cous__.251,Mira,Frozen Dumplings,PID005251,"Too spicy, not for me.",Positive,0.885
cous__.252,Sneha,Frozen Spring Rolls,PID005252,Highly recommended!,Negative,-0.674
cous__.253,Sita,Frozen Waffles,PID005253,Not satisfied.,Negative,-0.674
cous__.254,Sita,Frozen Berries,PID005254,Highly recommended!,Positive,0.885
cous__.255,Rahul,Tofu,PID005255,"Not good, expected better.",Neutral,0.0
cous__.256,Pooja,Dried Fruits,PID005256,Very delicious!,Positive,0.885
cous__.257,Mira,Canned Soup,PID005257,Very delicious!,Neutral,0.0
cous__.258,Sita,Nut Mix,PID005258,Fresh and tasty.,Neutral,0.0
cous__.259,Kiran,Rice Cakes,PID005259,Worth the price.,Neutral,0.0
cous__.260,Meera,Pancake Mix,PID005260,Average experience.,Neutral,0.0
cous__.261,Priya,Potato Chips,PID005261,Very delicious!,Positive,0.885
cous__.262,Mira,Corn Chips,PID005262,Worth the price.,Positive,0.885
cous__.263,Pooja,Tortilla Chips,PID005263,"Too spicy, not for me.",Negative,-0.674
cous__.264,Rohan,Veggie Chips,PID005264,Worth the price.,Positive,0.885
cous__.265,Rahul,Pretzels,PID005265,Loved the taste!,Neutral,0.0
cous__.266,Suman,Popcorn,PID005266,Not satisfied.,Positive,0.885
cous__.267,Rohan,Milk,PID005267,Fresh and tasty.,Negative,-0.674
cous__.268,Rahul,Yogurt,PID005268,Very delicious!,Neutral,0.0
cous__.269,Kunal,Cheddar Cheese,PID005269,Fresh and tasty.,Positive,0.885
cous__.270,Raju,Mozzarella Cheese,PID005270,Highly recommended!,Neutral,0.0
cous__.271,Kunal,Greek Yogurt,PID005271,Worth the price.,Positive,0.885
cous__.272,Mira,Butter,PID005272,Very delicious!,Positive,0.885
cous__.273,Mira,Cream Cheese,PID005273,"Too spicy, not for me.",Positive,0.885
cous__.274,Kiran,Cottage Cheese,PID005274,Worth the price.,Positive,0.885
cous__.275,Meera,Orange Juice,PID005275,Very delicious!,Negative,-0.674
cous__.276,Amit,Apple Juice,PID005276,Very delicious!,Neutral,0.0
cous__.277,Kiran,Green Tea,PID005277,Not satisfied.,Positive,0.885
cous__.278,Raju,Coffee,PID005278,"Not good, expected better.",Negative,-0.674
cous__.279,Swati,Soft Drink,PID005279,Fresh and tasty.,Neutral,0.0
cous__.280,Rohan,Black Tea,PID005280,Bad packaging.,Neutral,0.0
cous__.281,Aditya,Herbal Tea,PID005281,Average experience.,Neutral,0.0
cous__.282,Rahul,Sparkling Water,PID005282,"Not good, expected better.",Neutral,0.0
cous__.283,Divya,Ready-to-Eat Pasta,PID005283,"Too spicy, not for me.",Negative,-0.674
cous__.284,Amit,Frozen Pizza,PID005284,Loved the taste!,Negative,-0.674
cous__.285,Meera,Frozen Burritos,PID005285,Worth the price.,Positive,0.885
cous__.286,Varun,Frozen Lasagna,PID005286,Average experience.,Negative,-0.674
cous__.287,Swati,Instant Noodles,PID005287,Not satisfied.,Positive,0.885
cous__.288,Sita,Whole Wheat Bread,PID005288,"Too spicy, not for me.",Negative,-0.674
cous__.289,Divya,Bagels,PID005289,Not satisfied.,Negative,-0.674
cous__.290,Divya,Croissants,PID005290,Not satisfied.,Positive,0.885
cous__.291,Divya,English Muffins,PID005291,Fresh and tasty.,Negative,-0.674
cous__.292,Rohan,Pita Bread,PID005292,Worth the price.,Positive,0.885
cous__.293,Swati,Sourdough Bread,PID005293,Not satisfied.,Neutral,0.0
cous__.294,Aditya,Multigrain Cereal,PID005294,Not satisfied.,Positive,0.885
cous__.295,Amit,Oatmeal,PID005295,Fresh and tasty.,Negative,-0.674
cous__.296,Amit,Granola Bars,PID005296,Bad packaging.,Neutral,0.0
cous__.297,Raju,Protein Bars,PID005297,Loved the taste!,Positive,0.885
cous__.298,Rahul,Raisin Bran Cereal,PID005298,Fresh and tasty.,Negative,-0.674
cous__.299,Raju,Frozen Vegetables,PID005299,"Too spicy, not for me.",Positive,0.885
cous__.300,Raju,Frozen French Fries,PID005300,Highly recommended!,Negative,-0.674
cous__.301,Rohan,Frozen Chicken Nuggets,PID005301,Fresh and tasty.,Positive,0.885
cous__.302,Kiran,Frozen Fish Sticks,PID005302,"Too spicy, not for me.",Negative,-0.674
cous__.303,Sita,Frozen Dumplings,PID005303,Not satisfied.,Positive,0.885
cous__.304,Sneha,Frozen Spring Rolls,PID005304,Fresh and tasty.,Neutral,0.0
cous__.305,Raju,Frozen Waffles,PID005305,Fresh and tasty.,Neutral,0.0
cous__.306,Raju,Frozen Berries,PID005306,"Not good, expected better.",Negative,-0.674
cous__.307,Varun,Tofu,PID005307,Not satisfied.,Positive,0.885
cous__.308,Amit,Dried Fruits,PID005308,Fresh and tasty.,Negative,-0.674
cous__.309,Priya,Canned Soup,PID005309,Worth the price.,Neutral,0.0
cous__.310,Priya,Nut Mix,PID005310,Loved the taste!,Positive,0.885
cous__.311,Kiran,Rice Cakes,PID005311,Highly recommended!,Neutral,0.0
cous__.312,Divya,Pancake Mix,PID005312,Fresh and tasty.,Neutral,0.0
cous__.313,Arjun,Potato Chips,PID005313,Loved the taste!,Negative,-0.674
cous__.314,Mira,Corn Chips,PID005314,"Too spicy, not for me.",Neutral,0.0
cous__.315,Sita,Tortilla Chips,PID005315,Worth the price.,Negative,-0.674
cous__.316,Varun,Veggie Chips,PID005316,Not satisfied.,Positive,0.885
cous__.317,Arjun,Pretzels,PID005317,Average experience.,Positive,0.885
cous__.318,Sita,Popcorn,PID005318,Fresh and tasty.,Positive,0.885
cous__.319,Aditya,Milk,PID005319,Very delicious!,Neutral,0.0
cous__.320,Mira,Yogurt,PID005320,Not satisfied.,Negative,-0.674
cous__.321,Aditya,Cheddar Cheese,PID005321,Bad packaging.,Negative,-0.674
cous__.322,Suman,Mozzarella Cheese,PID005322,Bad packaging.,Neutral,0.0
cous__.323,Priya,Greek Yogurt,PID005323,Average experience.,Neutral,0.0
cous__.324,Rahul,Butter,PID005324,Bad packaging.,Negative,-0.674
cous__.325,Sita,Cream Cheese,PID005325,Average experience.,Negative,-0.674
cous__.326,Varun,Cottage Cheese,PID005326,Worth the price.,Positive,0.885
cous__.327,Priya,Orange Juice,PID005327,"Too spicy, not for me.",Neutral,0.0
cous__.328,Varun,Apple Juice,PID005328,Fresh and tasty.,Negative,-0.674
cous__.329,Mira,Green Tea,PID005329,Bad packaging.,Negative,-0.674
cous__.330,Varun,Coffee,PID005330,"Too spicy, not for me.",Negative,-0.674
cous__.331,Priya,Soft Drink,PID005331,Highly recommended!,Positive,0.885
cous__.332,Sneha,Black Tea,PID005332,Loved the taste!,Neutral,0.0
cous__.333,Meera,Herbal Tea,PID005333,"Too spicy, not for me.",Negative,-0.674
cous__.334,Swati,Sparkling Water,PID005334,Fresh and tasty.,Neutral,0.0
cous__.335,Pooja,Ready-to-Eat Pasta,PID005335,Not satisfied.,Positive,0.885
cous__.336,Aditya,Frozen Pizza,PID005336,"Not good, expected better.",Neutral,0.0
cous__.337,Rohan,Frozen Burritos,PID005337,Worth the price.,Positive,0.885
cous__.338,Raju,Frozen Lasagna,PID005338,"Too spicy, not for me.",Neutral,0.0
cous__.339,Swati,Instant Noodles,PID005339,Highly recommended!,Neutral,0.0
cous__.340,Suman,Whole Wheat Bread,PID005340,Worth the price.,Positive,0.885
cous__.341,Divya,Bagels,PID005341,Loved the taste!,Neutral,0.0
cous__.342,Sita,Croissants,PID005342,Worth the price.,Negative,-0.674
cous__.343,Divya,English Muffins,PID005343,"Not good, expected better.",Positive,0.885
cous__.344,Sita,Pita Bread,PID005344,Fresh and tasty.,Positive,0.885
cous__.345,Aditya,Sourdough Bread,PID005345,Fresh and tasty.,Neutral,0.0
cous__.346,Aditya,Multigrain Cereal,PID005346,Loved the taste!,Negative,-0.674
cous__.347,Meera,Oatmeal,PID005347,"Not good, expected better.",Positive,0.885
cous__.348,Rahul,Granola Bars,PID005348,"Not good, expected better.",Positive,0.885
cous__.349,Varun,Protein Bars,PID005349,Loved the taste!,Positive,0.885
cous__.350,Meera,Raisin Bran Cereal,PID005350,Highly recommended!,Negative,-0.674
cous__.351,Kunal,Frozen Vegetables,PID005351,Worth the price.,Negative,-0.674
cous__.352,Suman,Frozen French Fries,PID005352,Average experience.,Positive,0.885
cous__.353,Kunal,Frozen Chicken Nuggets,PID005353,Not satisfied.,Neutral,0.0
cous__.354,Kiran,Frozen Fish Sticks,PID005354,Loved the taste!,Neutral,0.0
cous__.355,Aditya,Frozen Dumplings,PID005355,Loved the taste!,Negative,-0.674
cous__.356,Arjun,Frozen Spring Rolls,PID005356,Bad packaging.,Neutral,0.0
cous__.357,Mira,Frozen Waffles,PID005357,Highly recommended!,Positive,0.885
cous__.358,Priya,Frozen Berries,PID005358,Worth the price.,Negative,-0.674
cous__.359,Sita,Tofu,PID005359,Fresh and tasty.,Neutral,0.0
cous__.360,Kunal,Dried Fruits,PID005360,"Not good, expected better.",Neutral,0.0
cous__.361,Arjun,Canned Soup,PID005361,"Too spicy, not for me.",Positive,0.885
cous__.362,Raju,Nut Mix,PID005362,Not satisfied.,Positive,0.885
cous__.363,Kunal,Rice Cakes,PID005363,Very delicious!,Negative,-0.674
cous__.364,Sneha,Pancake Mix,PID005364,"Too spicy, not for me.",Neutral,0.0
cous__.365,Pooja,Potato Chips,PID005365,Very delicious!,Neutral,0.0
cous__.366,Raju,Corn Chips,PID005366,Fresh and tasty.,Positive,0.885
cous__.367,Priya,Tortilla Chips,PID005367,Worth the price.,Positive,0.885
cous__.368,Swati,Veggie Chips,PID005368,Fresh and tasty.,Positive,0.885
cous__.369,Priya,Pretzels,PID005369,Average experience.,Negative,-0.674
cous__.370,Amit,Popcorn,PID005370,"Too spicy, not for me.",Positive,0.885
cous__.371,Pooja,Milk,PID005371,"Not good, expected better.",Positive,0.885
cous__.372,Sneha,Yogurt,PID005372,Worth the price.,Neutral,0.0
cous__.373,Suman,Cheddar Cheese,PID005373,Not satisfied.,Neutral,0.0
cous__.374,Pooja,Mozzarella Cheese,PID005374,"Not good, expected better.",Negative,-0.674
cous__.375,Rohan,Greek Yogurt,PID005375,Average experience.,Neutral,0.0
cous__.376,Kunal,Butter,PID005376,Bad packaging.,Negative,-0.674
cous__.377,Divya,Cream Cheese,PID005377,Not satisfied.,Neutral,0.0
cous__.378,Meera,Cottage Cheese,PID005378,Highly recommended!,Negative,-0.674
cous__.379,Sita,Orange Juice,PID005379,Very delicious!,Neutral,0.0
cous__.380,Meera,Apple Juice,PID005380,Not satisfied.,Positive,0.885
cous__.381,Arjun,Green Tea,PID005381,Highly recommended!,Positive,0.885
cous__.382,Swati,Coffee,PID005382,Fresh and tasty.,Positive,0.885
cous__.383,Swati,Soft Drink,PID005383,"Too spicy, not for me.",Neutral,0.0
cous__.384,Kunal,Black Tea,PID005384,Very delicious!,Positive,0.885
cous__.385,Sneha,Herbal Tea,PID005385,Average experience.,Positive,0.885
cous__.386,Kiran,Sparkling Water,PID005386,Not satisfied.,Positive,0.885
cous__.387,Swati,Ready-to-Eat Pasta,PID005387,Fresh and tasty.,Positive,0.885
cous__.388,Amit,Frozen Pizza,PID005388,"Too spicy, not for me.",Positive,0.885
cous__.389,Raju,Frozen Burritos,PID005389,Loved the taste!,Positive,0.885
cous__.390,Sita,Frozen Lasagna,PID005390,Fresh and tasty.,Negative,-0.674
cous__.391,Rohan,Instant Noodles,PID005391,Fresh and tasty.,Positive,0.885
cous__.392,Amit,Whole Wheat Bread,PID005392,Worth the price.,Positive,0.885
cous__.393,Kiran,Bagels,PID005393,Bad packaging.,Neutral,0.0
cous__.394,Varun,Croissants,PID005394,"Not good, expected better.",Positive,0.885
cous__.395,Divya,English Muffins,PID005395,Not satisfied.,Neutral,0.0
cous__.396,Aditya,Pita Bread,PID005396,Loved the taste!,Neutral,0.0
cous__.397,Varun,Sourdough Bread,PID005397,Not satisfied.,Negative,-0.674
cous__.398,Mira,Multigrain Cereal,PID005398,Worth the price.,Negative,-0.674
cous__.399,Rohan,Oatmeal,PID005399,Average experience.,Negative,-0.674
cous__.400,Divya,Granola Bars,PID005400,Very delicious!,Neutral,0.0
cous__.401,Arjun,Protein Bars,PID005401,Worth the price.,Negative,-0.674
cous__.402,Varun,Raisin Bran Cereal,PID005402,"Not good, expected better.",Positive,0.885
cous__.403,Meera,Frozen Vegetables,PID005403,"Too spicy, not for me.",Neutral,0.0
cous__.404,Sita,Frozen French Fries,PID005404,Loved the taste!,Positive,0.885
cous__.405,Swati,Frozen Chicken Nuggets,PID005405,Average experience.,Positive,0.885
cous__.406,Rohan,Frozen Fish Sticks,PID005406,Worth the price.,Neutral,0.0
cous__.407,Kunal,Frozen Dumplings,PID005407,Average experience.,Neutral,0.0
cous__.408,Kiran,Frozen Spring Rolls,PID005408,Very delicious!,Negative,-0.674
cous__.409,Aditya,Frozen Waffles,PID005409,Bad packaging.,Negative,-0.674
cous__.410,Aditya,Frozen Berries,PID005410,"Not good, expected better.",Neutral,0.0
cous__.411,Rohan,Tofu,PID005411,Fresh and tasty.,Positive,0.885
cous__.412,Kunal,Dried Fruits,PID005412,"Too spicy, not for me.",Negative,-0.674
cous__.413,Kunal,Canned Soup,PID005413,Worth the price.,Positive,0.885
cous__.414,Swati,Nut Mix,PID005414,Worth the price.,Neutral,0.0
cous__.415,Swati,Rice Cakes,PID005415,Very delicious!,Positive,0.885
cous__.416,Mira,Pancake Mix,PID005416,"Too spicy, not for me.",Positive,0.885
cous__.417,Kiran,Potato Chips,PID005417,Bad packaging.,Neutral,0.0
cous__.418,Kunal,Corn Chips,PID005418,Average experience.,Neutral,0.0
cous__.419,Swati,Tortilla Chips,PID005419,Highly recommended!,Positive,0.885
cous__.420,Meera,Veggie Chips,PID005420,Very delicious!,Negative,-0.674
cous__.421,Varun,Pretzels,PID005421,Bad packaging.,Negative,-0.674
cous__.422,Swati,Popcorn,PID005422,Very delicious!,Positive,0.885
cous__.423,Priya,Milk,PID005423,Highly recommended!,Neutral,0.0
cous__.424,Varun,Yogurt,PID005424,Loved the taste!,Negative,-0.674
cous__.425,Sita,Cheddar Cheese,PID005425,Bad packaging.,Negative,-0.674
cous__.426,Raju,Mozzarella Cheese,PID005426,"Not good, expected better.",Negative,-0.674
cous__.427,Arjun,Greek Yogurt,PID005427,Highly recommended!,Positive,0.885
cous__.428,Swati,Butter,PID005428,"Not good, expected better.",Positive,0.885
cous__.429,Raju,Cream Cheese,PID005429,Loved the taste!,Positive,0.885
cous__.430,Raju,Cottage Cheese,PID005430,Average experience.,Negative,-0.674
cous__.431,Kunal,Orange Juice,PID005431,Loved the taste!,Positive,0.885
cous__.432,Sneha,Apple Juice,PID005432,Loved the taste!,Positive,0.885
cous__.433,Divya,Green Tea,PID005433,Bad packaging.,Neutral,0.0
cous__.434,Kiran,Coffee,PID005434,"Too spicy, not for me.",Positive,0.885
cous__.435,Aditya,Soft Drink,PID005435,Bad packaging.,Negative,-0.674
cous__.436,Priya,Black Tea,PID005436,Worth the price.,Positive,0.885
cous__.437,Kunal,Herbal Tea,PID005437,Worth the price.,Neutral,0.0
cous__.438,Kiran,Sparkling Water,PID005438,Highly recommended!,Negative,-0.674
cous__.439,Arjun,Ready-to-Eat Pasta,PID005439,Average experience.,Positive,0.885
cous__.440,Mira,Frozen Pizza,PID005440,Average experience.,Negative,-0.674
cous__.441,Aditya,Frozen Burritos,PID005441,Fresh and tasty.,Positive,0.885
cous__.442,Amit,Frozen Lasagna,PID005442,Fresh and tasty.,Positive,0.885
cous__.443,Kunal,Instant Noodles,PID005443,Loved the taste!,Neutral,0.0
cous__.444,Pooja,Whole Wheat Bread,PID005444,"Too spicy, not for me.",Positive,0.885
cous__.445,Arjun,Bagels,PID005445,Very delicious!,Negative,-0.674
cous__.446,Varun,Croissants,PID005446,Fresh and tasty.,Neutral,0.0
cous__.447,Rahul,English Muffins,PID005447,Highly recommended!,Positive,0.885
cous__.448,Rohan,Pita Bread,PID005448,Loved the taste!,Positive,0.885
cous__.449,Rohan,Sourdough Bread,PID005449,Very delicious!,Positive,0.885
cous__.450,Mira,Multigrain Cereal,PID005450,Bad packaging.,Neutral,0.0
cous__.451,Meera,Oatmeal,PID005451,Worth the price.,Positive,0.885
cous__.452,Sneha,Granola Bars,PID005452,Worth the price.,Positive,0.885
cous__.453,Arjun,Protein Bars,PID005453,Bad packaging.,Positive,0.885
cous__.454,Suman,Raisin Bran Cereal,PID005454,Loved the taste!,Positive,0.885
cous__.455,Sita,Frozen Vegetables,PID005455,Not satisfied.,Neutral,0.0
cous__.456,Meera,Frozen French Fries,PID005456,"Not good, expected better.",Positive,0.885
cous__.457,Meera,Frozen Chicken Nuggets,PID005457,Very delicious!,Positive,0.885
cous__.458,Suman,Frozen Fish Sticks,PID005458,Not satisfied.,Neutral,0.0
cous__.459,Priya,Frozen Dumplings,PID005459,Average experience.,Negative,-0.674
cous__.460,Raju,Frozen Spring Rolls,PID005460,"Not good, expected better.",Negative,-0.674
cous__.461,Suman,Frozen Waffles,PID005461,Worth the price.,Negative,-0.674
cous__.462,Amit,Frozen Berries,PID005462,"Too spicy, not for me.",Neutral,0.0
cous__.463,Rohan,Tofu,PID005463,Bad packaging.,Positive,0.885
cous__.464,Sita,Dried Fruits,PID005464,Fresh and tasty.,Positive,0.885
cous__.465,Divya,Canned Soup,PID005465,Fresh and tasty.,Positive,0.885
cous__.466,Amit,Nut Mix,PID005466,Average experience.,Positive,0.885
cous__.467,Arjun,Rice Cakes,PID005467,"Too spicy, not for me.",Negative,-0.674
cous__.468,Rohan,Pancake Mix,PID005468,Bad packaging.,Negative,-0.674
cous__.469,Suman,Potato Chips,PID005469,Highly recommended!,Neutral,0.0
cous__.470,Priya,Corn Chips,PID005470,Very delicious!,Negative,-0.674
cous__.471,Kunal,Tortilla Chips,PID005471,Worth the price.,Neutral,0.0
cous__.472,Swati,Veggie Chips,PID005472,Loved the taste!,Neutral,0.0
cous__.473,Arjun,Pretzels,PID005473,Average experience.,Negative,-0.674
cous__.474,Priya,Popcorn,PID005474,Average experience.,Negative,-0.674
cous__.475,Amit,Milk,PID005475,Fresh and tasty.,Positive,0.885
cous__.476,Rohan,Yogurt,PID005476,Highly recommended!,Positive,0.885
cous__.477,Aditya,Cheddar Cheese,PID005477,"Not good, expected better.",Negative,-0.674
cous__.478,Priya,Mozzarella Cheese,PID005478,Highly recommended!,Positive,0.885
cous__.479,Swati,Greek Yogurt,PID005479,Loved the taste!,Neutral,0.0
cous__.480,Mira,Butter,PID005480,Not satisfied.,Negative,-0.674
cous__.481,Sita,Cream Cheese,PID005481,Fresh and tasty.,Positive,0.885
cous__.482,Arjun,Cottage Cheese,PID005482,"Not good, expected better.",Positive,0.885
cous__.483,Raju,Orange Juice,PID005483,Highly recommended!,Negative,-0.674
cous__.484,Sneha,Apple Juice,PID005484,Worth the price.,Negative,-0.674
cous__.485,Divya,Green Tea,PID005485,Bad packaging.,Positive,0.885
cous__.486,Pooja,Coffee,PID005486,Highly recommended!,Negative,-0.674
cous__.487,Amit,Soft Drink,PID005487,Average experience.,Negative,-0.674
cous__.488,Divya,Black Tea,PID005488,Very delicious!,Neutral,0.0
cous__.489,Rahul,Herbal Tea,PID005489,Not satisfied.,Positive,0.885
cous__.490,Arjun,Sparkling Water,PID005490,Not satisfied.,Neutral,0.0
cous__.491,Aditya,Ready-to-Eat Pasta,PID005491,Bad packaging.,Positive,0.885
cous__.492,Mira,Frozen Pizza,PID005492,Fresh and tasty.,Neutral,0.0
cous__.493,Varun,Frozen Burritos,PID005493,Highly recommended!,Negative,-0.674
cous__.494,Kiran,Frozen Lasagna,PID005494,Bad packaging.,Negative,-0.674
cous__.495,Arjun,Instant Noodles,PID005495,Fresh and tasty.,Neutral,0.0
cous__.496,Varun,Whole Wheat Bread,PID005496,Not satisfied.,Negative,-0.674
cous__.497,Suman,Bagels,PID005497,Worth the price.,Neutral,0.0
cous__.498,Swati,Croissants,PID005498,"Not good, expected better.",Negative,-0.674
cous__.499,Arjun,English Muffins,PID005499,Very delicious!,Neutral,0.0
cous__.500,Aditya,Pita Bread,PID005500,Very delicious!,Positive,0.885
cous__.501,Arjun,Sourdough Bread,PID005501,Fresh and tasty.,Negative,-0.674
cous__.502,Varun,Multigrain Cereal,PID005502,Average experience.,Negative,-0.674
cous__.503,Kiran,Oatmeal,PID005503,Very delicious!,Negative,-0.674
cous__.504,Varun,Granola Bars,PID005504,Highly recommended!,Negative,-0.674
cous__.505,Priya,Protein Bars,PID005505,Bad packaging.,Neutral,0.0
cous__.506,Varun,Raisin Bran Cereal,PID005506,Bad packaging.,Positive,0.885
cous__.507,Kunal,Frozen Vegetables,PID005507,Fresh and tasty.,Neutral,0.0
cous__.508,Aditya,Frozen French Fries,PID005508,Average experience.,Negative,-0.674
cous__.509,Swati,Frozen Chicken Nuggets,PID005509,Loved the taste!,Positive,0.885
cous__.510,Kiran,Frozen Fish Sticks,PID005510,Very delicious!,Positive,0.885
cous__.511,Kunal,Frozen Dumplings,PID005511,Highly recommended!,Positive,0.885
cous__.512,Amit,Frozen Spring Rolls,PID005512,Loved the taste!,Negative,-0.674
cous__.513,Raju,Frozen Waffles,PID005513,Fresh and tasty.,Positive,0.885
cous__.514,Meera,Frozen Berries,PID005514,Loved the taste!,Neutral,0.0
cous__.515,Amit,Tofu,PID005515,Loved the taste!,Negative,-0.674
cous__.516,Arjun,Dried Fruits,PID005516,Fresh and tasty.,Negative,-0.674
cous__.517,Sneha,Canned Soup,PID005517,Highly recommended!,Negative,-0.674
cous__.518,Varun,Nut Mix,PID005518,Not satisfied.,Positive,0.885
cous__.519,Priya,Rice Cakes,PID005519,Bad packaging.,Positive,0.885
cous__.520,Arjun,Pancake Mix,PID005520,"Not good, expected better.",Positive,0.885
cous__.521,Pooja,Potato Chips,PID005521,Average experience.,Neutral,0.0
cous__.522,Rohan,Corn Chips,PID005522,Loved the taste!,Neutral,0.0
cous__.523,Pooja,Tortilla Chips,PID005523,"Not good, expected better.",Neutral,0.0
cous__.524,Rahul,Veggie Chips,PID005524,Bad packaging.,Positive,0.885
cous__.525,Rohan,Pretzels,PID005525,Worth the price.,Negative,-0.674
cous__.526,Arjun,Popcorn,PID005526,Average experience.,Positive,0.885
cous__.527,Arjun,Milk,PID005527,"Too spicy, not for me.",Negative,-0.674
cous__.528,Mira,Yogurt,PID005528,Not satisfied.,Positive,0.885
cous__.529,Suman,Cheddar Cheese,PID005529,Highly recommended!,Neutral,0.0
cous__.530,Kunal,Mozzarella Cheese,PID005530,Worth the price.,Negative,-0.674
cous__.531,Divya,Greek Yogurt,PID005531,Highly recommended!,Positive,0.885
cous__.532,Mira,Butter,PID005532,"Not good, expected better.",Neutral,0.0
cous__.533,Divya,Cream Cheese,PID005533,"Too spicy, not for me.",Negative,-0.674
cous__.534,Swati,Cottage Cheese,PID005534,Bad packaging.,Negative,-0.674
cous__.535,Kunal,Orange Juice,PID005535,Fresh and tasty.,Neutral,0.0
cous__.536,Kiran,Apple Juice,PID005536,Worth the price.,Positive,0.885
cous__.537,Suman,Green Tea,PID005537,Average experience.,Positive,0.885
cous__.538,Aditya,Coffee,PID005538,Bad packaging.,Positive,0.885
cous__.539,Rohan,Soft Drink,PID005539,"Too spicy, not for me.",Positive,0.885
cous__.540,Arjun,Black Tea,PID005540,Loved the taste!,Neutral,0.0
cous__.541,Priya,Herbal Tea,PID005541,Not satisfied.,Positive,0.885
cous__.542,Kunal,Sparkling Water,PID005542,Worth the price.,Neutral,0.0
cous__.543,Priya,Ready-to-Eat Pasta,PID005543,Fresh and tasty.,Neutral,0.0
cous__.544,Raju,Frozen Pizza,PID005544,"Not good, expected better.",Neutral,0.0
cous__.545,Sneha,Frozen Burritos,PID005545,"Not good, expected better.",Neutral,0.0
cous__.546,Sneha,Frozen Lasagna,PID005546,Fresh and tasty.,Negative,-0.674
cous__.547,Suman,Instant Noodles,PID005547,Fresh and tasty.,Negative,-0.674
cous__.548,Suman,Whole Wheat Bread,PID005548,Bad packaging.,Negative,-0.674
cous__.549,Arjun,Bagels,PID005549,Fresh and tasty.,Negative,-0.674
cous__.550,Raju,Croissants,PID005550,Not satisfied.,Positive,0.885
cous__.551,Priya,English Muffins,PID005551,Bad packaging.,Positive,0.885
cous__.552,Amit,Pita Bread,PID005552,Highly recommended!,Negative,-0.674
cous__.553,Amit,Sourdough Bread,PID005553,Not satisfied.,Neutral,0.0
cous__.554,Amit,Multigrain Cereal,PID005554,Worth the price.,Neutral,0.0
cous__.555,Kunal,Oatmeal,PID005555,Average experience.,Positive,0.885
cous__.556,Sneha,Granola Bars,PID005556,Fresh and tasty.,Neutral,0.0
cous__.557,Sita,Protein Bars,PID005557,Loved the taste!,Positive,0.885
cous__.558,Swati,Raisin Bran Cereal,PID005558,"Not good, expected better.",Negative,-0.674
cous__.559,Kunal,Frozen Vegetables,PID005559,Fresh and tasty.,Neutral,0.0
cous__.560,Arjun,Frozen French Fries,PID005560,Loved the taste!,Neutral,0.0
cous__.561,Rahul,Frozen Chicken Nuggets,PID005561,Not satisfied.,Positive,0.885
cous__.562,Aditya,Frozen Fish Sticks,PID005562,Bad packaging.,Positive,0.885
cous__.563,Raju,Frozen Dumplings,PID005563,Highly recommended!,Positive,0.885
cous__.564,Priya,Frozen Spring Rolls,PID005564,Bad packaging.,Positive,0.885
cous__.565,Amit,Frozen Waffles,PID005565,Very delicious!,Neutral,0.0
cous__.566,Suman,Frozen Berries,PID005566,Bad packaging.,Negative,-0.674
cous__.567,Pooja,Tofu,PID005567,Fresh and tasty.,Negative,-0.674
cous__.568,Amit,Dried Fruits,PID005568,Loved the taste!,Positive,0.885
cous__.569,Aditya,Canned Soup,PID005569,Average experience.,Negative,-0.674
cous__.570,Divya,Nut Mix,PID005570,Not satisfied.,Neutral,0.0
cous__.571,Arjun,Rice Cakes,PID005571,Very delicious!,Neutral,0.0
cous__.572,Raju,Pancake Mix,PID005572,Bad packaging.,Negative,-0.674
cous__.573,Varun,Potato Chips,PID005573,Very delicious!,Neutral,0.0
cous__.574,Sita,Corn Chips,PID005574,Highly recommended!,Neutral,0.0
cous__.575,Aditya,Tortilla Chips,PID005575,Loved the taste!,Negative,-0.674
cous__.576,Sneha,Veggie Chips,PID005576,"Too spicy, not for me.",Positive,0.885
cous__.577,Sita,Pretzels,PID005577,Loved the taste!,Negative,-0.674
cous__.578,Rohan,Popcorn,PID005578,Not satisfied.,Positive,0.885
cous__.579,Kiran,Milk,PID005579,"Too spicy, not for me.",Neutral,0.0
cous__.580,Kunal,Yogurt,PID005580,Highly recommended!,Neutral,0.0
cous__.581,Mira,Cheddar Cheese,PID005581,Highly recommended!,Positive,0.885
cous__.582,Meera,Mozzarella Cheese,PID005582,Very delicious!,Negative,-0.674
cous__.583,Suman,Greek Yogurt,PID005583,Fresh and tasty.,Neutral,0.0
cous__.584,Rohan,Butter,PID005584,Fresh and tasty.,Positive,0.885
cous__.585,Priya,Cream Cheese,PID005585,Worth the price.,Positive,0.885
cous__.586,Rohan,Cottage Cheese,PID005586,Worth the price.,Negative,-0.674
cous__.587,Sneha,Orange Juice,PID005587,Fresh and tasty.,Positive,0.885
cous__.588,Aditya,Apple Juice,PID005588,Worth the price.,Positive,0.885
cous__.589,Kiran,Green Tea,PID005589,Fresh and tasty.,Neutral,0.0
cous__.590,Divya,Coffee,PID005590,Fresh and tasty.,Negative,-0.674
cous__.591,Swati,Soft Drink,PID005591,Worth the price.,Neutral,0.0
cous__.592,Sita,Black Tea,PID005592,Fresh and tasty.,Negative,-0.674
cous__.593,Sita,Herbal Tea,PID005593,"Too spicy, not for me.",Neutral,0.0
cous__.594,Swati,Sparkling Water,PID005594,Highly recommended!,Positive,0.885
cous__.595,Sita,Ready-to-Eat Pasta,PID005595,"Too spicy, not for me.",Positive,0.885
cous__.596,Kiran,Frozen Pizza,PID005596,Worth the price.,Neutral,0.0
cous__.597,Amit,Frozen Burritos,PID005597,Average experience.,Positive,0.885
cous__.598,Rohan,Frozen Lasagna,PID005598,Very delicious!,Neutral,0.0
cous__.599,Amit,Instant Noodles,PID005599,Bad packaging.,Negative,-0.674
cous__.600,Meera,Whole Wheat Bread,PID005600,Very delicious!,Neutral,0.0
cous__.601,Raju,Bagels,PID005601,Average experience.,Neutral,0.0
cous__.602,Sneha,Croissants,PID005602,Fresh and tasty.,Positive,0.885
cous__.603,Sneha,English Muffins,PID005603,Fresh and tasty.,Neutral,0.0
cous__.604,Raju,Pita Bread,PID005604,Worth the price.,Positive,0.885
cous__.605,Arjun,Sourdough Bread,PID005605,Fresh and tasty.,Positive,0.885
cous__.606,Sita,Multigrain Cereal,PID005606,Loved the taste!,Positive,0.885
cous__.607,Suman,Oatmeal,PID005607,Worth the price.,Negative,-0.674
cous__.608,Aditya,Granola Bars,PID005608,"Not good, expected better.",Neutral,0.0
cous__.609,Divya,Protein Bars,PID005609,Not satisfied.,Neutral,0.0
cous__.610,Kiran,Raisin Bran Cereal,PID005610,"Too spicy, not for me.",Positive,0.885
cous__.611,Suman,Frozen Vegetables,PID005611,Highly recommended!,Negative,-0.674
cous__.612,Suman,Frozen French Fries,PID005612,Fresh and tasty.,Neutral,0.0
cous__.613,Arjun,Frozen Chicken Nuggets,PID005613,Very delicious!,Positive,0.885
cous__.614,Meera,Frozen Fish Sticks,PID005614,Highly recommended!,Negative,-0.674
cous__.615,Sneha,Frozen Dumplings,PID005615,Very delicious!,Positive,0.885
cous__.616,Kunal,Frozen Spring Rolls,PID005616,Very delicious!,Negative,-0.674
cous__.617,Suman,Frozen Waffles,PID005617,"Too spicy, not for me.",Neutral,0.0
cous__.618,Suman,Frozen Berries,PID005618,Worth the price.,Positive,0.885
cous__.619,Priya,Tofu,PID005619,"Too spicy, not for me.",Positive,0.885
cous__.620,Rahul,Dried Fruits,PID005620,Worth the price.,Positive,0.885
cous__.621,Rohan,Canned Soup,PID005621,"Too spicy, not for me.",Positive,0.885
cous__.622,Rahul,Nut Mix,PID005622,Not satisfied.,Neutral,0.0
cous__.623,Kunal,Rice Cakes,PID005623,Fresh and tasty.,Neutral,0.0
cous__.624,Aditya,Pancake Mix,PID005624,Bad packaging.,Negative,-0.674
cous__.625,Rohan,Potato Chips,PID005625,Worth the price.,Neutral,0.0
cous__.626,Arjun,Corn Chips,PID005626,"Not good, expected better.",Positive,0.885
cous__.627,Pooja,Tortilla Chips,PID005627,Fresh and tasty.,Negative,-0.674
cous__.628,Mira,Veggie Chips,PID005628,Worth the price.,Positive,0.885
cous__.629,Suman,Pretzels,PID005629,Fresh and tasty.,Positive,0.885
cous__.630,Kiran,Popcorn,PID005630,Loved the taste!,Positive,0.885
cous__.631,Varun,Milk,PID005631,Bad packaging.,Positive,0.885
cous__.632,Rohan,Yogurt,PID005632,"Too spicy, not for me.",Negative,-0.674
cous__.633,Rohan,Cheddar Cheese,PID005633,"Not good, expected better.",Positive,0.885
cous__.634,Varun,Mozzarella Cheese,PID005634,Fresh and tasty.,Negative,-0.674
cous__.635,Suman,Greek Yogurt,PID005635,Average experience.,Negative,-0.674
cous__.636,Sita,Butter,PID005636,"Too spicy, not for me.",Positive,0.885
cous__.637,Pooja,Cream Cheese,PID005637,Bad packaging.,Positive,0.885
cous__.638,Amit,Cottage Cheese,PID005638,Not satisfied.,Negative,-0.674
cous__.639,Meera,Orange Juice,PID005639,Loved the taste!,Positive,0.885
cous__.640,Varun,Apple Juice,PID005640,Highly recommended!,Negative,-0.674
cous__.641,Arjun,Green Tea,PID005641,Worth the price.,Neutral,0.0
cous__.642,Priya,Coffee,PID005642,Loved the taste!,Positive,0.885
cous__.643,Rahul,Soft Drink,PID005643,Loved the taste!,Positive,0.885
cous__.644,Sneha,Black Tea,PID005644,"Too spicy, not for me.",Neutral,0.0
cous__.645,Amit,Herbal Tea,PID005645,Bad packaging.,Neutral,0.0
cous__.646,Raju,Sparkling Water,PID005646,Very delicious!,Negative,-0.674
cous__.647,Kiran,Ready-to-Eat Pasta,PID005647,Not satisfied.,Neutral,0.0
cous__.648,Rohan,Frozen Pizza,PID005648,Fresh and tasty.,Negative,-0.674
cous__.649,Meera,Frozen Burritos,PID005649,Very delicious!,Positive,0.885
cous__.650,Sneha,Frozen Lasagna,PID005650,Average experience.,Negative,-0.674
cous__.651,Sneha,Instant Noodles,PID005651,"Not good, expected better.",Neutral,0.0
cous__.652,Amit,Whole Wheat Bread,PID005652,Loved the taste!,Neutral,0.0
cous__.653,Amit,Bagels,PID005653,Highly recommended!,Neutral,0.0
cous__.654,Divya,Croissants,PID005654,Average experience.,Positive,0.885
cous__.655,Kiran,English Muffins,PID005655,Bad packaging.,Negative,-0.674
cous__.656,Amit,Pita Bread,PID005656,Bad packaging.,Negative,-0.674
cous__.657,Meera,Sourdough Bread,PID005657,Very delicious!,Negative,-0.674
cous__.658,Pooja,Multigrain Cereal,PID005658,Highly recommended!,Positive,0.885
cous__.659,Amit,Oatmeal,PID005659,Not satisfied.,Negative,-0.674
cous__.660,Sita,Granola Bars,PID005660,Bad packaging.,Positive,0.885
cous__.661,Arjun,Protein Bars,PID005661,Highly recommended!,Positive,0.885
cous__.662,Varun,Raisin Bran Cereal,PID005662,"Not good, expected better.",Negative,-0.674
cous__.663,Pooja,Frozen Vegetables,PID005663,Bad packaging.,Negative,-0.674
cous__.664,Raju,Frozen French Fries,PID005664,Average experience.,Positive,0.885
cous__.665,Raju,Frozen Chicken Nuggets,PID005665,"Too spicy, not for me.",Neutral,0.0
cous__.666,Raju,Frozen Fish Sticks,PID005666,"Not good, expected better.",Neutral,0.0
cous__.667,Amit,Frozen Dumplings,PID005667,"Too spicy, not for me.",Negative,-0.674
cous__.668,Rohan,Frozen Spring Rolls,PID005668,"Too spicy, not for me.",Positive,0.885
cous__.669,Swati,Frozen Waffles,PID005669,Bad packaging.,Negative,-0.674
cous__.670,Arjun,Frozen Berries,PID005670,Loved the taste!,Positive,0.885
cous__.671,Kunal,Tofu,PID005671,Worth the price.,Positive,0.885
cous__.672,Suman,Dried Fruits,PID005672,Fresh and tasty.,Neutral,0.0
cous__.673,Kiran,Canned Soup,PID005673,Fresh and tasty.,Positive,0.885
cous__.674,Kiran,Nut Mix,PID005674,Not satisfied.,Neutral,0.0
cous__.675,Kiran,Rice Cakes,PID005675,"Too spicy, not for me.",Positive,0.885
cous__.676,Suman,Pancake Mix,PID005676,"Not good, expected better.",Neutral,0.0
cous__.677,Rahul,Potato Chips,PID005677,Average experience.,Neutral,0.0
cous__.678,Kunal,Corn Chips,PID005678,Not satisfied.,Positive,0.885
cous__.679,Amit,Tortilla Chips,PID005679,"Too spicy, not for me.",Negative,-0.674
cous__.680,Amit,Veggie Chips,PID005680,"Not good, expected better.",Negative,-0.674
cous__.681,Mira,Pretzels,PID005681,Highly recommended!,Neutral,0.0
cous__.682,Rohan,Popcorn,PID005682,"Not good, expected better.",Negative,-0.674
cous__.683,Amit,Milk,PID005683,Fresh and tasty.,Neutral,0.0
cous__.684,Rahul,Yogurt,PID005684,Worth the price.,Positive,0.885
cous__.685,Priya,Cheddar Cheese,PID005685,"Not good, expected better.",Neutral,0.0
cous__.686,Sneha,Mozzarella Cheese,PID005686,Worth the price.,Positive,0.885
cous__.687,Rahul,Greek Yogurt,PID005687,Worth the price.,Neutral,0.0
cous__.688,Priya,Butter,PID005688,Average experience.,Positive,0.885
cous__.689,Arjun,Cream Cheese,PID005689,Worth the price.,Positive,0.885
cous__.690,Swati,Cottage Cheese,PID005690,Highly recommended!,Negative,-0.674
cous__.691,Kunal,Orange Juice,PID005691,Worth the price.,Positive,0.885
cous__.692,Rahul,Apple Juice,PID005692,Loved the taste!,Neutral,0.0
cous__.693,Aditya,Green Tea,PID005693,Fresh and tasty.,Positive,0.885
cous__.694,Pooja,Coffee,PID005694,Worth the price.,Neutral,0.0
cous__.695,Arjun,Soft Drink,PID005695,Loved the taste!,Neutral,0.0
cous__.696,Kiran,Black Tea,PID005696,Fresh and tasty.,Neutral,0.0
cous__.697,Sita,Herbal Tea,PID005697,Bad packaging.,Neutral,0.0
cous__.698,Swati,Sparkling Water,PID005698,"Not good, expected better.",Neutral,0.0
cous__.699,Meera,Ready-to-Eat Pasta,PID005699,Average experience.,Positive,0.885
cous__.700,Swati,Frozen Pizza,PID005700,Bad packaging.,Neutral,0.0
cous__.701,Pooja,Frozen Burritos,PID005701,Not satisfied.,Positive,0.885
cous__.702,Pooja,Frozen Lasagna,PID005702,Bad packaging.,Negative,-0.674
cous__.703,Pooja,Instant Noodles,PID005703,Fresh and tasty.,Positive,0.885
cous__.704,Raju,Whole Wheat Bread,PID005704,Very delicious!,Negative,-0.674
cous__.705,Aditya,Bagels,PID005705,Fresh and tasty.,Negative,-0.674
cous__.706,Meera,Croissants,PID005706,Fresh and tasty.,Negative,-0.674
cous__.707,Meera,English Muffins,PID005707,Worth the price.,Neutral,0.0
cous__.708,Amit,Pita Bread,PID005708,Loved the taste!,Neutral,0.0
cous__.709,Swati,Sourdough Bread,PID005709,Very delicious!,Positive,0.885
cous__.710,Priya,Multigrain Cereal,PID005710,Very delicious!,Negative,-0.674
cous__.711,Mira,Oatmeal,PID005711,"Too spicy, not for me.",Positive,0.885
cous__.712,Divya,Granola Bars,PID005712,Loved the taste!,Neutral,0.0
cous__.713,Sneha,Protein Bars,PID005713,Highly recommended!,Positive,0.885
cous__.714,Priya,Raisin Bran Cereal,PID005714,Very delicious!,Positive,0.885
cous__.715,Meera,Frozen Vegetables,PID005715,Worth the price.,Neutral,0.0
cous__.716,Kunal,Frozen French Fries,PID005716,Worth the price.,Positive,0.885
cous__.717,Mira,Frozen Chicken Nuggets,PID005717,Average experience.,Neutral,0.0
cous__.718,Raju,Frozen Fish Sticks,PID005718,Very delicious!,Negative,-0.674
cous__.719,Raju,Frozen Dumplings,PID005719,Average experience.,Negative,-0.674
cous__.720,Priya,Frozen Spring Rolls,PID005720,Average experience.,Positive,0.885
cous__.721,Amit,Frozen Waffles,PID005721,Not satisfied.,Positive,0.885
cous__.722,Rahul,Frozen Berries,PID005722,Average experience.,Positive,0.885
cous__.723,Priya,Tofu,PID005723,Very delicious!,Negative,-0.674
cous__.724,Aditya,Dried Fruits,PID005724,"Not good, expected better.",Neutral,0.0
cous__.725,Raju,Canned Soup,PID005725,"Not good, expected better.",Neutral,0.0
cous__.726,Rohan,Nut Mix,PID005726,Average experience.,Neutral,0.0
cous__.727,Aditya,Rice Cakes,PID005727,Not satisfied.,Negative,-0.674
cous__.728,Mira,Pancake Mix,PID005728,Highly recommended!,Neutral,0.0
cous__.729,Kiran,Potato Chips,PID005729,Average experience.,Neutral,0.0
cous__.730,Divya,Corn Chips,PID005730,Very delicious!,Negative,-0.674
cous__.731,Amit,Tortilla Chips,PID005731,Worth the price.,Positive,0.885
cous__.732,Varun,Veggie Chips,PID005732,Fresh and tasty.,Positive,0.885
cous__.733,Raju,Pretzels,PID005733,Worth the price.,Positive,0.885
cous__.734,Divya,Popcorn,PID005734,"Too spicy, not for me.",Negative,-0.674
cous__.735,Amit,Milk,PID005735,Worth the price.,Negative,-0.674
cous__.736,Rahul,Yogurt,PID005736,Loved the taste!,Positive,0.885
cous__.737,Rahul,Cheddar Cheese,PID005737,Worth the price.,Negative,-0.674
cous__.738,Varun,Mozzarella Cheese,PID005738,"Not good, expected better.",Positive,0.885
cous__.739,Raju,Greek Yogurt,PID005739,Average experience.,Negative,-0.674
cous__.740,Amit,Butter,PID005740,Worth the price.,Neutral,0.0
cous__.741,Suman,Cream Cheese,PID005741,Highly recommended!,Neutral,0.0
cous__.742,Varun,Cottage Cheese,PID005742,Highly recommended!,Neutral,0.0
cous__.743,Priya,Orange Juice,PID005743,Average experience.,Neutral,0.0
cous__.744,Varun,Apple Juice,PID005744,Average experience.,Positive,0.885
cous__.745,Kunal,Green Tea,PID005745,Very delicious!,Negative,-0.674
cous__.746,Kunal,Coffee,PID005746,Fresh and tasty.,Neutral,0.0
cous__.747,Varun,Soft Drink,PID005747,Worth the price.,Negative,-0.674
cous__.748,Priya,Black Tea,PID005748,"Not good, expected better.",Positive,0.885
cous__.749,Sneha,Herbal Tea,PID005749,Loved the taste!,Negative,-0.674
cous__.750,Rohan,Sparkling Water,PID005750,Not satisfied.,Negative,-0.674
cous__.751,Swati,Ready-to-Eat Pasta,PID005751,Very delicious!,Negative,-0.674
cous__.752,Varun,Frozen Pizza,PID005752,Worth the price.,Negative,-0.674
cous__.753,Varun,Frozen Burritos,PID005753,Very delicious!,Positive,0.885
cous__.754,Mira,Frozen Lasagna,PID005754,"Too spicy, not for me.",Neutral,0.0
cous__.755,Sita,Instant Noodles,PID005755,"Not good, expected better.",Neutral,0.0
cous__.756,Kiran,Whole Wheat Bread,PID005756,Bad packaging.,Negative,-0.674
cous__.757,Sita,Bagels,PID005757,"Not good, expected better.",Neutral,0.0
cous__.758,Sneha,Croissants,PID005758,Bad packaging.,Neutral,0.0
cous__.759,Kunal,English Muffins,PID005759,Loved the taste!,Negative,-0.674
cous__.760,Divya,Pita Bread,PID005760,Fresh and tasty.,Positive,0.885
cous__.761,Priya,Sourdough Bread,PID005761,Bad packaging.,Positive,0.885
cous__.762,Swati,Multigrain Cereal,PID005762,Bad packaging.,Neutral,0.0
cous__.763,Sneha,Oatmeal,PID005763,Fresh and tasty.,Neutral,0.0
cous__.764,Mira,Granola Bars,PID005764,Loved the taste!,Neutral,0.0
cous__.765,Raju,Protein Bars,PID005765,Not satisfied.,Positive,0.885
cous__.766,Divya,Raisin Bran Cereal,PID005766,Average experience.,Negative,-0.674
cous__.767,Suman,Frozen Vegetables,PID005767,Not satisfied.,Negative,-0.674
cous__.768,Mira,Frozen French Fries,PID005768,Highly recommended!,Positive,0.885
cous__.769,Divya,Frozen Chicken Nuggets,PID005769,Bad packaging.,Negative,-0.674
cous__.770,Sita,Frozen Fish Sticks,PID005770,Highly recommended!,Negative,-0.674
cous__.771,Kunal,Frozen Dumplings,PID005771,Bad packaging.,Positive,0.885
cous__.772,Rahul,Frozen Spring Rolls,PID005772,Loved the taste!,Neutral,0.0
cous__.773,Amit,Frozen Waffles,PID005773,Worth the price.,Neutral,0.0
cous__.774,Suman,Frozen Berries,PID005774,"Not good, expected better.",Neutral,0.0
cous__.775,Arjun,Tofu,PID005775,Average experience.,Neutral,0.0
cous__.776,Mira,Dried Fruits,PID005776,Loved the taste!,Neutral,0.0
cous__.777,Priya,Canned Soup,PID005777,Highly recommended!,Negative,-0.674
cous__.778,Varun,Nut Mix,PID005778,Loved the taste!,Neutral,0.0
cous__.779,Aditya,Rice Cakes,PID005779,Very delicious!,Neutral,0.0
cous__.780,Priya,Pancake Mix,PID005780,Bad packaging.,Neutral,0.0
cous__.781,Meera,Potato Chips,PID005781,Bad packaging.,Negative,-0.674
cous__.782,Priya,Corn Chips,PID005782,Fresh and tasty.,Negative,-0.674
cous__.783,Sita,Tortilla Chips,PID005783,Bad packaging.,Negative,-0.674
cous__.784,Amit,Veggie Chips,PID005784,"Not good, expected better.",Positive,0.885
cous__.785,Divya,Pretzels,PID005785,Very delicious!,Positive,0.885
cous__.786,Arjun,Popcorn,PID005786,Bad packaging.,Neutral,0.0
cous__.787,Varun,Milk,PID005787,"Too spicy, not for me.",Positive,0.885
cous__.788,Kunal,Yogurt,PID005788,"Too spicy, not for me.",Positive,0.885
cous__.789,Rohan,Cheddar Cheese,PID005789,Average experience.,Positive,0.885
cous__.790,Pooja,Mozzarella Cheese,PID005790,"Too spicy, not for me.",Neutral,0.0
cous__.791,Sita,Greek Yogurt,PID005791,Not satisfied.,Neutral,0.0
cous__.792,Kunal,Butter,PID005792,Very delicious!,Positive,0.885
cous__.793,Mira,Cream Cheese,PID005793,"Not good, expected better.",Positive,0.885
cous__.794,Pooja,Cottage Cheese,PID005794,Average experience.,Positive,0.885
cous__.795,Kiran,Orange Juice,PID005795,Average experience.,Positive,0.885
cous__.796,Swati,Apple Juice,PID005796,"Too spicy, not for me.",Neutral,0.0
cous__.797,Aditya,Green Tea,PID005797,Loved the taste!,Neutral,0.0
cous__.798,Varun,Coffee,PID005798,Highly recommended!,Neutral,0.0
cous__.799,Raju,Soft Drink,PID005799,Fresh and tasty.,Neutral,0.0
cous__.800,Sita,Black Tea,PID005800,Fresh and tasty.,Neutral,0.0
cous__.801,Sita,Herbal Tea,PID005801,"Not good, expected better.",Neutral,0.0
cous__.802,Priya,Sparkling Water,PID005802,Not satisfied.,Positive,0.885
cous__.803,Rohan,Ready-to-Eat Pasta,PID005803,Highly recommended!,Positive,0.885
cous__.804,Raju,Frozen Pizza,PID005804,Not satisfied.,Positive,0.885
cous__.805,Mira,Frozen Burritos,PID005805,Worth the price.,Neutral,0.0
cous__.806,Kiran,Frozen Lasagna,PID005806,Fresh and tasty.,Positive,0.885
cous__.807,Rohan,Instant Noodles,PID005807,"Not good, expected better.",Neutral,0.0
cous__.808,Sneha,Whole Wheat Bread,PID005808,Bad packaging.,Neutral,0.0
cous__.809,Arjun,Bagels,PID005809,Loved the taste!,Positive,0.885
cous__.810,Swati,Croissants,PID005810,Not satisfied.,Neutral,0.0
cous__.811,Suman,English Muffins,PID005811,Not satisfied.,Neutral,0.0
cous__.812,Suman,Pita Bread,PID005812,Not satisfied.,Neutral,0.0
cous__.813,Rohan,Sourdough Bread,PID005813,Not satisfied.,Positive,0.885
cous__.814,Mira,Multigrain Cereal,PID005814,"Not good, expected better.",Neutral,0.0
cous__.815,Amit,Oatmeal,PID005815,Fresh and tasty.,Positive,0.885
cous__.816,Kiran,Granola Bars,PID005816,Bad packaging.,Neutral,0.0
cous__.817,Aditya,Protein Bars,PID005817,Worth the price.,Neutral,0.0
cous__.818,Aditya,Raisin Bran Cereal,PID005818,Loved the taste!,Positive,0.885
cous__.819,Sita,Frozen Vegetables,PID005819,Worth the price.,Negative,-0.674
cous__.820,Sita,Frozen French Fries,PID005820,Highly recommended!,Positive,0.885
cous__.821,Mira,Frozen Chicken Nuggets,PID005821,Very delicious!,Positive,0.885
cous__.822,Sneha,Frozen Fish Sticks,PID005822,Bad packaging.,Negative,-0.674
cous__.823,Raju,Frozen Dumplings,PID005823,"Not good, expected better.",Positive,0.885
cous__.824,Suman,Frozen Spring Rolls,PID005824,Loved the taste!,Negative,-0.674
cous__.825,Kunal,Frozen Waffles,PID005825,Highly recommended!,Negative,-0.674
cous__.826,Raju,Frozen Berries,PID005826,Loved the taste!,Neutral,0.0
cous__.827,Sneha,Tofu,PID005827,Fresh and tasty.,Negative,-0.674
cous__.828,Pooja,Dried Fruits,PID005828,Fresh and tasty.,Positive,0.885
cous__.829,Kunal,Canned Soup,PID005829,Highly recommended!,Negative,-0.674
cous__.830,Mira,Nut Mix,PID005830,Loved the taste!,Negative,-0.674
cous__.831,Mira,Rice Cakes,PID005831,Fresh and tasty.,Positive,0.885
cous__.832,Priya,Pancake Mix,PID005832,Not satisfied.,Neutral,0.0
cous__.833,Kunal,Potato Chips,PID005833,Not satisfied.,Positive,0.885
cous__.834,Sneha,Corn Chips,PID005834,Fresh and tasty.,Neutral,0.0
cous__.835,Rohan,Tortilla Chips,PID005835,"Too spicy, not for me.",Negative,-0.674
cous__.836,Rohan,Veggie Chips,PID005836,Fresh and tasty.,Negative,-0.674
cous__.837,Divya,Pretzels,PID005837,"Not good, expected better.",Neutral,0.0
cous__.838,Arjun,Popcorn,PID005838,Worth the price.,Positive,0.885
cous__.839,Sita,Milk,PID005839,"Too spicy, not for me.",Negative,-0.674
cous__.840,Rohan,Yogurt,PID005840,Average experience.,Neutral,0.0
cous__.841,Rohan,Cheddar Cheese,PID005841,"Not good, expected better.",Positive,0.885
cous__.842,Sita,Mozzarella Cheese,PID005842,"Too spicy, not for me.",Negative,-0.674
cous__.843,Kunal,Greek Yogurt,PID005843,Highly recommended!,Neutral,0.0
cous__.844,Aditya,Butter,PID005844,Very delicious!,Negative,-0.674
cous__.845,Sneha,Cream Cheese,PID005845,Average experience.,Negative,-0.674
cous__.846,Priya,Cottage Cheese,PID005846,Not satisfied.,Positive,0.885
cous__.847,Arjun,Orange Juice,PID005847,Highly recommended!,Neutral,0.0
cous__.848,Sita,Apple Juice,PID005848,"Not good, expected better.",Negative,-0.674
cous__.849,Rohan,Green Tea,PID005849,Very delicious!,Neutral,0.0
cous__.850,Aditya,Coffee,PID005850,Loved the taste!,Positive,0.885
cous__.851,Divya,Soft Drink,PID005851,"Not good, expected better.",Negative,-0.674
cous__.852,Sita,Black Tea,PID005852,Worth the price.,Negative,-0.674
cous__.853,Pooja,Herbal Tea,PID005853,Loved the taste!,Negative,-0.674
cous__.854,Meera,Sparkling Water,PID005854,Bad packaging.,Neutral,0.0
cous__.855,Rahul,Ready-to-Eat Pasta,PID005855,"Not good, expected better.",Positive,0.885
cous__.856,Rohan,Frozen Pizza,PID005856,Worth the price.,Positive,0.885
cous__.857,Raju,Frozen Burritos,PID005857,Fresh and tasty.,Positive,0.885
cous__.858,Priya,Frozen Lasagna,PID005858,Very delicious!,Positive,0.885
cous__.859,Meera,Instant Noodles,PID005859,Not satisfied.,Negative,-0.674
cous__.860,Rohan,Whole Wheat Bread,PID005860,Fresh and tasty.,Negative,-0.674
cous__.861,Sneha,Bagels,PID005861,"Not good, expected better.",Negative,-0.674
cous__.862,Raju,Croissants,PID005862,Highly recommended!,Negative,-0.674
cous__.863,Arjun,English Muffins,PID005863,Very delicious!,Negative,-0.674
cous__.864,Kunal,Pita Bread,PID005864,Very delicious!,Positive,0.885
cous__.865,Mira,Sourdough Bread,PID005865,"Not good, expected better.",Neutral,0.0
cous__.866,Sita,Multigrain Cereal,PID005866,Not satisfied.,Negative,-0.674
cous__.867,Rahul,Oatmeal,PID005867,Loved the taste!,Negative,-0.674
cous__.868,Amit,Granola Bars,PID005868,Fresh and tasty.,Positive,0.885
cous__.869,Sita,Protein Bars,PID005869,Not satisfied.,Neutral,0.0
cous__.870,Raju,Raisin Bran Cereal,PID005870,Average experience.,Positive,0.885
cous__.871,Aditya,Frozen Vegetables,PID005871,Highly recommended!,Negative,-0.674
cous__.872,Swati,Frozen French Fries,PID005872,Highly recommended!,Negative,-0.674
cous__.873,Arjun,Frozen Chicken Nuggets,PID005873,Bad packaging.,Positive,0.885
cous__.874,Sneha,Frozen Fish Sticks,PID005874,Not satisfied.,Neutral,0.0
cous__.875,Priya,Frozen Dumplings,PID005875,Loved the taste!,Negative,-0.674
cous__.876,Priya,Frozen Spring Rolls,PID005876,Highly recommended!,Neutral,0.0
cous__.877,Sita,Frozen Waffles,PID005877,Very delicious!,Negative,-0.674
cous__.878,Suman,Frozen Berries,PID005878,Highly recommended!,Positive,0.885
cous__.879,Amit,Tofu,PID005879,Bad packaging.,Positive,0.885
cous__.880,Mira,Dried Fruits,PID005880,Worth the price.,Positive,0.885
cous__.881,Suman,Canned Soup,PID005881,"Not good, expected better.",Neutral,0.0
cous__.882,Amit,Nut Mix,PID005882,Not satisfied.,Negative,-0.674
cous__.883,Raju,Rice Cakes,PID005883,Very delicious!,Negative,-0.674
cous__.884,Divya,Pancake Mix,PID005884,"Too spicy, not for me.",Neutral,0.0
cous__.885,Rohan,Potato Chips,PID005885,Worth the price.,Negative,-0.674
cous__.886,Aditya,Corn Chips,PID005886,Highly recommended!,Negative,-0.674
cous__.887,Amit,Tortilla Chips,PID005887,"Too spicy, not for me.",Negative,-0.674
cous__.888,Priya,Veggie Chips,PID005888,Bad packaging.,Neutral,0.0
cous__.889,Sneha,Pretzels,PID005889,"Not good, expected better.",Positive,0.885
cous__.890,Priya,Popcorn,PID005890,Fresh and tasty.,Negative,-0.674
cous__.891,Meera,Milk,PID005891,Loved the taste!,Positive,0.885
cous__.892,Varun,Yogurt,PID005892,Highly recommended!,Neutral,0.0
cous__.893,Suman,Cheddar Cheese,PID005893,Loved the taste!,Negative,-0.674
cous__.894,Raju,Mozzarella Cheese,PID005894,Fresh and tasty.,Neutral,0.0
cous__.895,Suman,Greek Yogurt,PID005895,"Not good, expected better.",Negative,-0.674
cous__.896,Mira,Butter,PID005896,Bad packaging.,Positive,0.885
cous__.897,Suman,Cream Cheese,PID005897,Loved the taste!,Negative,-0.674
cous__.898,Raju,Cottage Cheese,PID005898,"Not good, expected better.",Negative,-0.674
cous__.899,Divya,Orange Juice,PID005899,Fresh and tasty.,Positive,0.885
cous__.900,Divya,Apple Juice,PID005900,"Too spicy, not for me.",Negative,-0.674
cous__.901,Mira,Green Tea,PID005901,Bad packaging.,Neutral,0.0
cous__.902,Arjun,Coffee,PID005902,Fresh and tasty.,Negative,-0.674
cous__.903,Sita,Soft Drink,PID005903,Very delicious!,Neutral,0.0
cous__.904,Priya,Black Tea,PID005904,Not satisfied.,Negative,-0.674
cous__.905,Arjun,Herbal Tea,PID005905,Bad packaging.,Negative,-0.674
cous__.906,Kunal,Sparkling Water,PID005906,Highly recommended!,Negative,-0.674
cous__.907,Priya,Ready-to-Eat Pasta,PID005907,"Not good, expected better.",Positive,0.885
cous__.908,Meera,Frozen Pizza,PID005908,Fresh and tasty.,Positive,0.885
cous__.909,Swati,Frozen Burritos,PID005909,Loved the taste!,Neutral,0.0
cous__.910,Kiran,Frozen Lasagna,PID005910,Worth the price.,Negative,-0.674
cous__.911,Varun,Instant Noodles,PID005911,"Too spicy, not for me.",Neutral,0.0
cous__.912,Pooja,Whole Wheat Bread,PID005912,Fresh and tasty.,Positive,0.885
cous__.913,Amit,Bagels,PID005913,Highly recommended!,Neutral,0.0
cous__.914,Kiran,Croissants,PID005914,Very delicious!,Positive,0.885
cous__.915,Arjun,English Muffins,PID005915,Bad packaging.,Neutral,0.0
cous__.916,Varun,Pita Bread,PID005916,Not satisfied.,Neutral,0.0
cous__.917,Swati,Sourdough Bread,PID005917,Average experience.,Negative,-0.674
cous__.918,Sneha,Multigrain Cereal,PID005918,Highly recommended!,Negative,-0.674
cous__.919,Kunal,Oatmeal,PID005919,"Not good, expected better.",Neutral,0.0
cous__.920,Rohan,Granola Bars,PID005920,Not satisfied.,Positive,0.885
cous__.921,Amit,Protein Bars,PID005921,Worth the price.,Positive,0.885
cous__.922,Meera,Raisin Bran Cereal,PID005922,Bad packaging.,Negative,-0.674
cous__.923,Sneha,Frozen Vegetables,PID005923,Not satisfied.,Negative,-0.674
cous__.924,Kiran,Frozen French Fries,PID005924,Highly recommended!,Positive,0.885
cous__.925,Aditya,Frozen Chicken Nuggets,PID005925,Bad packaging.,Positive,0.885
cous__.926,Priya,Frozen Fish Sticks,PID005926,Loved the taste!,Neutral,0.0
cous__.927,Sita,Frozen Dumplings,PID005927,Not satisfied.,Negative,-0.674
cous__.928,Mira,Frozen Spring Rolls,PID005928,Loved the taste!,Negative,-0.674
cous__.929,Sneha,Frozen Waffles,PID005929,Not satisfied.,Negative,-0.674
cous__.930,Kiran,Frozen Berries,PID005930,Worth the price.,Neutral,0.0
cous__.931,Suman,Tofu,PID005931,Highly recommended!,Negative,-0.674
cous__.932,Kunal,Dried Fruits,PID005932,Bad packaging.,Negative,-0.674
cous__.933,Varun,Canned Soup,PID005933,"Too spicy, not for me.",Positive,0.885
cous__.934,Rahul,Nut Mix,PID005934,Loved the taste!,Negative,-0.674
cous__.935,Varun,Rice Cakes,PID005935,Worth the price.,Positive,0.885
cous__.936,Mira,Pancake Mix,PID005936,"Too spicy, not for me.",Negative,-0.674
cous__.937,Amit,Potato Chips,PID005937,Bad packaging.,Negative,-0.674
cous__.938,Raju,Corn Chips,PID005938,Very delicious!,Negative,-0.674
cous__.939,Kunal,Tortilla Chips,PID005939,Average experience.,Negative,-0.674
cous__.940,Raju,Veggie Chips,PID005940,"Too spicy, not for me.",Negative,-0.674
cous__.941,Swati,Pretzels,PID005941,Loved the taste!,Neutral,0.0
cous__.942,Meera,Popcorn,PID005942,Not satisfied.,Negative,-0.674
cous__.943,Kiran,Milk,PID005943,Not satisfied.,Neutral,0.0
cous__.944,Meera,Yogurt,PID005944,Not satisfied.,Negative,-0.674
cous__.945,Rahul,Cheddar Cheese,PID005945,Average experience.,Neutral,0.0
cous__.946,Sneha,Mozzarella Cheese,PID005946,"Too spicy, not for me.",Negative,-0.674
cous__.947,Suman,Greek Yogurt,PID005947,"Too spicy, not for me.",Negative,-0.674
cous__.948,Priya,Butter,PID005948,"Too spicy, not for me.",Positive,0.885
cous__.949,Kiran,Cream Cheese,PID005949,Fresh and tasty.,Positive,0.885
cous__.950,Sita,Cottage Cheese,PID005950,Very delicious!,Negative,-0.674
cous__.951,Rahul,Orange Juice,PID005951,Highly recommended!,Positive,0.885
cous__.952,Aditya,Apple Juice,PID005952,Average experience.,Positive,0.885
cous__.953,Arjun,Green Tea,PID005953,Fresh and tasty.,Positive,0.885
cous__.954,Sita,Coffee,PID005954,Very delicious!,Negative,-0.674
cous__.955,Priya,Soft Drink,PID005955,Fresh and tasty.,Positive,0.885
cous__.956,Swati,Black Tea,PID005956,Highly recommended!,Positive,0.885
cous__.957,Arjun,Herbal Tea,PID005957,"Not good, expected better.",Positive,0.885
cous__.958,Swati,Sparkling Water,PID005958,Bad packaging.,Positive,0.885
cous__.959,Mira,Ready-to-Eat Pasta,PID005959,Not satisfied.,Neutral,0.0
cous__.960,Raju,Frozen Pizza,PID005960,"Not good, expected better.",Positive,0.885
cous__.961,Rohan,Frozen Burritos,PID005961,Loved the taste!,Neutral,0.0
cous__.962,Arjun,Frozen Lasagna,PID005962,Fresh and tasty.,Neutral,0.0
cous__.963,Suman,Instant Noodles,PID005963,Loved the taste!,Positive,0.885
cous__.964,Rohan,Whole Wheat Bread,PID005964,"Too spicy, not for me.",Negative,-0.674
cous__.965,Pooja,Bagels,PID005965,Highly recommended!,Positive,0.885
cous__.966,Suman,Croissants,PID005966,Worth the price.,Negative,-0.674
cous__.967,Arjun,English Muffins,PID005967,Loved the taste!,Negative,-0.674
cous__.968,Rohan,Pita Bread,PID005968,Fresh and tasty.,Positive,0.885
cous__.969,Kiran,Sourdough Bread,PID005969,Fresh and tasty.,Positive,0.885
cous__.970,Swati,Multigrain Cereal,PID005970,Worth the price.,Neutral,0.0
cous__.971,Raju,Oatmeal,PID005971,Bad packaging.,Negative,-0.674
cous__.972,Kunal,Granola Bars,PID005972,"Too spicy, not for me.",Neutral,0.0
cous__.973,Swati,Protein Bars,PID005973,Highly recommended!,Positive,0.885
cous__.974,Amit,Raisin Bran Cereal,PID005974,Average experience.,Neutral,0.0
cous__.975,Kunal,Frozen Vegetables,PID005975,Average experience.,Negative,-0.674
cous__.976,Divya,Frozen French Fries,PID005976,Highly recommended!,Neutral,0.0
cous__.977,Sita,Frozen Chicken Nuggets,PID005977,"Not good, expected better.",Positive,0.885
cous__.978,Meera,Frozen Fish Sticks,PID005978,Highly recommended!,Positive,0.885
cous__.979,Rohan,Frozen Dumplings,PID005979,Fresh and tasty.,Positive,0.885
cous__.980,Rahul,Frozen Spring Rolls,PID005980,Average experience.,Neutral,0.0
cous__.981,Varun,Frozen Waffles,PID005981,Loved the taste!,Negative,-0.674
cous__.982,Aditya,Frozen Berries,PID005982,Bad packaging.,Neutral,0.0
cous__.983,Sneha,Tofu,PID005983,Bad packaging.,Neutral,0.0
cous__.984,Aditya,Dried Fruits,PID005984,"Not good, expected better.",Neutral,0.0
cous__.985,Rahul,Canned Soup,PID005985,Worth the price.,Positive,0.885
cous__.986,Meera,Nut Mix,PID005986,Very delicious!,Neutral,0.0
cous__.987,Sneha,Rice Cakes,PID005987,Fresh and tasty.,Negative,-0.674
cous__.988,Sita,Pancake Mix,PID005988,Highly recommended!,Negative,-0.674
cous__.989,Arjun,Potato Chips,PID005989,Worth the price.,Negative,-0.674
cous__.990,Amit,Corn Chips,PID005990,Average experience.,Neutral,0.0
cous__.991,Raju,Tortilla Chips,PID005991,Very delicious!,Negative,-0.674
cous__.992,Kiran,Veggie Chips,PID005992,Fresh and tasty.,Negative,-0.674
cous__.993,Swati,Pretzels,PID005993,Bad packaging.,Neutral,0.0
cous__.994,Meera,Popcorn,PID005994,Not satisfied.,Negative,-0.674
cous__.995,Sneha,Milk,PID005995,Fresh and tasty.,Neutral,0.0
cous__.996,Kunal,Yogurt,PID005996,Loved the taste!,Negative,-0.674
cous__.997,Varun,Cheddar Cheese,PID005997,Bad packaging.,Neutral,0.0
cous__.998,Meera,Mozzarella Cheese,PID005998,Worth the price.,Neutral,0.0
cous__.999,Aditya,Greek Yogurt,PID005999,"Too spicy, not for me.",Positive,0.885
cous__.1000,Divya,Butter,PID0051000,"Not good, expected better.",Negative,-0.674
cous__.1001,Amit,Cream Cheese,PID0051001,Bad packaging.,Positive,0.885
cous__.1002,Mira,Cottage Cheese,PID0051002,Average experience.,Negative,-0.674
cous__.1003,Rahul,Orange Juice,PID0051003,Worth the price.,Neutral,0.0
cous__.1004,Kiran,Apple Juice,PID0051004,Fresh and tasty.,Negative,-0.674
cous__.1005,Rohan,Green Tea,PID0051005,Worth the price.,Neutral,0.0
cous__.1006,Aditya,Coffee,PID0051006,Worth the price.,Neutral,0.0
cous__.1007,Suman,Soft Drink,PID0051007,Highly recommended!,Negative,-0.674
cous__.1008,Divya,Black Tea,PID0051008,Highly recommended!,Negative,-0.674
cous__.1009,Pooja,Herbal Tea,PID0051009,Worth the price.,Positive,0.885
cous__.1010,Varun,Sparkling Water,PID0051010,Average experience.,Negative,-0.674
cous__.1011,Raju,Ready-to-Eat Pasta,PID0051011,Worth the price.,Positive,0.885
cous__.1012,Varun,Frozen Pizza,PID0051012,Fresh and tasty.,Positive,0.885
cous__.1013,Divya,Frozen Burritos,PID0051013,"Too spicy, not for me.",Positive,0.885
cous__.1014,Mira,Frozen Lasagna,PID0051014,Loved the taste!,Positive,0.885
cous__.1015,Sita,Instant Noodles,PID0051015,Fresh and tasty.,Negative,-0.674
cous__.1016,Suman,Whole Wheat Bread,PID0051016,"Too spicy, not for me.",Neutral,0.0
cous__.1017,Pooja,Bagels,PID0051017,Highly recommended!,Neutral,0.0
cous__.1018,Meera,Croissants,PID0051018,Not satisfied.,Negative,-0.674
cous__.1019,Raju,English Muffins,PID0051019,Bad packaging.,Positive,0.885
cous__.1020,Sneha,Pita Bread,PID0051020,Fresh and tasty.,Negative,-0.674
cous__.1021,Raju,Sourdough Bread,PID0051021,Not satisfied.,Neutral,0.0
cous__.1022,Sita,Multigrain Cereal,PID0051022,Not satisfied.,Negative,-0.674
cous__.1023,Aditya,Oatmeal,PID0051023,"Too spicy, not for me.",Neutral,0.0
cous__.1024,Swati,Granola Bars,PID0051024,Worth the price.,Negative,-0.674
cous__.1025,Rohan,Protein Bars,PID0051025,Fresh and tasty.,Neutral,0.0
cous__.1026,Rahul,Raisin Bran Cereal,PID0051026,Not satisfied.,Positive,0.885
cous__.1027,Sita,Frozen Vegetables,PID0051027,"Not good, expected better.",Negative,-0.674
cous__.1028,Swati,Frozen French Fries,PID0051028,Average experience.,Neutral,0.0
cous__.1029,Aditya,Frozen Chicken Nuggets,PID0051029,Highly recommended!,Positive,0.885
cous__.1030,Sneha,Frozen Fish Sticks,PID0051030,Loved the taste!,Negative,-0.674
cous__.1031,Sneha,Frozen Dumplings,PID0051031,"Too spicy, not for me.",Neutral,0.0
cous__.1032,Rahul,Frozen Spring Rolls,PID0051032,Not satisfied.,Negative,-0.674
cous__.1033,Priya,Frozen Waffles,PID0051033,Highly recommended!,Positive,0.885
cous__.1034,Sneha,Frozen Berries,PID0051034,Worth the price.,Negative,-0.674
cous__.1035,Divya,Tofu,PID0051035,Loved the taste!,Positive,0.885
cous__.1036,Arjun,Dried Fruits,PID0051036,"Too spicy, not for me.",Positive,0.885
cous__.1037,Mira,Canned Soup,PID0051037,Bad packaging.,Negative,-0.674
cous__.1038,Kiran,Nut Mix,PID0051038,Highly recommended!,Neutral,0.0
cous__.1039,Raju,Rice Cakes,PID0051039,Loved the taste!,Neutral,0.0
cous__.1040,Arjun,Pancake Mix,PID0051040,"Too spicy, not for me.",Positive,0.885
cous__.1041,Raju,Potato Chips,PID0051041,Highly recommended!,Positive,0.885
cous__.1042,Varun,Corn Chips,PID0051042,Not satisfied.,Neutral,0.0
cous__.1043,Amit,Tortilla Chips,PID0051043,Fresh and tasty.,Neutral,0.0
cous__.1044,Raju,Veggie Chips,PID0051044,Bad packaging.,Negative,-0.674
cous__.1045,Meera,Pretzels,PID0051045,Loved the taste!,Neutral,0.0
cous__.1046,Kunal,Popcorn,PID0051046,Fresh and tasty.,Neutral,0.0
cous__.1047,Priya,Milk,PID0051047,Fresh and tasty.,Positive,0.885
cous__.1048,Raju,Yogurt,PID0051048,"Too spicy, not for me.",Positive,0.885
cous__.1049,Suman,Cheddar Cheese,PID0051049,Highly recommended!,Neutral,0.0
cous__.1050,Rohan,Mozzarella Cheese,PID0051050,Bad packaging.,Neutral,0.0
cous__.1051,Rohan,Greek Yogurt,PID0051051,Loved the taste!,Neutral,0.0
cous__.1052,Sneha,Butter,PID0051052,Average experience.,Negative,-0.674
cous__.1053,Pooja,Cream Cheese,PID0051053,Very delicious!,Negative,-0.674
cous__.1054,Raju,Cottage Cheese,PID0051054,Highly recommended!,Negative,-0.674
cous__.1055,Pooja,Orange Juice,PID0051055,Bad packaging.,Positive,0.885
cous__.1056,Swati,Apple Juice,PID0051056,"Too spicy, not for me.",Negative,-0.674
cous__.1057,Amit,Green Tea,PID0051057,Not satisfied.,Negative,-0.674
cous__.1058,Meera,Coffee,PID0051058,Highly recommended!,Positive,0.885
cous__.1059,Mira,Soft Drink,PID0051059,Worth the price.,Positive,0.885
cous__.1060,Aditya,Black Tea,PID0051060,Worth the price.,Neutral,0.0
cous__.1061,Divya,Herbal Tea,PID0051061,Loved the taste!,Positive,0.885
cous__.1062,Divya,Sparkling Water,PID0051062,"Not good, expected better.",Negative,-0.674
cous__.1063,Priya,Ready-to-Eat Pasta,PID0051063,Not satisfied.,Positive,0.885
cous__.1064,Sita,Frozen Pizza,PID0051064,Fresh and tasty.,Negative,-0.674
cous__.1065,Kunal,Frozen Burritos,PID0051065,Very delicious!,Positive,0.885
cous__.1066,Rahul,Frozen Lasagna,PID0051066,Worth the price.,Neutral,0.0
cous__.1067,Kiran,Instant Noodles,PID0051067,Bad packaging.,Positive,0.885
cous__.1068,Aditya,Whole Wheat Bread,PID0051068,Average experience.,Negative,-0.674
cous__.1069,Amit,Bagels,PID0051069,Highly recommended!,Neutral,0.0
cous__.1070,Rohan,Croissants,PID0051070,"Not good, expected better.",Neutral,0.0
cous__.1071,Pooja,English Muffins,PID0051071,Very delicious!,Positive,0.885
cous__.1072,Mira,Pita Bread,PID0051072,Bad packaging.,Neutral,0.0
cous__.1073,Pooja,Sourdough Bread,PID0051073,Loved the taste!,Negative,-0.674
cous__.1074,Arjun,Multigrain Cereal,PID0051074,Worth the price.,Positive,0.885
cous__.1075,Sneha,Oatmeal,PID0051075,Worth the price.,Negative,-0.674
cous__.1076,Sneha,Granola Bars,PID0051076,Loved the taste!,Neutral,0.0
cous__.1077,Sita,Protein Bars,PID0051077,Loved the taste!,Neutral,0.0
cous__.1078,Sita,Raisin Bran Cereal,PID0051078,Fresh and tasty.,Neutral,0.0
cous__.1079,Divya,Frozen Vegetables,PID0051079,"Too spicy, not for me.",Positive,0.885
cous__.1080,Sneha,Frozen French Fries,PID0051080,Highly recommended!,Negative,-0.674
cous__.1081,Sita,Frozen Chicken Nuggets,PID0051081,Bad packaging.,Neutral,0.0
cous__.1082,Aditya,Frozen Fish Sticks,PID0051082,"Not good, expected better.",Negative,-0.674
cous__.1083,Priya,Frozen Dumplings,PID0051083,Very delicious!,Neutral,0.0
cous__.1084,Amit,Frozen Spring Rolls,PID0051084,Worth the price.,Negative,-0.674
cous__.1085,Varun,Frozen Waffles,PID0051085,Worth the price.,Negative,-0.674
cous__.1086,Amit,Frozen Berries,PID0051086,Bad packaging.,Neutral,0.0
cous__.1087,Sneha,Tofu,PID0051087,Highly recommended!,Positive,0.885
cous__.1088,Sita,Dried Fruits,PID0051088,Loved the taste!,Positive,0.885
cous__.1089,Raju,Canned Soup,PID0051089,Fresh and tasty.,Negative,-0.674
cous__.1090,Meera,Nut Mix,PID0051090,Fresh and tasty.,Positive,0.885
cous__.1091,Priya,Rice Cakes,PID0051091,Worth the price.,Neutral,0.0
cous__.1092,Pooja,Pancake Mix,PID0051092,Loved the taste!,Neutral,0.0
cous__.1093,Pooja,Potato Chips,PID0051093,Bad packaging.,Negative,-0.674
cous__.1094,Rahul,Corn Chips,PID0051094,Not satisfied.,Neutral,0.0
cous__.1095,Kiran,Tortilla Chips,PID0051095,Worth the price.,Negative,-0.674
cous__.1096,Arjun,Veggie Chips,PID0051096,Average experience.,Negative,-0.674
cous__.1097,Suman,Pretzels,PID0051097,Loved the taste!,Neutral,0.0
cous__.1098,Amit,Popcorn,PID0051098,"Too spicy, not for me.",Positive,0.885
cous__.1099,Amit,Milk,PID0051099,Not satisfied.,Negative,-0.674
cous__.1100,Suman,Yogurt,PID0051100,"Not good, expected better.",Negative,-0.674
cous__.1101,Priya,Cheddar Cheese,PID0051101,Very delicious!,Negative,-0.674
cous__.1102,Amit,Mozzarella Cheese,PID0051102,"Not good, expected better.",Positive,0.885
cous__.1103,Suman,Greek Yogurt,PID0051103,Average experience.,Positive,0.885
cous__.1104,Amit,Butter,PID0051104,Bad packaging.,Positive,0.885
cous__.1105,Aditya,Cream Cheese,PID0051105,Worth the price.,Negative,-0.674
cous__.1106,Kiran,Cottage Cheese,PID0051106,Fresh and tasty.,Negative,-0.674
cous__.1107,Varun,Orange Juice,PID0051107,Bad packaging.,Neutral,0.0
cous__.1108,Sita,Apple Juice,PID0051108,Fresh and tasty.,Negative,-0.674
cous__.1109,Kiran,Green Tea,PID0051109,Worth the price.,Negative,-0.674
cous__.1110,Kiran,Coffee,PID0051110,Highly recommended!,Neutral,0.0
cous__.1111,Raju,Soft Drink,PID0051111,Very delicious!,Negative,-0.674
cous__.1112,Mira,Black Tea,PID0051112,Loved the taste!,Neutral,0.0
cous__.1113,Aditya,Herbal Tea,PID0051113,"Not good, expected better.",Positive,0.885
cous__.1114,Divya,Sparkling Water,PID0051114,Very delicious!,Negative,-0.674
cous__.1115,Pooja,Ready-to-Eat Pasta,PID0051115,Highly recommended!,Negative,-0.674
cous__.1116,Rohan,Frozen Pizza,PID0051116,Very delicious!,Positive,0.885
cous__.1117,Pooja,Frozen Burritos,PID0051117,Not satisfied.,Neutral,0.0
cous__.1118,Aditya,Frozen Lasagna,PID0051118,Worth the price.,Positive,0.885
cous__.1119,Kunal,Instant Noodles,PID0051119,"Too spicy, not for me.",Negative,-0.674
cous__.1120,Arjun,Whole Wheat Bread,PID0051120,"Too spicy, not for me.",Positive,0.885
cous__.1121,Sneha,Bagels,PID0051121,Fresh and tasty.,Negative,-0.674
cous__.1122,Rahul,Croissants,PID0051122,Fresh and tasty.,Negative,-0.674
cous__.1123,Rahul,English Muffins,PID0051123,"Not good, expected better.",Neutral,0.0
cous__.1124,Mira,Pita Bread,PID0051124,Average experience.,Positive,0.885
cous__.1125,Rahul,Sourdough Bread,PID0051125,Bad packaging.,Positive,0.885
cous__.1126,Divya,Multigrain Cereal,PID0051126,Fresh and tasty.,Positive,0.885
cous__.1127,Kunal,Oatmeal,PID0051127,"Not good, expected better.",Neutral,0.0
cous__.1128,Pooja,Granola Bars,PID0051128,Fresh and tasty.,Neutral,0.0
cous__.1129,Kiran,Protein Bars,PID0051129,Worth the price.,Neutral,0.0
cous__.1130,Suman,Raisin Bran Cereal,PID0051130,Loved the taste!,Negative,-0.674
cous__.1131,Amit,Frozen Vegetables,PID0051131,Bad packaging.,Positive,0.885
cous__.1132,Aditya,Frozen French Fries,PID0051132,Fresh and tasty.,Neutral,0.0
cous__.1133,Sita,Frozen Chicken Nuggets,PID0051133,Highly recommended!,Negative,-0.674
cous__.1134,Varun,Frozen Fish Sticks,PID0051134,Not satisfied.,Neutral,0.0
cous__.1135,Mira,Frozen Dumplings,PID0051135,Highly recommended!,Negative,-0.674
cous__.1136,Meera,Frozen Spring Rolls,PID0051136,Bad packaging.,Positive,0.885
cous__.1137,Aditya,Frozen Waffles,PID0051137,Fresh and tasty.,Negative,-0.674
cous__.1138,Meera,Frozen Berries,PID0051138,Loved the taste!,Neutral,0.0
cous__.1139,Meera,Tofu,PID0051139,"Not good, expected better.",Neutral,0.0
cous__.1140,Sneha,Dried Fruits,PID0051140,Fresh and tasty.,Negative,-0.674
cous__.1141,Mira,Canned Soup,PID0051141,Not satisfied.,Positive,0.885
cous__.1142,Kiran,Nut Mix,PID0051142,Average experience.,Negative,-0.674
cous__.1143,Raju,Rice Cakes,PID0051143,Highly recommended!,Negative,-0.674
cous__.1144,Arjun,Pancake Mix,PID0051144,Fresh and tasty.,Neutral,0.0
cous__.1145,Kiran,Potato Chips,PID0051145,"Too spicy, not for me.",Neutral,0.0
cous__.1146,Aditya,Corn Chips,PID0051146,Bad packaging.,Neutral,0.0
cous__.1147,Divya,Tortilla Chips,PID0051147,Highly recommended!,Neutral,0.0
cous__.1148,Kiran,Veggie Chips,PID0051148,Not satisfied.,Neutral,0.0
cous__.1149,Arjun,Pretzels,PID0051149,Worth the price.,Neutral,0.0
cous__.1150,Rohan,Popcorn,PID0051150,Fresh and tasty.,Positive,0.885
cous__.1151,Meera,Milk,PID0051151,"Too spicy, not for me.",Negative,-0.674
cous__.1152,Raju,Yogurt,PID0051152,Loved the taste!,Neutral,0.0
cous__.1153,Aditya,Cheddar Cheese,PID0051153,Worth the price.,Positive,0.885
cous__.1154,Kunal,Mozzarella Cheese,PID0051154,Loved the taste!,Negative,-0.674
cous__.1155,Pooja,Greek Yogurt,PID0051155,Very delicious!,Positive,0.885
cous__.1156,Mira,Butter,PID0051156,"Not good, expected better.",Neutral,0.0
cous__.1157,Sneha,Cream Cheese,PID0051157,"Not good, expected better.",Positive,0.885
cous__.1158,Divya,Cottage Cheese,PID0051158,"Not good, expected better.",Neutral,0.0
cous__.1159,Arjun,Orange Juice,PID0051159,Loved the taste!,Neutral,0.0
cous__.1160,Arjun,Apple Juice,PID0051160,Not satisfied.,Positive,0.885
cous__.1161,Sita,Green Tea,PID0051161,Average experience.,Negative,-0.674
cous__.1162,Raju,Coffee,PID0051162,Bad packaging.,Neutral,0.0
cous__.1163,Priya,Soft Drink,PID0051163,"Not good, expected better.",Positive,0.885
cous__.1164,Aditya,Black Tea,PID0051164,Fresh and tasty.,Positive,0.885
cous__.1165,Raju,Herbal Tea,PID0051165,Highly recommended!,Neutral,0.0
cous__.1166,Swati,Sparkling Water,PID0051166,Loved the taste!,Neutral,0.0
cous__.1167,Varun,Ready-to-Eat Pasta,PID0051167,Very delicious!,Positive,0.885
cous__.1168,Sneha,Frozen Pizza,PID0051168,Worth the price.,Positive,0.885
cous__.1169,Mira,Frozen Burritos,PID0051169,Loved the taste!,Negative,-0.674
cous__.1170,Divya,Frozen Lasagna,PID0051170,"Not good, expected better.",Positive,0.885
cous__.1171,Rohan,Instant Noodles,PID0051171,"Too spicy, not for me.",Neutral,0.0
cous__.1172,Arjun,Whole Wheat Bread,PID0051172,Highly recommended!,Neutral,0.0
cous__.1173,Swati,Bagels,PID0051173,"Not good, expected better.",Neutral,0.0
cous__.1174,Rohan,Croissants,PID0051174,"Too spicy, not for me.",Neutral,0.0
cous__.1175,Divya,English Muffins,PID0051175,"Not good, expected better.",Negative,-0.674
cous__.1176,Pooja,Pita Bread,PID0051176,Not satisfied.,Negative,-0.674
cous__.1177,Pooja,Sourdough Bread,PID0051177,Average experience.,Neutral,0.0
cous__.1178,Sneha,Multigrain Cereal,PID0051178,Not satisfied.,Negative,-0.674
cous__.1179,Arjun,Oatmeal,PID0051179,Not satisfied.,Neutral,0.0
cous__.1180,Sneha,Granola Bars,PID0051180,Bad packaging.,Neutral,0.0
cous__.1181,Mira,Protein Bars,PID0051181,"Too spicy, not for me.",Negative,-0.674
cous__.1182,Kunal,Raisin Bran Cereal,PID0051182,Very delicious!,Negative,-0.674
cous__.1183,Rohan,Frozen Vegetables,PID0051183,Loved the taste!,Positive,0.885
cous__.1184,Divya,Frozen French Fries,PID0051184,Bad packaging.,Negative,-0.674
cous__.1185,Rahul,Frozen Chicken Nuggets,PID0051185,"Too spicy, not for me.",Positive,0.885
cous__.1186,Suman,Frozen Fish Sticks,PID0051186,Loved the taste!,Negative,-0.674
cous__.1187,Sneha,Frozen Dumplings,PID0051187,Worth the price.,Neutral,0.0
cous__.1188,Raju,Frozen Spring Rolls,PID0051188,"Too spicy, not for me.",Negative,-0.674
cous__.1189,Amit,Frozen Waffles,PID0051189,"Not good, expected better.",Neutral,0.0
cous__.1190,Rohan,Frozen Berries,PID0051190,Fresh and tasty.,Neutral,0.0
cous__.1191,Suman,Tofu,PID0051191,Highly recommended!,Positive,0.885
cous__.1192,Kiran,Dried Fruits,PID0051192,Not satisfied.,Negative,-0.674
cous__.1193,Swati,Canned Soup,PID0051193,Worth the price.,Positive,0.885
cous__.1194,Suman,Nut Mix,PID0051194,"Not good, expected better.",Negative,-0.674
cous__.1195,Rohan,Rice Cakes,PID0051195,Bad packaging.,Neutral,0.0
cous__.1196,Rahul,Pancake Mix,PID0051196,Worth the price.,Negative,-0.674
cous__.1197,Amit,Potato Chips,PID0051197,"Too spicy, not for me.",Positive,0.885
cous__.1198,Arjun,Corn Chips,PID0051198,Average experience.,Neutral,0.0
cous__.1199,Sneha,Tortilla Chips,PID0051199,Worth the price.,Negative,-0.674
cous__.1200,Sita,Veggie Chips,PID0051200,Loved the taste!,Positive,0.885
cous__.1201,Kiran,Pretzels,PID0051201,Highly recommended!,Neutral,0.0
cous__.1202,Divya,Popcorn,PID0051202,"Too spicy, not for me.",Neutral,0.0
cous__.1203,Varun,Milk,PID0051203,Loved the taste!,Negative,-0.674
cous__.1204,Suman,Yogurt,PID0051204,Highly recommended!,Neutral,0.0
cous__.1205,Swati,Cheddar Cheese,PID0051205,Highly recommended!,Positive,0.885
cous__.1206,Kunal,Mozzarella Cheese,PID0051206,"Not good, expected better.",Neutral,0.0
cous__.1207,Arjun,Greek Yogurt,PID0051207,Not satisfied.,Positive,0.885
cous__.1208,Kiran,Butter,PID0051208,Average experience.,Neutral,0.0
cous__.1209,Aditya,Cream Cheese,PID0051209,Very delicious!,Positive,0.885
cous__.1210,Rohan,Cottage Cheese,PID0051210,Bad packaging.,Positive,0.885
cous__.1211,Raju,Orange Juice,PID0051211,Highly recommended!,Negative,-0.674
cous__.1212,Kiran,Apple Juice,PID0051212,Fresh and tasty.,Negative,-0.674
cous__.1213,Pooja,Green Tea,PID0051213,Loved the taste!,Negative,-0.674
cous__.1214,Pooja,Coffee,PID0051214,"Too spicy, not for me.",Negative,-0.674
cous__.1215,Suman,Soft Drink,PID0051215,"Too spicy, not for me.",Positive,0.885
cous__.1216,Rahul,Black Tea,PID0051216,Fresh and tasty.,Positive,0.885
cous__.1217,Arjun,Herbal Tea,PID0051217,Not satisfied.,Positive,0.885
cous__.1218,Amit,Sparkling Water,PID0051218,Worth the price.,Negative,-0.674
cous__.1219,Raju,Ready-to-Eat Pasta,PID0051219,Fresh and tasty.,Neutral,0.0
cous__.1220,Kunal,Frozen Pizza,PID0051220,"Not good, expected better.",Neutral,0.0
cous__.1221,Suman,Frozen Burritos,PID0051221,Loved the taste!,Neutral,0.0
cous__.1222,Suman,Frozen Lasagna,PID0051222,Fresh and tasty.,Positive,0.885
cous__.1223,Kiran,Instant Noodles,PID0051223,Bad packaging.,Negative,-0.674
cous__.1224,Sneha,Whole Wheat Bread,PID0051224,Bad packaging.,Negative,-0.674
cous__.1225,Pooja,Bagels,PID0051225,"Not good, expected better.",Negative,-0.674
cous__.1226,Rohan,Croissants,PID0051226,Highly recommended!,Neutral,0.0
cous__.1227,Raju,English Muffins,PID0051227,"Not good, expected better.",Neutral,0.0
cous__.1228,Arjun,Pita Bread,PID0051228,Very delicious!,Positive,0.885
cous__.1229,Suman,Sourdough Bread,PID0051229,Not satisfied.,Positive,0.885
cous__.1230,Aditya,Multigrain Cereal,PID0051230,"Too spicy, not for me.",Neutral,0.0
cous__.1231,Pooja,Oatmeal,PID0051231,Average experience.,Neutral,0.0
cous__.1232,Sneha,Granola Bars,PID0051232,Fresh and tasty.,Negative,-0.674
cous__.1233,Sneha,Protein Bars,PID0051233,Highly recommended!,Neutral,0.0
cous__.1234,Rohan,Raisin Bran Cereal,PID0051234,"Not good, expected better.",Negative,-0.674
cous__.1235,Rahul,Frozen Vegetables,PID0051235,Worth the price.,Neutral,0.0
cous__.1236,Varun,Frozen French Fries,PID0051236,Highly recommended!,Negative,-0.674
cous__.1237,Priya,Frozen Chicken Nuggets,PID0051237,Average experience.,Negative,-0.674
cous__.1238,Swati,Frozen Fish Sticks,PID0051238,"Too spicy, not for me.",Negative,-0.674
cous__.1239,Raju,Frozen Dumplings,PID0051239,Fresh and tasty.,Negative,-0.674
cous__.1240,Mira,Frozen Spring Rolls,PID0051240,Loved the taste!,Positive,0.885
cous__.1241,Swati,Frozen Waffles,PID0051241,Average experience.,Neutral,0.0
cous__.1242,Swati,Frozen Berries,PID0051242,Highly recommended!,Negative,-0.674
cous__.1243,Varun,Tofu,PID0051243,Worth the price.,Positive,0.885
cous__.1244,Kiran,Dried Fruits,PID0051244,Fresh and tasty.,Neutral,0.0
cous__.1245,Mira,Canned Soup,PID0051245,Very delicious!,Positive,0.885
cous__.1246,Suman,Nut Mix,PID0051246,Worth the price.,Negative,-0.674
cous__.1247,Aditya,Rice Cakes,PID0051247,"Not good, expected better.",Negative,-0.674
cous__.1248,Sneha,Pancake Mix,PID0051248,Not satisfied.,Negative,-0.674
cous__.1249,Sneha,Potato Chips,PID0051249,"Not good, expected better.",Neutral,0.0
cous__.1250,Amit,Corn Chips,PID0051250,Worth the price.,Neutral,0.0
cous__.1251,Raju,Tortilla Chips,PID0051251,"Not good, expected better.",Neutral,0.0
cous__.1252,Raju,Veggie Chips,PID0051252,"Too spicy, not for me.",Negative,-0.674
cous__.1253,Sneha,Pretzels,PID0051253,Fresh and tasty.,Positive,0.885
cous__.1254,Divya,Popcorn,PID0051254,Highly recommended!,Neutral,0.0
cous__.1255,Aditya,Milk,PID0051255,Bad packaging.,Positive,0.885
cous__.1256,Meera,Yogurt,PID0051256,Average experience.,Positive,0.885
cous__.1257,Meera,Cheddar Cheese,PID0051257,"Not good, expected better.",Neutral,0.0
cous__.1258,Varun,Mozzarella Cheese,PID0051258,Loved the taste!,Neutral,0.0
cous__.1259,Kiran,Greek Yogurt,PID0051259,Highly recommended!,Negative,-0.674
cous__.1260,Aditya,Butter,PID0051260,Very delicious!,Positive,0.885
cous__.1261,Kunal,Cream Cheese,PID0051261,Not satisfied.,Positive,0.885
cous__.1262,Aditya,Cottage Cheese,PID0051262,Worth the price.,Neutral,0.0
cous__.1263,Rahul,Orange Juice,PID0051263,Highly recommended!,Negative,-0.674
cous__.1264,Priya,Apple Juice,PID0051264,Fresh and tasty.,Neutral,0.0
cous__.1265,Priya,Green Tea,PID0051265,"Too spicy, not for me.",Positive,0.885
cous__.1266,Kunal,Coffee,PID0051266,Highly recommended!,Negative,-0.674
cous__.1267,Varun,Soft Drink,PID0051267,Bad packaging.,Positive,0.885
cous__.1268,Aditya,Black Tea,PID0051268,Not satisfied.,Neutral,0.0
cous__.1269,Pooja,Herbal Tea,PID0051269,Worth the price.,Positive,0.885
cous__.1270,Amit,Sparkling Water,PID0051270,Loved the taste!,Neutral,0.0
cous__.1271,Mira,Ready-to-Eat Pasta,PID0051271,Highly recommended!,Neutral,0.0
cous__.1272,Meera,Frozen Pizza,PID0051272,Highly recommended!,Neutral,0.0
cous__.1273,Amit,Frozen Burritos,PID0051273,Loved the taste!,Neutral,0.0
cous__.1274,Aditya,Frozen Lasagna,PID0051274,Not satisfied.,Positive,0.885
cous__.1275,Raju,Instant Noodles,PID0051275,Fresh and tasty.,Positive,0.885
cous__.1276,Rohan,Whole Wheat Bread,PID0051276,Fresh and tasty.,Negative,-0.674
cous__.1277,Suman,Bagels,PID0051277,"Too spicy, not for me.",Positive,0.885
cous__.1278,Kunal,Croissants,PID0051278,Loved the taste!,Positive,0.885
cous__.1279,Arjun,English Muffins,PID0051279,Not satisfied.,Positive,0.885
cous__.1280,Pooja,Pita Bread,PID0051280,Bad packaging.,Negative,-0.674
cous__.1281,Mira,Sourdough Bread,PID0051281,Loved the taste!,Positive,0.885
cous__.1282,Varun,Multigrain Cereal,PID0051282,Loved the taste!,Neutral,0.0
cous__.1283,Rahul,Oatmeal,PID0051283,"Not good, expected better.",Neutral,0.0
cous__.1284,Pooja,Granola Bars,PID0051284,Fresh and tasty.,Neutral,0.0
cous__.1285,Raju,Protein Bars,PID0051285,Not satisfied.,Negative,-0.674
cous__.1286,Amit,Raisin Bran Cereal,PID0051286,Loved the taste!,Negative,-0.674
cous__.1287,Mira,Frozen Vegetables,PID0051287,"Too spicy, not for me.",Neutral,0.0
cous__.1288,Meera,Frozen French Fries,PID0051288,Very delicious!,Negative,-0.674
cous__.1289,Suman,Frozen Chicken Nuggets,PID0051289,Worth the price.,Negative,-0.674
cous__.1290,Kiran,Frozen Fish Sticks,PID0051290,Highly recommended!,Negative,-0.674
cous__.1291,Rohan,Frozen Dumplings,PID0051291,"Not good, expected better.",Negative,-0.674
cous__.1292,Sita,Frozen Spring Rolls,PID0051292,Fresh and tasty.,Negative,-0.674
cous__.1293,Pooja,Frozen Waffles,PID0051293,Average experience.,Positive,0.885
cous__.1294,Divya,Frozen Berries,PID0051294,Bad packaging.,Positive,0.885
cous__.1295,Suman,Tofu,PID0051295,"Too spicy, not for me.",Neutral,0.0
cous__.1296,Mira,Dried Fruits,PID0051296,Highly recommended!,Negative,-0.674
cous__.1297,Mira,Canned Soup,PID0051297,"Too spicy, not for me.",Negative,-0.674
cous__.1298,Mira,Nut Mix,PID0051298,Loved the taste!,Neutral,0.0
cous__.1299,Meera,Rice Cakes,PID0051299,Loved the taste!,Neutral,0.0
cous__.1300,Swati,Pancake Mix,PID0051300,"Not good, expected better.",Negative,-0.674
cous__.1301,Divya,Potato Chips,PID0051301,Fresh and tasty.,Neutral,0.0
cous__.1302,Priya,Corn Chips,PID0051302,Highly recommended!,Neutral,0.0
cous__.1303,Rahul,Tortilla Chips,PID0051303,Very delicious!,Negative,-0.674
cous__.1304,Arjun,Veggie Chips,PID0051304,Average experience.,Neutral,0.0
cous__.1305,Arjun,Pretzels,PID0051305,Very delicious!,Neutral,0.0
cous__.1306,Amit,Popcorn,PID0051306,Not satisfied.,Positive,0.885
cous__.1307,Divya,Milk,PID0051307,Very delicious!,Positive,0.885
cous__.1308,Amit,Yogurt,PID0051308,Highly recommended!,Neutral,0.0
cous__.1309,Suman,Cheddar Cheese,PID0051309,Not satisfied.,Negative,-0.674
cous__.1310,Priya,Mozzarella Cheese,PID0051310,Fresh and tasty.,Positive,0.885
cous__.1311,Raju,Greek Yogurt,PID0051311,Not satisfied.,Positive,0.885
cous__.1312,Raju,Butter,PID0051312,"Not good, expected better.",Positive,0.885
cous__.1313,Suman,Cream Cheese,PID0051313,"Too spicy, not for me.",Neutral,0.0
cous__.1314,Sneha,Cottage Cheese,PID0051314,"Not good, expected better.",Negative,-0.674
cous__.1315,Raju,Orange Juice,PID0051315,"Too spicy, not for me.",Negative,-0.674
cous__.1316,Priya,Apple Juice,PID0051316,Very delicious!,Neutral,0.0
cous__.1317,Sita,Green Tea,PID0051317,Worth the price.,Negative,-0.674
cous__.1318,Meera,Coffee,PID0051318,Fresh and tasty.,Positive,0.885
cous__.1319,Amit,Soft Drink,PID0051319,"Too spicy, not for me.",Neutral,0.0
cous__.1320,Arjun,Black Tea,PID0051320,Bad packaging.,Positive,0.885
cous__.1321,Arjun,Herbal Tea,PID0051321,Very delicious!,Neutral,0.0
cous__.1322,Arjun,Sparkling Water,PID0051322,Fresh and tasty.,Negative,-0.674
cous__.1323,Priya,Ready-to-Eat Pasta,PID0051323,Very delicious!,Negative,-0.674
cous__.1324,Kunal,Frozen Pizza,PID0051324,Very delicious!,Positive,0.885
cous__.1325,Kunal,Frozen Burritos,PID0051325,Very delicious!,Negative,-0.674
cous__.1326,Swati,Frozen Lasagna,PID0051326,Worth the price.,Positive,0.885
cous__.1327,Divya,Instant Noodles,PID0051327,Worth the price.,Positive,0.885
cous__.1328,Mira,Whole Wheat Bread,PID0051328,Bad packaging.,Positive,0.885
cous__.1329,Arjun,Bagels,PID0051329,Worth the price.,Positive,0.885
cous__.1330,Rohan,Croissants,PID0051330,Highly recommended!,Neutral,0.0
cous__.1331,Raju,English Muffins,PID0051331,Highly recommended!,Positive,0.885
cous__.1332,Suman,Pita Bread,PID0051332,"Not good, expected better.",Neutral,0.0
cous__.1333,Meera,Sourdough Bread,PID0051333,Average experience.,Negative,-0.674
cous__.1334,Kiran,Multigrain Cereal,PID0051334,Fresh and tasty.,Negative,-0.674
cous__.1335,Rahul,Oatmeal,PID0051335,"Not good, expected better.",Neutral,0.0
cous__.1336,Swati,Granola Bars,PID0051336,Loved the taste!,Negative,-0.674
cous__.1337,Meera,Protein Bars,PID0051337,Average experience.,Negative,-0.674
cous__.1338,Divya,Raisin Bran Cereal,PID0051338,Highly recommended!,Positive,0.885
cous__.1339,Sita,Frozen Vegetables,PID0051339,Fresh and tasty.,Positive,0.885
cous__.1340,Rahul,Frozen French Fries,PID0051340,Not satisfied.,Positive,0.885
cous__.1341,Divya,Frozen Chicken Nuggets,PID0051341,Average experience.,Negative,-0.674
cous__.1342,Kiran,Frozen Fish Sticks,PID0051342,Not satisfied.,Negative,-0.674
cous__.1343,Raju,Frozen Dumplings,PID0051343,Average experience.,Neutral,0.0
cous__.1344,Priya,Frozen Spring Rolls,PID0051344,Loved the taste!,Negative,-0.674
cous__.1345,Divya,Frozen Waffles,PID0051345,Fresh and tasty.,Positive,0.885
cous__.1346,Aditya,Frozen Berries,PID0051346,Worth the price.,Neutral,0.0
cous__.1347,Varun,Tofu,PID0051347,Worth the price.,Positive,0.885
cous__.1348,Swati,Dried Fruits,PID0051348,Bad packaging.,Positive,0.885
cous__.1349,Kunal,Canned Soup,PID0051349,Loved the taste!,Positive,0.885
cous__.1350,Meera,Nut Mix,PID0051350,Very delicious!,Positive,0.885
cous__.1351,Swati,Rice Cakes,PID0051351,Bad packaging.,Neutral,0.0
cous__.1352,Meera,Pancake Mix,PID0051352,"Too spicy, not for me.",Negative,-0.674
cous__.1353,Sita,Potato Chips,PID0051353,Highly recommended!,Neutral,0.0
cous__.1354,Swati,Corn Chips,PID0051354,Average experience.,Positive,0.885
cous__.1355,Varun,Tortilla Chips,PID0051355,Not satisfied.,Neutral,0.0
cous__.1356,Swati,Veggie Chips,PID0051356,Worth the price.,Positive,0.885
cous__.1357,Amit,Pretzels,PID0051357,Average experience.,Negative,-0.674
cous__.1358,Suman,Popcorn,PID0051358,"Not good, expected better.",Negative,-0.674
cous__.1359,Sita,Milk,PID0051359,Bad packaging.,Neutral,0.0
cous__.1360,Rahul,Yogurt,PID0051360,Loved the taste!,Negative,-0.674
cous__.1361,Amit,Cheddar Cheese,PID0051361,Average experience.,Positive,0.885
cous__.1362,Pooja,Mozzarella Cheese,PID0051362,"Too spicy, not for me.",Negative,-0.674
cous__.1363,Sita,Greek Yogurt,PID0051363,Worth the price.,Neutral,0.0
cous__.1364,Arjun,Butter,PID0051364,"Not good, expected better.",Neutral,0.0
cous__.1365,Rahul,Cream Cheese,PID0051365,Loved the taste!,Positive,0.885
cous__.1366,Pooja,Cottage Cheese,PID0051366,Average experience.,Positive,0.885
cous__.1367,Divya,Orange Juice,PID0051367,Average experience.,Positive,0.885
cous__.1368,Sita,Apple Juice,PID0051368,Fresh and tasty.,Neutral,0.0
cous__.1369,Swati,Green Tea,PID0051369,"Too spicy, not for me.",Positive,0.885
cous__.1370,Rohan,Coffee,PID0051370,Very delicious!,Positive,0.885
cous__.1371,Amit,Soft Drink,PID0051371,Average experience.,Negative,-0.674
cous__.1372,Sneha,Black Tea,PID0051372,Loved the taste!,Positive,0.885
cous__.1373,Pooja,Herbal Tea,PID0051373,Very delicious!,Positive,0.885
cous__.1374,Divya,Sparkling Water,PID0051374,"Too spicy, not for me.",Negative,-0.674
cous__.1375,Rahul,Ready-to-Eat Pasta,PID0051375,Not satisfied.,Negative,-0.674
cous__.1376,Raju,Frozen Pizza,PID0051376,Fresh and tasty.,Negative,-0.674
cous__.1377,Aditya,Frozen Burritos,PID0051377,"Not good, expected better.",Negative,-0.674
cous__.1378,Rahul,Frozen Lasagna,PID0051378,Average experience.,Neutral,0.0
cous__.1379,Amit,Instant Noodles,PID0051379,Highly recommended!,Positive,0.885
cous__.1380,Suman,Whole Wheat Bread,PID0051380,Very delicious!,Negative,-0.674
cous__.1381,Mira,Bagels,PID0051381,Worth the price.,Neutral,0.0
cous__.1382,Kunal,Croissants,PID0051382,Highly recommended!,Neutral,0.0
cous__.1383,Pooja,English Muffins,PID0051383,Bad packaging.,Neutral,0.0
cous__.1384,Rohan,Pita Bread,PID0051384,"Not good, expected better.",Negative,-0.674
cous__.1385,Meera,Sourdough Bread,PID0051385,Highly recommended!,Neutral,0.0
cous__.1386,Sneha,Multigrain Cereal,PID0051386,"Too spicy, not for me.",Positive,0.885
cous__.1387,Aditya,Oatmeal,PID0051387,Bad packaging.,Negative,-0.674
cous__.1388,Amit,Granola Bars,PID0051388,Loved the taste!,Positive,0.885
cous__.1389,Divya,Protein Bars,PID0051389,Worth the price.,Negative,-0.674
cous__.1390,Divya,Raisin Bran Cereal,PID0051390,Not satisfied.,Negative,-0.674
cous__.1391,Sneha,Frozen Vegetables,PID0051391,Highly recommended!,Negative,-0.674
cous__.1392,Aditya,Frozen French Fries,PID0051392,Very delicious!,Positive,0.885
cous__.1393,Priya,Frozen Chicken Nuggets,PID0051393,Average experience.,Negative,-0.674
cous__.1394,Raju,Frozen Fish Sticks,PID0051394,Worth the price.,Negative,-0.674
cous__.1395,Aditya,Frozen Dumplings,PID0051395,Loved the taste!,Neutral,0.0
cous__.1396,Kiran,Frozen Spring Rolls,PID0051396,"Too spicy, not for me.",Neutral,0.0
cous__.1397,Rohan,Frozen Waffles,PID0051397,Average experience.,Negative,-0.674
cous__.1398,Swati,Frozen Berries,PID0051398,Worth the price.,Negative,-0.674
cous__.1399,Rahul,Tofu,PID0051399,Bad packaging.,Neutral,0.0
cous__.1400,Swati,Dried Fruits,PID0051400,Not satisfied.,Neutral,0.0
cous__.1401,Swati,Canned Soup,PID0051401,"Too spicy, not for me.",Neutral,0.0
cous__.1402,Priya,Nut Mix,PID0051402,"Not good, expected better.",Neutral,0.0
cous__.1403,Mira,Rice Cakes,PID0051403,Highly recommended!,Positive,0.885
cous__.1404,Arjun,Pancake Mix,PID0051404,Loved the taste!,Negative,-0.674
cous__.1405,Swati,Potato Chips,PID0051405,Not satisfied.,Neutral,0.0
cous__.1406,Rahul,Corn Chips,PID0051406,Not satisfied.,Negative,-0.674
cous__.1407,Meera,Tortilla Chips,PID0051407,Highly recommended!,Positive,0.885
cous__.1408,Raju,Veggie Chips,PID0051408,Average experience.,Neutral,0.0
cous__.1409,Raju,Pretzels,PID0051409,"Not good, expected better.",Neutral,0.0
cous__.1410,Aditya,Popcorn,PID0051410,"Too spicy, not for me.",Positive,0.885
cous__.1411,Sneha,Milk,PID0051411,Very delicious!,Negative,-0.674
cous__.1412,Kunal,Yogurt,PID0051412,"Not good, expected better.",Negative,-0.674
cous__.1413,Meera,Cheddar Cheese,PID0051413,Highly recommended!,Negative,-0.674
cous__.1414,Pooja,Mozzarella Cheese,PID0051414,Fresh and tasty.,Positive,0.885
cous__.1415,Pooja,Greek Yogurt,PID0051415,Bad packaging.,Negative,-0.674
cous__.1416,Priya,Butter,PID0051416,Highly recommended!,Positive,0.885
cous__.1417,Swati,Cream Cheese,PID0051417,Worth the price.,Positive,0.885
cous__.1418,Sita,Cottage Cheese,PID0051418,Very delicious!,Neutral,0.0
cous__.1419,Amit,Orange Juice,PID0051419,Average experience.,Neutral,0.0
cous__.1420,Sneha,Apple Juice,PID0051420,Fresh and tasty.,Negative,-0.674
cous__.1421,Rahul,Green Tea,PID0051421,Highly recommended!,Negative,-0.674
cous__.1422,Divya,Coffee,PID0051422,"Too spicy, not for me.",Neutral,0.0
cous__.1423,Aditya,Soft Drink,PID0051423,Highly recommended!,Positive,0.885
cous__.1424,Aditya,Black Tea,PID0051424,Not satisfied.,Neutral,0.0
cous__.1425,Varun,Herbal Tea,PID0051425,Not satisfied.,Negative,-0.674
cous__.1426,Sita,Sparkling Water,PID0051426,"Not good, expected better.",Neutral,0.0
cous__.1427,Sneha,Ready-to-Eat Pasta,PID0051427,Bad packaging.,Positive,0.885
cous__.1428,Sneha,Frozen Pizza,PID0051428,"Not good, expected better.",Negative,-0.674
cous__.1429,Varun,Frozen Burritos,PID0051429,Bad packaging.,Negative,-0.674
cous__.1430,Amit,Frozen Lasagna,PID0051430,"Not good, expected better.",Neutral,0.0
cous__.1431,Priya,Instant Noodles,PID0051431,Not satisfied.,Positive,0.885
cous__.1432,Kunal,Whole Wheat Bread,PID0051432,Bad packaging.,Neutral,0.0
cous__.1433,Amit,Bagels,PID0051433,Highly recommended!,Neutral,0.0
cous__.1434,Arjun,Croissants,PID0051434,Bad packaging.,Positive,0.885
cous__.1435,Swati,English Muffins,PID0051435,Very delicious!,Negative,-0.674
cous__.1436,Raju,Pita Bread,PID0051436,"Not good, expected better.",Neutral,0.0
cous__.1437,Priya,Sourdough Bread,PID0051437,Highly recommended!,Positive,0.885
cous__.1438,Kunal,Multigrain Cereal,PID0051438,Not satisfied.,Positive,0.885
cous__.1439,Meera,Oatmeal,PID0051439,"Not good, expected better.",Neutral,0.0
cous__.1440,Suman,Granola Bars,PID0051440,"Not good, expected better.",Positive,0.885
cous__.1441,Mira,Protein Bars,PID0051441,Loved the taste!,Negative,-0.674
cous__.1442,Arjun,Raisin Bran Cereal,PID0051442,Fresh and tasty.,Neutral,0.0
cous__.1443,Sneha,Frozen Vegetables,PID0051443,"Too spicy, not for me.",Positive,0.885
cous__.1444,Sita,Frozen French Fries,PID0051444,Average experience.,Positive,0.885
cous__.1445,Kunal,Frozen Chicken Nuggets,PID0051445,Very delicious!,Neutral,0.0
cous__.1446,Rahul,Frozen Fish Sticks,PID0051446,Average experience.,Negative,-0.674
cous__.1447,Kunal,Frozen Dumplings,PID0051447,Average experience.,Positive,0.885
cous__.1448,Kiran,Frozen Spring Rolls,PID0051448,Very delicious!,Positive,0.885
cous__.1449,Sneha,Frozen Waffles,PID0051449,Bad packaging.,Positive,0.885
cous__.1450,Amit,Frozen Berries,PID0051450,Average experience.,Negative,-0.674
cous__.1451,Kunal,Tofu,PID0051451,"Too spicy, not for me.",Negative,-0.674
cous__.1452,Suman,Dried Fruits,PID0051452,"Too spicy, not for me.",Neutral,0.0
cous__.1453,Amit,Canned Soup,PID0051453,"Too spicy, not for me.",Positive,0.885
cous__.1454,Swati,Nut Mix,PID0051454,Fresh and tasty.,Negative,-0.674
cous__.1455,Amit,Rice Cakes,PID0051455,"Not good, expected better.",Neutral,0.0
cous__.1456,Pooja,Pancake Mix,PID0051456,Very delicious!,Neutral,0.0
cous__.1457,Priya,Potato Chips,PID0051457,"Not good, expected better.",Neutral,0.0
cous__.1458,Divya,Corn Chips,PID0051458,Very delicious!,Neutral,0.0
cous__.1459,Meera,Tortilla Chips,PID0051459,Average experience.,Negative,-0.674
cous__.1460,Pooja,Veggie Chips,PID0051460,Bad packaging.,Positive,0.885
cous__.1461,Arjun,Pretzels,PID0051461,"Too spicy, not for me.",Negative,-0.674
cous__.1462,Sneha,Popcorn,PID0051462,Loved the taste!,Negative,-0.674
cous__.1463,Amit,Milk,PID0051463,"Too spicy, not for me.",Positive,0.885
cous__.1464,Swati,Yogurt,PID0051464,Worth the price.,Positive,0.885
cous__.1465,Rahul,Cheddar Cheese,PID0051465,Average experience.,Positive,0.885
cous__.1466,Varun,Mozzarella Cheese,PID0051466,Average experience.,Negative,-0.674
cous__.1467,Arjun,Greek Yogurt,PID0051467,Highly recommended!,Positive,0.885
cous__.1468,Meera,Butter,PID0051468,Not satisfied.,Positive,0.885
cous__.1469,Aditya,Cream Cheese,PID0051469,Not satisfied.,Neutral,0.0
cous__.1470,Rahul,Cottage Cheese,PID0051470,Not satisfied.,Positive,0.885
cous__.1471,Mira,Orange Juice,PID0051471,"Not good, expected better.",Negative,-0.674
cous__.1472,Pooja,Apple Juice,PID0051472,Not satisfied.,Neutral,0.0
cous__.1473,Raju,Green Tea,PID0051473,Loved the taste!,Negative,-0.674
cous__.1474,Varun,Coffee,PID0051474,Loved the taste!,Positive,0.885
cous__.1475,Varun,Soft Drink,PID0051475,"Too spicy, not for me.",Positive,0.885
cous__.1476,Raju,Black Tea,PID0051476,Very delicious!,Neutral,0.0
cous__.1477,Kunal,Herbal Tea,PID0051477,Bad packaging.,Neutral,0.0
cous__.1478,Varun,Sparkling Water,PID0051478,Not satisfied.,Negative,-0.674
cous__.1479,Kunal,Ready-to-Eat Pasta,PID0051479,Average experience.,Negative,-0.674
cous__.1480,Sita,Frozen Pizza,PID0051480,Worth the price.,Negative,-0.674
cous__.1481,Rohan,Frozen Burritos,PID0051481,"Too spicy, not for me.",Positive,0.885
cous__.1482,Aditya,Frozen Lasagna,PID0051482,"Not good, expected better.",Positive,0.885
cous__.1483,Varun,Instant Noodles,PID0051483,Average experience.,Negative,-0.674
cous__.1484,Pooja,Whole Wheat Bread,PID0051484,Fresh and tasty.,Positive,0.885
cous__.1485,Sneha,Bagels,PID0051485,Fresh and tasty.,Positive,0.885
cous__.1486,Raju,Croissants,PID0051486,Average experience.,Neutral,0.0
cous__.1487,Pooja,English Muffins,PID0051487,Average experience.,Negative,-0.674
cous__.1488,Aditya,Pita Bread,PID0051488,Bad packaging.,Positive,0.885
cous__.1489,Kiran,Sourdough Bread,PID0051489,Fresh and tasty.,Negative,-0.674
cous__.1490,Sita,Multigrain Cereal,PID0051490,Worth the price.,Neutral,0.0
cous__.1491,Pooja,Oatmeal,PID0051491,Not satisfied.,Positive,0.885
cous__.1492,Sita,Granola Bars,PID0051492,Loved the taste!,Positive,0.885
cous__.1493,Rahul,Protein Bars,PID0051493,Not satisfied.,Positive,0.885
cous__.1494,Raju,Raisin Bran Cereal,PID0051494,Average experience.,Negative,-0.674
cous__.1495,Meera,Frozen Vegetables,PID0051495,Not satisfied.,Neutral,0.0
cous__.1496,Aditya,Frozen French Fries,PID0051496,Highly recommended!,Negative,-0.674
cous__.1497,Mira,Frozen Chicken Nuggets,PID0051497,Highly recommended!,Negative,-0.674
cous__.1498,Pooja,Frozen Fish Sticks,PID0051498,Bad packaging.,Negative,-0.674
cous__.1499,Pooja,Frozen Dumplings,PID0051499,Fresh and tasty.,Positive,0.885
cous__.1500,Mira,Frozen Spring Rolls,PID0051500,Not satisfied.,Negative,-0.674
cous__.1501,Swati,Frozen Waffles,PID0051501,Bad packaging.,Neutral,0.0
cous__.1502,Sita,Frozen Berries,PID0051502,Loved the taste!,Negative,-0.674
cous__.1503,Priya,Tofu,PID0051503,Highly recommended!,Negative,-0.674
cous__.1504,Meera,Dried Fruits,PID0051504,Highly recommended!,Neutral,0.0
cous__.1505,Sita,Canned Soup,PID0051505,"Not good, expected better.",Negative,-0.674
cous__.1506,Meera,Nut Mix,PID0051506,"Too spicy, not for me.",Neutral,0.0
cous__.1507,Meera,Rice Cakes,PID0051507,Worth the price.,Neutral,0.0
cous__.1508,Pooja,Pancake Mix,PID0051508,Worth the price.,Positive,0.885
cous__.1509,Raju,Potato Chips,PID0051509,Average experience.,Neutral,0.0
cous__.1510,Swati,Corn Chips,PID0051510,"Not good, expected better.",Positive,0.885
cous__.1511,Amit,Tortilla Chips,PID0051511,"Too spicy, not for me.",Neutral,0.0
cous__.1512,Aditya,Veggie Chips,PID0051512,Highly recommended!,Positive,0.885
cous__.1513,Priya,Pretzels,PID0051513,"Too spicy, not for me.",Negative,-0.674
cous__.1514,Kunal,Popcorn,PID0051514,Very delicious!,Positive,0.885
cous__.1515,Rahul,Milk,PID0051515,"Too spicy, not for me.",Negative,-0.674
cous__.1516,Suman,Yogurt,PID0051516,Loved the taste!,Positive,0.885
cous__.1517,Mira,Cheddar Cheese,PID0051517,Not satisfied.,Positive,0.885
cous__.1518,Aditya,Mozzarella Cheese,PID0051518,"Not good, expected better.",Positive,0.885
cous__.1519,Aditya,Greek Yogurt,PID0051519,Not satisfied.,Negative,-0.674
cous__.1520,Sneha,Butter,PID0051520,Bad packaging.,Positive,0.885
cous__.1521,Swati,Cream Cheese,PID0051521,Very delicious!,Negative,-0.674
cous__.1522,Priya,Cottage Cheese,PID0051522,Very delicious!,Negative,-0.674
cous__.1523,Varun,Orange Juice,PID0051523,Highly recommended!,Neutral,0.0
cous__.1524,Kiran,Apple Juice,PID0051524,Bad packaging.,Positive,0.885
cous__.1525,Rohan,Green Tea,PID0051525,Loved the taste!,Positive,0.885
cous__.1526,Swati,Coffee,PID0051526,Average experience.,Neutral,0.0
cous__.1527,Rohan,Soft Drink,PID0051527,Bad packaging.,Positive,0.885
cous__.1528,Rahul,Black Tea,PID0051528,"Not good, expected better.",Neutral,0.0
cous__.1529,Meera,Herbal Tea,PID0051529,Average experience.,Negative,-0.674
cous__.1530,Amit,Sparkling Water,PID0051530,"Not good, expected better.",Neutral,0.0
cous__.1531,Pooja,Ready-to-Eat Pasta,PID0051531,Loved the taste!,Positive,0.885
cous__.1532,Priya,Frozen Pizza,PID0051532,Loved the taste!,Positive,0.885
cous__.1533,Mira,Frozen Burritos,PID0051533,Fresh and tasty.,Positive,0.885
cous__.1534,Pooja,Frozen Lasagna,PID0051534,"Too spicy, not for me.",Positive,0.885
cous__.1535,Mira,Instant Noodles,PID0051535,Not satisfied.,Neutral,0.0
cous__.1536,Pooja,Whole Wheat Bread,PID0051536,Highly recommended!,Neutral,0.0
cous__.1537,Rohan,Bagels,PID0051537,Fresh and tasty.,Neutral,0.0
cous__.1538,Suman,Croissants,PID0051538,"Too spicy, not for me.",Neutral,0.0
cous__.1539,Kunal,English Muffins,PID0051539,Worth the price.,Neutral,0.0
cous__.1540,Arjun,Pita Bread,PID0051540,Fresh and tasty.,Positive,0.885
cous__.1541,Amit,Sourdough Bread,PID0051541,Not satisfied.,Positive,0.885
cous__.1542,Swati,Multigrain Cereal,PID0051542,Bad packaging.,Positive,0.885
cous__.1543,Rahul,Oatmeal,PID0051543,"Too spicy, not for me.",Positive,0.885
cous__.1544,Arjun,Granola Bars,PID0051544,"Too spicy, not for me.",Negative,-0.674
cous__.1545,Sneha,Protein Bars,PID0051545,Average experience.,Negative,-0.674
cous__.1546,Rahul,Raisin Bran Cereal,PID0051546,"Too spicy, not for me.",Neutral,0.0
cous__.1547,Amit,Frozen Vegetables,PID0051547,Loved the taste!,Negative,-0.674
cous__.1548,Kiran,Frozen French Fries,PID0051548,Very delicious!,Neutral,0.0
cous__.1549,Pooja,Frozen Chicken Nuggets,PID0051549,Highly recommended!,Positive,0.885
cous__.1550,Varun,Frozen Fish Sticks,PID0051550,"Too spicy, not for me.",Neutral,0.0
cous__.1551,Kunal,Frozen Dumplings,PID0051551,Loved the taste!,Neutral,0.0
cous__.1552,Rohan,Frozen Spring Rolls,PID0051552,Worth the price.,Neutral,0.0
cous__.1553,Kiran,Frozen Waffles,PID0051553,Very delicious!,Negative,-0.674
cous__.1554,Rohan,Frozen Berries,PID0051554,"Not good, expected better.",Neutral,0.0
cous__.1555,Sneha,Tofu,PID0051555,Highly recommended!,Positive,0.885
cous__.1556,Arjun,Dried Fruits,PID0051556,Bad packaging.,Positive,0.885
cous__.1557,Mira,Canned Soup,PID0051557,Not satisfied.,Negative,-0.674
cous__.1558,Arjun,Nut Mix,PID0051558,Highly recommended!,Negative,-0.674
cous__.1559,Aditya,Rice Cakes,PID0051559,Very delicious!,Positive,0.885
cous__.1560,Arjun,Pancake Mix,PID0051560,Average experience.,Positive,0.885
cous__.1561,Suman,Potato Chips,PID0051561,Very delicious!,Negative,-0.674
cous__.1562,Mira,Corn Chips,PID0051562,Loved the taste!,Negative,-0.674
cous__.1563,Rohan,Tortilla Chips,PID0051563,Average experience.,Neutral,0.0
cous__.1564,Rahul,Veggie Chips,PID0051564,Fresh and tasty.,Negative,-0.674
cous__.1565,Sita,Pretzels,PID0051565,"Too spicy, not for me.",Negative,-0.674
cous__.1566,Pooja,Popcorn,PID0051566,"Not good, expected better.",Neutral,0.0
cous__.1567,Sita,Milk,PID0051567,Average experience.,Positive,0.885
cous__.1568,Rahul,Yogurt,PID0051568,"Not good, expected better.",Neutral,0.0
cous__.1569,Varun,Cheddar Cheese,PID0051569,Bad packaging.,Negative,-0.674
cous__.1570,Arjun,Mozzarella Cheese,PID0051570,Average experience.,Positive,0.885
cous__.1571,Kunal,Greek Yogurt,PID0051571,Worth the price.,Positive,0.885
cous__.1572,Sneha,Butter,PID0051572,Not satisfied.,Negative,-0.674
cous__.1573,Pooja,Cream Cheese,PID0051573,"Too spicy, not for me.",Neutral,0.0
cous__.1574,Varun,Cottage Cheese,PID0051574,Highly recommended!,Negative,-0.674
cous__.1575,Swati,Orange Juice,PID0051575,Average experience.,Positive,0.885
cous__.1576,Pooja,Apple Juice,PID0051576,Worth the price.,Negative,-0.674
cous__.1577,Kiran,Green Tea,PID0051577,Worth the price.,Neutral,0.0
cous__.1578,Arjun,Coffee,PID0051578,Very delicious!,Negative,-0.674
cous__.1579,Divya,Soft Drink,PID0051579,"Too spicy, not for me.",Neutral,0.0
cous__.1580,Rahul,Black Tea,PID0051580,Not satisfied.,Positive,0.885
cous__.1581,Rohan,Herbal Tea,PID0051581,Loved the taste!,Neutral,0.0
cous__.1582,Priya,Sparkling Water,PID0051582,Bad packaging.,Negative,-0.674
cous__.1583,Sita,Ready-to-Eat Pasta,PID0051583,Not satisfied.,Negative,-0.674
cous__.1584,Priya,Frozen Pizza,PID0051584,"Not good, expected better.",Neutral,0.0
cous__.1585,Kiran,Frozen Burritos,PID0051585,Very delicious!,Positive,0.885
cous__.1586,Sneha,Frozen Lasagna,PID0051586,Not satisfied.,Neutral,0.0
cous__.1587,Varun,Instant Noodles,PID0051587,Highly recommended!,Negative,-0.674
cous__.1588,Pooja,Whole Wheat Bread,PID0051588,Worth the price.,Neutral,0.0
cous__.1589,Suman,Bagels,PID0051589,"Too spicy, not for me.",Negative,-0.674
cous__.1590,Sneha,Croissants,PID0051590,Very delicious!,Positive,0.885
cous__.1591,Rahul,English Muffins,PID0051591,Not satisfied.,Negative,-0.674
cous__.1592,Swati,Pita Bread,PID0051592,Not satisfied.,Positive,0.885
cous__.1593,Priya,Sourdough Bread,PID0051593,"Not good, expected better.",Positive,0.885
cous__.1594,Rohan,Multigrain Cereal,PID0051594,Average experience.,Neutral,0.0
cous__.1595,Varun,Oatmeal,PID0051595,Not satisfied.,Positive,0.885
cous__.1596,Rohan,Granola Bars,PID0051596,Average experience.,Neutral,0.0
cous__.1597,Amit,Protein Bars,PID0051597,Not satisfied.,Neutral,0.0
cous__.1598,Sneha,Raisin Bran Cereal,PID0051598,Fresh and tasty.,Neutral,0.0
cous__.1599,Rahul,Frozen Vegetables,PID0051599,Fresh and tasty.,Positive,0.885
cous__.1600,Kiran,Frozen French Fries,PID0051600,Loved the taste!,Negative,-0.674
cous__.1601,Divya,Frozen Chicken Nuggets,PID0051601,Bad packaging.,Positive,0.885
cous__.1602,Arjun,Frozen Fish Sticks,PID0051602,Highly recommended!,Positive,0.885
cous__.1603,Amit,Frozen Dumplings,PID0051603,Highly recommended!,Neutral,0.0
cous__.1604,Meera,Frozen Spring Rolls,PID0051604,"Too spicy, not for me.",Neutral,0.0
cous__.1605,Suman,Frozen Waffles,PID0051605,Not satisfied.,Negative,-0.674
cous__.1606,Suman,Frozen Berries,PID0051606,Bad packaging.,Positive,0.885
cous__.1607,Swati,Tofu,PID0051607,Fresh and tasty.,Negative,-0.674
cous__.1608,Swati,Dried Fruits,PID0051608,"Not good, expected better.",Neutral,0.0
cous__.1609,Arjun,Canned Soup,PID0051609,Loved the taste!,Neutral,0.0
cous__.1610,Sneha,Nut Mix,PID0051610,"Not good, expected better.",Negative,-0.674
cous__.1611,Mira,Rice Cakes,PID0051611,"Not good, expected better.",Negative,-0.674
cous__.1612,Suman,Pancake Mix,PID0051612,Fresh and tasty.,Neutral,0.0
cous__.1613,Swati,Potato Chips,PID0051613,Average experience.,Positive,0.885
cous__.1614,Varun,Corn Chips,PID0051614,Fresh and tasty.,Negative,-0.674
cous__.1615,Sneha,Tortilla Chips,PID0051615,Fresh and tasty.,Positive,0.885
cous__.1616,Aditya,Veggie Chips,PID0051616,Fresh and tasty.,Positive,0.885
cous__.1617,Kunal,Pretzels,PID0051617,"Too spicy, not for me.",Neutral,0.0
cous__.1618,Kiran,Popcorn,PID0051618,Highly recommended!,Negative,-0.674
cous__.1619,Swati,Milk,PID0051619,Bad packaging.,Neutral,0.0
cous__.1620,Kiran,Yogurt,PID0051620,Highly recommended!,Neutral,0.0
cous__.1621,Swati,Cheddar Cheese,PID0051621,Very delicious!,Negative,-0.674
cous__.1622,Amit,Mozzarella Cheese,PID0051622,"Too spicy, not for me.",Neutral,0.0
cous__.1623,Mira,Greek Yogurt,PID0051623,"Too spicy, not for me.",Positive,0.885
cous__.1624,Mira,Butter,PID0051624,"Too spicy, not for me.",Positive,0.885
cous__.1625,Arjun,Cream Cheese,PID0051625,"Too spicy, not for me.",Neutral,0.0
cous__.1626,Rohan,Cottage Cheese,PID0051626,Average experience.,Neutral,0.0
cous__.1627,Raju,Orange Juice,PID0051627,Worth the price.,Neutral,0.0
cous__.1628,Aditya,Apple Juice,PID0051628,Very delicious!,Neutral,0.0
cous__.1629,Rohan,Green Tea,PID0051629,Worth the price.,Positive,0.885
cous__.1630,Amit,Coffee,PID0051630,Fresh and tasty.,Neutral,0.0
cous__.1631,Swati,Soft Drink,PID0051631,Bad packaging.,Negative,-0.674
cous__.1632,Aditya,Black Tea,PID0051632,Bad packaging.,Neutral,0.0
cous__.1633,Sita,Herbal Tea,PID0051633,Bad packaging.,Negative,-0.674
cous__.1634,Sita,Sparkling Water,PID0051634,Loved the taste!,Negative,-0.674
cous__.1635,Priya,Ready-to-Eat Pasta,PID0051635,Bad packaging.,Negative,-0.674
cous__.1636,Varun,Frozen Pizza,PID0051636,"Not good, expected better.",Negative,-0.674
cous__.1637,Divya,Frozen Burritos,PID0051637,Bad packaging.,Neutral,0.0
cous__.1638,Rahul,Frozen Lasagna,PID0051638,Very delicious!,Neutral,0.0
cous__.1639,Rahul,Instant Noodles,PID0051639,Bad packaging.,Neutral,0.0
cous__.1640,Kiran,Whole Wheat Bread,PID0051640,Bad packaging.,Negative,-0.674
cous__.1641,Amit,Bagels,PID0051641,Fresh and tasty.,Positive,0.885
cous__.1642,Sneha,Croissants,PID0051642,Bad packaging.,Negative,-0.674
cous__.1643,Amit,English Muffins,PID0051643,Loved the taste!,Negative,-0.674
cous__.1644,Arjun,Pita Bread,PID0051644,Loved the taste!,Positive,0.885
cous__.1645,Arjun,Sourdough Bread,PID0051645,Not satisfied.,Negative,-0.674
cous__.1646,Kiran,Multigrain Cereal,PID0051646,Average experience.,Neutral,0.0
cous__.1647,Pooja,Oatmeal,PID0051647,Highly recommended!,Positive,0.885
cous__.1648,Divya,Granola Bars,PID0051648,Bad packaging.,Negative,-0.674
cous__.1649,Suman,Protein Bars,PID0051649,Very delicious!,Positive,0.885
cous__.1650,Sneha,Raisin Bran Cereal,PID0051650,"Not good, expected better.",Neutral,0.0
cous__.1651,Varun,Frozen Vegetables,PID0051651,Worth the price.,Positive,0.885
cous__.1652,Sita,Frozen French Fries,PID0051652,"Not good, expected better.",Neutral,0.0
cous__.1653,Swati,Frozen Chicken Nuggets,PID0051653,Not satisfied.,Negative,-0.674
cous__.1654,Varun,Frozen Fish Sticks,PID0051654,"Not good, expected better.",Neutral,0.0
cous__.1655,Divya,Frozen Dumplings,PID0051655,Bad packaging.,Negative,-0.674
cous__.1656,Divya,Frozen Spring Rolls,PID0051656,Worth the price.,Neutral,0.0
cous__.1657,Amit,Frozen Waffles,PID0051657,Fresh and tasty.,Negative,-0.674
cous__.1658,Raju,Frozen Berries,PID0051658,Not satisfied.,Positive,0.885
cous__.1659,Pooja,Tofu,PID0051659,Bad packaging.,Neutral,0.0
cous__.1660,Aditya,Dried Fruits,PID0051660,Average experience.,Negative,-0.674
cous__.1661,Suman,Canned Soup,PID0051661,Fresh and tasty.,Neutral,0.0
cous__.1662,Raju,Nut Mix,PID0051662,"Too spicy, not for me.",Negative,-0.674
cous__.1663,Amit,Rice Cakes,PID0051663,"Not good, expected better.",Positive,0.885
cous__.1664,Priya,Pancake Mix,PID0051664,Bad packaging.,Neutral,0.0
cous__.1665,Sita,Potato Chips,PID0051665,Highly recommended!,Positive,0.885
cous__.1666,Amit,Corn Chips,PID0051666,Loved the taste!,Neutral,0.0
cous__.1667,Kiran,Tortilla Chips,PID0051667,Very delicious!,Negative,-0.674
cous__.1668,Aditya,Veggie Chips,PID0051668,Highly recommended!,Negative,-0.674
cous__.1669,Meera,Pretzels,PID0051669,Loved the taste!,Positive,0.885
cous__.1670,Rohan,Popcorn,PID0051670,Loved the taste!,Neutral,0.0
cous__.1671,Swati,Milk,PID0051671,"Too spicy, not for me.",Neutral,0.0
cous__.1672,Varun,Yogurt,PID0051672,"Too spicy, not for me.",Neutral,0.0
cous__.1673,Kunal,Cheddar Cheese,PID0051673,Bad packaging.,Positive,0.885
cous__.1674,Suman,Mozzarella Cheese,PID0051674,"Not good, expected better.",Negative,-0.674
cous__.1675,Sita,Greek Yogurt,PID0051675,Highly recommended!,Neutral,0.0
cous__.1676,Rahul,Butter,PID0051676,Fresh and tasty.,Positive,0.885
cous__.1677,Varun,Cream Cheese,PID0051677,"Not good, expected better.",Neutral,0.0
cous__.1678,Amit,Cottage Cheese,PID0051678,"Too spicy, not for me.",Positive,0.885
cous__.1679,Rahul,Orange Juice,PID0051679,Loved the taste!,Negative,-0.674
cous__.1680,Rahul,Apple Juice,PID0051680,Highly recommended!,Positive,0.885
cous__.1681,Meera,Green Tea,PID0051681,"Not good, expected better.",Positive,0.885
cous__.1682,Meera,Coffee,PID0051682,Worth the price.,Neutral,0.0
cous__.1683,Amit,Soft Drink,PID0051683,Not satisfied.,Negative,-0.674
cous__.1684,Divya,Black Tea,PID0051684,Bad packaging.,Neutral,0.0
cous__.1685,Kiran,Herbal Tea,PID0051685,Worth the price.,Neutral,0.0
cous__.1686,Raju,Sparkling Water,PID0051686,"Not good, expected better.",Positive,0.885
cous__.1687,Varun,Ready-to-Eat Pasta,PID0051687,Fresh and tasty.,Neutral,0.0
cous__.1688,Raju,Frozen Pizza,PID0051688,Not satisfied.,Negative,-0.674
cous__.1689,Pooja,Frozen Burritos,PID0051689,"Too spicy, not for me.",Negative,-0.674
cous__.1690,Sita,Frozen Lasagna,PID0051690,Fresh and tasty.,Neutral,0.0
cous__.1691,Sita,Instant Noodles,PID0051691,"Too spicy, not for me.",Positive,0.885
cous__.1692,Kunal,Whole Wheat Bread,PID0051692,Bad packaging.,Neutral,0.0
cous__.1693,Aditya,Bagels,PID0051693,Average experience.,Positive,0.885
cous__.1694,Divya,Croissants,PID0051694,Fresh and tasty.,Neutral,0.0
cous__.1695,Rahul,English Muffins,PID0051695,Highly recommended!,Neutral,0.0
cous__.1696,Aditya,Pita Bread,PID0051696,Not satisfied.,Neutral,0.0
cous__.1697,Kiran,Sourdough Bread,PID0051697,Worth the price.,Neutral,0.0
cous__.1698,Kiran,Multigrain Cereal,PID0051698,Worth the price.,Neutral,0.0
cous__.1699,Kiran,Oatmeal,PID0051699,"Not good, expected better.",Positive,0.885
cous__.1700,Sneha,Granola Bars,PID0051700,Fresh and tasty.,Negative,-0.674
cous__.1701,Amit,Protein Bars,PID0051701,"Not good, expected better.",Negative,-0.674
cous__.1702,Amit,Raisin Bran Cereal,PID0051702,Bad packaging.,Positive,0.885
cous__.1703,Meera,Frozen Vegetables,PID0051703,Worth the price.,Positive,0.885
cous__.1704,Sita,Frozen French Fries,PID0051704,Average experience.,Neutral,0.0
cous__.1705,Mira,Frozen Chicken Nuggets,PID0051705,Fresh and tasty.,Positive,0.885
cous__.1706,Aditya,Frozen Fish Sticks,PID0051706,Average experience.,Neutral,0.0
cous__.1707,Pooja,Frozen Dumplings,PID0051707,Bad packaging.,Neutral,0.0
cous__.1708,Swati,Frozen Spring Rolls,PID0051708,Bad packaging.,Neutral,0.0
cous__.1709,Rahul,Frozen Waffles,PID0051709,Bad packaging.,Negative,-0.674
cous__.1710,Rohan,Frozen Berries,PID0051710,"Not good, expected better.",Negative,-0.674
cous__.1711,Rohan,Tofu,PID0051711,"Not good, expected better.",Negative,-0.674
cous__.1712,Swati,Dried Fruits,PID0051712,Loved the taste!,Negative,-0.674
cous__.1713,Kiran,Canned Soup,PID0051713,Highly recommended!,Negative,-0.674
cous__.1714,Divya,Nut Mix,PID0051714,Not satisfied.,Negative,-0.674
cous__.1715,Raju,Rice Cakes,PID0051715,Highly recommended!,Positive,0.885
cous__.1716,Mira,Pancake Mix,PID0051716,Very delicious!,Negative,-0.674
cous__.1717,Sita,Potato Chips,PID0051717,Bad packaging.,Neutral,0.0
cous__.1718,Sita,Corn Chips,PID0051718,Not satisfied.,Negative,-0.674
cous__.1719,Priya,Tortilla Chips,PID0051719,Average experience.,Negative,-0.674
cous__.1720,Amit,Veggie Chips,PID0051720,"Too spicy, not for me.",Neutral,0.0
cous__.1721,Swati,Pretzels,PID0051721,Worth the price.,Neutral,0.0
cous__.1722,Amit,Popcorn,PID0051722,"Not good, expected better.",Positive,0.885
cous__.1723,Pooja,Milk,PID0051723,"Too spicy, not for me.",Positive,0.885
cous__.1724,Rahul,Yogurt,PID0051724,Bad packaging.,Neutral,0.0
cous__.1725,Aditya,Cheddar Cheese,PID0051725,Worth the price.,Positive,0.885
cous__.1726,Aditya,Mozzarella Cheese,PID0051726,Not satisfied.,Neutral,0.0
cous__.1727,Amit,Greek Yogurt,PID0051727,"Too spicy, not for me.",Positive,0.885
cous__.1728,Rohan,Butter,PID0051728,Fresh and tasty.,Neutral,0.0
cous__.1729,Varun,Cream Cheese,PID0051729,Average experience.,Neutral,0.0
cous__.1730,Kiran,Cottage Cheese,PID0051730,Average experience.,Neutral,0.0
cous__.1731,Kiran,Orange Juice,PID0051731,Fresh and tasty.,Neutral,0.0
cous__.1732,Raju,Apple Juice,PID0051732,"Not good, expected better.",Negative,-0.674
cous__.1733,Suman,Green Tea,PID0051733,Very delicious!,Neutral,0.0
cous__.1734,Rohan,Coffee,PID0051734,Bad packaging.,Positive,0.885
cous__.1735,Varun,Soft Drink,PID0051735,Very delicious!,Neutral,0.0
cous__.1736,Rahul,Black Tea,PID0051736,Average experience.,Negative,-0.674
cous__.1737,Kiran,Herbal Tea,PID0051737,Fresh and tasty.,Neutral,0.0
cous__.1738,Varun,Sparkling Water,PID0051738,Very delicious!,Positive,0.885
cous__.1739,Aditya,Ready-to-Eat Pasta,PID0051739,Average experience.,Neutral,0.0
cous__.1740,Sneha,Frozen Pizza,PID0051740,Bad packaging.,Negative,-0.674
cous__.1741,Arjun,Frozen Burritos,PID0051741,"Too spicy, not for me.",Positive,0.885
cous__.1742,Mira,Frozen Lasagna,PID0051742,Loved the taste!,Negative,-0.674
cous__.1743,Priya,Instant Noodles,PID0051743,Not satisfied.,Negative,-0.674
cous__.1744,Sneha,Whole Wheat Bread,PID0051744,Average experience.,Positive,0.885
cous__.1745,Amit,Bagels,PID0051745,Average experience.,Neutral,0.0
cous__.1746,Kiran,Croissants,PID0051746,"Too spicy, not for me.",Positive,0.885
cous__.1747,Kunal,English Muffins,PID0051747,Average experience.,Positive,0.885
cous__.1748,Pooja,Pita Bread,PID0051748,"Not good, expected better.",Positive,0.885
cous__.1749,Sneha,Sourdough Bread,PID0051749,Loved the taste!,Positive,0.885
cous__.1750,Kunal,Multigrain Cereal,PID0051750,"Not good, expected better.",Neutral,0.0
cous__.1751,Priya,Oatmeal,PID0051751,Fresh and tasty.,Positive,0.885
cous__.1752,Sita,Granola Bars,PID0051752,Bad packaging.,Neutral,0.0
cous__.1753,Kiran,Protein Bars,PID0051753,Highly recommended!,Positive,0.885
cous__.1754,Aditya,Raisin Bran Cereal,PID0051754,Worth the price.,Positive,0.885
cous__.1755,Raju,Frozen Vegetables,PID0051755,Average experience.,Positive,0.885
cous__.1756,Divya,Frozen French Fries,PID0051756,Fresh and tasty.,Positive,0.885
cous__.1757,Arjun,Frozen Chicken Nuggets,PID0051757,Very delicious!,Negative,-0.674
cous__.1758,Rahul,Frozen Fish Sticks,PID0051758,Very delicious!,Positive,0.885
cous__.1759,Swati,Frozen Dumplings,PID0051759,Bad packaging.,Positive,0.885
cous__.1760,Sneha,Frozen Spring Rolls,PID0051760,Fresh and tasty.,Negative,-0.674
cous__.1761,Rahul,Frozen Waffles,PID0051761,Highly recommended!,Negative,-0.674
cous__.1762,Sneha,Frozen Berries,PID0051762,Average experience.,Negative,-0.674
cous__.1763,Rahul,Tofu,PID0051763,Loved the taste!,Positive,0.885
cous__.1764,Arjun,Dried Fruits,PID0051764,Loved the taste!,Positive,0.885
cous__.1765,Kiran,Canned Soup,PID0051765,Fresh and tasty.,Neutral,0.0
cous__.1766,Arjun,Nut Mix,PID0051766,Average experience.,Positive,0.885
cous__.1767,Aditya,Rice Cakes,PID0051767,Very delicious!,Neutral,0.0
cous__.1768,Arjun,Pancake Mix,PID0051768,Worth the price.,Neutral,0.0
cous__.1769,Amit,Potato Chips,PID0051769,Bad packaging.,Positive,0.885
cous__.1770,Varun,Corn Chips,PID0051770,"Not good, expected better.",Neutral,0.0
cous__.1771,Sneha,Tortilla Chips,PID0051771,Average experience.,Positive,0.885
cous__.1772,Aditya,Veggie Chips,PID0051772,Fresh and tasty.,Positive,0.885
cous__.1773,Sita,Pretzels,PID0051773,Worth the price.,Negative,-0.674
cous__.1774,Kunal,Popcorn,PID0051774,Not satisfied.,Positive,0.885
cous__.1775,Sneha,Milk,PID0051775,Worth the price.,Positive,0.885
cous__.1776,Pooja,Yogurt,PID0051776,Bad packaging.,Neutral,0.0
cous__.1777,Divya,Cheddar Cheese,PID0051777,"Too spicy, not for me.",Positive,0.885
cous__.1778,Kiran,Mozzarella Cheese,PID0051778,Worth the price.,Negative,-0.674
cous__.1779,Varun,Greek Yogurt,PID0051779,Loved the taste!,Negative,-0.674
cous__.1780,Mira,Butter,PID0051780,"Too spicy, not for me.",Positive,0.885
cous__.1781,Pooja,Cream Cheese,PID0051781,Very delicious!,Positive,0.885
cous__.1782,Priya,Cottage Cheese,PID0051782,Worth the price.,Neutral,0.0
cous__.1783,Rahul,Orange Juice,PID0051783,"Too spicy, not for me.",Positive,0.885
cous__.1784,Swati,Apple Juice,PID0051784,Highly recommended!,Positive,0.885
cous__.1785,Divya,Green Tea,PID0051785,Very delicious!,Positive,0.885
cous__.1786,Raju,Coffee,PID0051786,Highly recommended!,Neutral,0.0
cous__.1787,Sneha,Soft Drink,PID0051787,Fresh and tasty.,Negative,-0.674
cous__.1788,Swati,Black Tea,PID0051788,Fresh and tasty.,Positive,0.885
cous__.1789,Swati,Herbal Tea,PID0051789,Very delicious!,Positive,0.885
cous__.1790,Kunal,Sparkling Water,PID0051790,Very delicious!,Neutral,0.0
cous__.1791,Divya,Ready-to-Eat Pasta,PID0051791,"Not good, expected better.",Neutral,0.0
cous__.1792,Meera,Frozen Pizza,PID0051792,Bad packaging.,Positive,0.885
cous__.1793,Arjun,Frozen Burritos,PID0051793,Worth the price.,Positive,0.885
cous__.1794,Swati,Frozen Lasagna,PID0051794,Not satisfied.,Positive,0.885
cous__.1795,Kiran,Instant Noodles,PID0051795,Loved the taste!,Neutral,0.0
cous__.1796,Arjun,Whole Wheat Bread,PID0051796,Fresh and tasty.,Positive,0.885
cous__.1797,Sneha,Bagels,PID0051797,"Not good, expected better.",Positive,0.885
cous__.1798,Varun,Croissants,PID0051798,Average experience.,Negative,-0.674
cous__.1799,Sneha,English Muffins,PID0051799,Loved the taste!,Positive,0.885
cous__.1800,Priya,Pita Bread,PID0051800,"Too spicy, not for me.",Negative,-0.674
cous__.1801,Kiran,Sourdough Bread,PID0051801,Worth the price.,Neutral,0.0
cous__.1802,Suman,Multigrain Cereal,PID0051802,Not satisfied.,Negative,-0.674
cous__.1803,Meera,Oatmeal,PID0051803,Highly recommended!,Neutral,0.0
cous__.1804,Sneha,Granola Bars,PID0051804,Fresh and tasty.,Negative,-0.674
cous__.1805,Pooja,Protein Bars,PID0051805,Worth the price.,Negative,-0.674
cous__.1806,Suman,Raisin Bran Cereal,PID0051806,Bad packaging.,Positive,0.885
cous__.1807,Swati,Frozen Vegetables,PID0051807,"Not good, expected better.",Positive,0.885
cous__.1808,Varun,Frozen French Fries,PID0051808,Highly recommended!,Negative,-0.674
cous__.1809,Rahul,Frozen Chicken Nuggets,PID0051809,"Too spicy, not for me.",Positive,0.885
cous__.1810,Mira,Frozen Fish Sticks,PID0051810,Loved the taste!,Neutral,0.0
cous__.1811,Mira,Frozen Dumplings,PID0051811,Highly recommended!,Positive,0.885
cous__.1812,Rahul,Frozen Spring Rolls,PID0051812,Average experience.,Neutral,0.0
cous__.1813,Rohan,Frozen Waffles,PID0051813,Worth the price.,Neutral,0.0
cous__.1814,Raju,Frozen Berries,PID0051814,Not satisfied.,Negative,-0.674
cous__.1815,Rohan,Tofu,PID0051815,Loved the taste!,Negative,-0.674
cous__.1816,Meera,Dried Fruits,PID0051816,Very delicious!,Positive,0.885
cous__.1817,Arjun,Canned Soup,PID0051817,Bad packaging.,Neutral,0.0
cous__.1818,Meera,Nut Mix,PID0051818,"Not good, expected better.",Neutral,0.0
cous__.1819,Pooja,Rice Cakes,PID0051819,Very delicious!,Negative,-0.674
cous__.1820,Aditya,Pancake Mix,PID0051820,Loved the taste!,Positive,0.885
cous__.1821,Aditya,Potato Chips,PID0051821,"Not good, expected better.",Neutral,0.0
cous__.1822,Rohan,Corn Chips,PID0051822,Loved the taste!,Positive,0.885
cous__.1823,Meera,Tortilla Chips,PID0051823,Not satisfied.,Negative,-0.674
cous__.1824,Suman,Veggie Chips,PID0051824,Very delicious!,Positive,0.885
cous__.1825,Varun,Pretzels,PID0051825,Loved the taste!,Positive,0.885
cous__.1826,Pooja,Popcorn,PID0051826,Loved the taste!,Positive,0.885
cous__.1827,Varun,Milk,PID0051827,Average experience.,Positive,0.885
cous__.1828,Arjun,Yogurt,PID0051828,Fresh and tasty.,Neutral,0.0
cous__.1829,Swati,Cheddar Cheese,PID0051829,"Not good, expected better.",Positive,0.885
cous__.1830,Varun,Mozzarella Cheese,PID0051830,Highly recommended!,Neutral,0.0
cous__.1831,Varun,Greek Yogurt,PID0051831,Bad packaging.,Neutral,0.0
cous__.1832,Varun,Butter,PID0051832,Not satisfied.,Neutral,0.0
cous__.1833,Meera,Cream Cheese,PID0051833,Highly recommended!,Positive,0.885
cous__.1834,Swati,Cottage Cheese,PID0051834,Fresh and tasty.,Positive,0.885
cous__.1835,Meera,Orange Juice,PID0051835,Worth the price.,Neutral,0.0
cous__.1836,Rohan,Apple Juice,PID0051836,Loved the taste!,Positive,0.885
cous__.1837,Divya,Green Tea,PID0051837,Average experience.,Positive,0.885
cous__.1838,Pooja,Coffee,PID0051838,Fresh and tasty.,Neutral,0.0
cous__.1839,Aditya,Soft Drink,PID0051839,"Too spicy, not for me.",Positive,0.885
cous__.1840,Meera,Black Tea,PID0051840,Average experience.,Neutral,0.0
cous__.1841,Raju,Herbal Tea,PID0051841,Loved the taste!,Negative,-0.674
cous__.1842,Priya,Sparkling Water,PID0051842,Bad packaging.,Positive,0.885
cous__.1843,Suman,Ready-to-Eat Pasta,PID0051843,"Too spicy, not for me.",Neutral,0.0
cous__.1844,Rahul,Frozen Pizza,PID0051844,Not satisfied.,Positive,0.885
cous__.1845,Pooja,Frozen Burritos,PID0051845,Worth the price.,Neutral,0.0
cous__.1846,Rahul,Frozen Lasagna,PID0051846,Not satisfied.,Negative,-0.674
cous__.1847,Sita,Instant Noodles,PID0051847,Fresh and tasty.,Negative,-0.674
cous__.1848,Sita,Whole Wheat Bread,PID0051848,Bad packaging.,Neutral,0.0
cous__.1849,Divya,Bagels,PID0051849,Highly recommended!,Neutral,0.0
cous__.1850,Mira,Croissants,PID0051850,Bad packaging.,Negative,-0.674
cous__.1851,Sita,English Muffins,PID0051851,Not satisfied.,Positive,0.885
cous__.1852,Sita,Pita Bread,PID0051852,Highly recommended!,Neutral,0.0
cous__.1853,Kiran,Sourdough Bread,PID0051853,"Too spicy, not for me.",Negative,-0.674
cous__.1854,Meera,Multigrain Cereal,PID0051854,Bad packaging.,Negative,-0.674
cous__.1855,Divya,Oatmeal,PID0051855,Bad packaging.,Negative,-0.674
cous__.1856,Varun,Granola Bars,PID0051856,Very delicious!,Negative,-0.674
cous__.1857,Amit,Protein Bars,PID0051857,Very delicious!,Positive,0.885
cous__.1858,Varun,Raisin Bran Cereal,PID0051858,Fresh and tasty.,Neutral,0.0
cous__.1859,Rahul,Frozen Vegetables,PID0051859,"Too spicy, not for me.",Negative,-0.674
cous__.1860,Amit,Frozen French Fries,PID0051860,Loved the taste!,Neutral,0.0
cous__.1861,Mira,Frozen Chicken Nuggets,PID0051861,"Too spicy, not for me.",Negative,-0.674
cous__.1862,Varun,Frozen Fish Sticks,PID0051862,"Not good, expected better.",Neutral,0.0
cous__.1863,Sneha,Frozen Dumplings,PID0051863,Loved the taste!,Neutral,0.0
cous__.1864,Rahul,Frozen Spring Rolls,PID0051864,Highly recommended!,Negative,-0.674
cous__.1865,Raju,Frozen Waffles,PID0051865,Not satisfied.,Neutral,0.0
cous__.1866,Pooja,Frozen Berries,PID0051866,Not satisfied.,Negative,-0.674
cous__.1867,Arjun,Tofu,PID0051867,Very delicious!,Neutral,0.0
cous__.1868,Amit,Dried Fruits,PID0051868,"Too spicy, not for me.",Negative,-0.674
cous__.1869,Sita,Canned Soup,PID0051869,Highly recommended!,Negative,-0.674
cous__.1870,Mira,Nut Mix,PID0051870,"Too spicy, not for me.",Positive,0.885
cous__.1871,Swati,Rice Cakes,PID0051871,Average experience.,Positive,0.885
cous__.1872,Aditya,Pancake Mix,PID0051872,Fresh and tasty.,Negative,-0.674
cous__.1873,Varun,Potato Chips,PID0051873,Very delicious!,Negative,-0.674
cous__.1874,Rahul,Corn Chips,PID0051874,Highly recommended!,Neutral,0.0
cous__.1875,Swati,Tortilla Chips,PID0051875,Average experience.,Neutral,0.0
cous__.1876,Sita,Veggie Chips,PID0051876,Average experience.,Neutral,0.0
cous__.1877,Aditya,Pretzels,PID0051877,"Not good, expected better.",Negative,-0.674
cous__.1878,Pooja,Popcorn,PID0051878,Highly recommended!,Positive,0.885
cous__.1879,Amit,Milk,PID0051879,"Not good, expected better.",Negative,-0.674
cous__.1880,Aditya,Yogurt,PID0051880,Bad packaging.,Positive,0.885
cous__.1881,Amit,Cheddar Cheese,PID0051881,Worth the price.,Neutral,0.0
cous__.1882,Suman,Mozzarella Cheese,PID0051882,"Too spicy, not for me.",Neutral,0.0
cous__.1883,Suman,Greek Yogurt,PID0051883,Worth the price.,Positive,0.885
cous__.1884,Raju,Butter,PID0051884,Bad packaging.,Neutral,0.0
cous__.1885,Swati,Cream Cheese,PID0051885,Not satisfied.,Positive,0.885
cous__.1886,Swati,Cottage Cheese,PID0051886,Fresh and tasty.,Neutral,0.0
cous__.1887,Mira,Orange Juice,PID0051887,Very delicious!,Positive,0.885
cous__.1888,Kunal,Apple Juice,PID0051888,Worth the price.,Negative,-0.674
cous__.1889,Swati,Green Tea,PID0051889,Very delicious!,Neutral,0.0
cous__.1890,Sita,Coffee,PID0051890,Worth the price.,Neutral,0.0
cous__.1891,Suman,Soft Drink,PID0051891,"Not good, expected better.",Negative,-0.674
cous__.1892,Sneha,Black Tea,PID0051892,"Not good, expected better.",Negative,-0.674
cous__.1893,Amit,Herbal Tea,PID0051893,Average experience.,Negative,-0.674
cous__.1894,Rohan,Sparkling Water,PID0051894,Highly recommended!,Positive,0.885
cous__.1895,Priya,Ready-to-Eat Pasta,PID0051895,Highly recommended!,Positive,0.885
cous__.1896,Sneha,Frozen Pizza,PID0051896,Average experience.,Positive,0.885
cous__.1897,Aditya,Frozen Burritos,PID0051897,Average experience.,Positive,0.885
cous__.1898,Sita,Frozen Lasagna,PID0051898,Fresh and tasty.,Positive,0.885
cous__.1899,Mira,Instant Noodles,PID0051899,Bad packaging.,Neutral,0.0
cous__.1900,Meera,Whole Wheat Bread,PID0051900,Fresh and tasty.,Negative,-0.674
cous__.1901,Kunal,Bagels,PID0051901,Loved the taste!,Neutral,0.0
cous__.1902,Raju,Croissants,PID0051902,Fresh and tasty.,Negative,-0.674
cous__.1903,Raju,English Muffins,PID0051903,Loved the taste!,Negative,-0.674
cous__.1904,Swati,Pita Bread,PID0051904,Highly recommended!,Negative,-0.674
cous__.1905,Arjun,Sourdough Bread,PID0051905,Fresh and tasty.,Positive,0.885
cous__.1906,Varun,Multigrain Cereal,PID0051906,"Not good, expected better.",Negative,-0.674
cous__.1907,Meera,Oatmeal,PID0051907,Loved the taste!,Positive,0.885
cous__.1908,Kiran,Granola Bars,PID0051908,Average experience.,Neutral,0.0
cous__.1909,Amit,Protein Bars,PID0051909,Worth the price.,Neutral,0.0
cous__.1910,Swati,Raisin Bran Cereal,PID0051910,Loved the taste!,Negative,-0.674
cous__.1911,Rohan,Frozen Vegetables,PID0051911,Bad packaging.,Positive,0.885
cous__.1912,Varun,Frozen French Fries,PID0051912,Not satisfied.,Positive,0.885
cous__.1913,Aditya,Frozen Chicken Nuggets,PID0051913,"Too spicy, not for me.",Positive,0.885
cous__.1914,Aditya,Frozen Fish Sticks,PID0051914,Loved the taste!,Positive,0.885
cous__.1915,Rahul,Frozen Dumplings,PID0051915,Bad packaging.,Neutral,0.0
cous__.1916,Sneha,Frozen Spring Rolls,PID0051916,Very delicious!,Positive,0.885
cous__.1917,Sita,Frozen Waffles,PID0051917,"Not good, expected better.",Neutral,0.0
cous__.1918,Mira,Frozen Berries,PID0051918,Loved the taste!,Negative,-0.674
cous__.1919,Sneha,Tofu,PID0051919,"Too spicy, not for me.",Neutral,0.0
cous__.1920,Pooja,Dried Fruits,PID0051920,Average experience.,Positive,0.885
cous__.1921,Rohan,Canned Soup,PID0051921,"Not good, expected better.",Positive,0.885
cous__.1922,Sita,Nut Mix,PID0051922,Very delicious!,Negative,-0.674
cous__.1923,Meera,Rice Cakes,PID0051923,Bad packaging.,Neutral,0.0
cous__.1924,Rohan,Pancake Mix,PID0051924,Loved the taste!,Negative,-0.674
cous__.1925,Meera,Potato Chips,PID0051925,Bad packaging.,Negative,-0.674
cous__.1926,Arjun,Corn Chips,PID0051926,Not satisfied.,Positive,0.885
cous__.1927,Varun,Tortilla Chips,PID0051927,Loved the taste!,Neutral,0.0
cous__.1928,Sneha,Veggie Chips,PID0051928,Average experience.,Negative,-0.674
cous__.1929,Rahul,Pretzels,PID0051929,Highly recommended!,Neutral,0.0
cous__.1930,Mira,Popcorn,PID0051930,Not satisfied.,Neutral,0.0
cous__.1931,Varun,Milk,PID0051931,Worth the price.,Neutral,0.0
cous__.1932,Meera,Yogurt,PID0051932,Loved the taste!,Neutral,0.0
cous__.1933,Pooja,Cheddar Cheese,PID0051933,Fresh and tasty.,Neutral,0.0
cous__.1934,Aditya,Mozzarella Cheese,PID0051934,Average experience.,Negative,-0.674
cous__.1935,Raju,Greek Yogurt,PID0051935,Loved the taste!,Neutral,0.0
cous__.1936,Kiran,Butter,PID0051936,Fresh and tasty.,Negative,-0.674
cous__.1937,Arjun,Cream Cheese,PID0051937,"Too spicy, not for me.",Neutral,0.0
cous__.1938,Mira,Cottage Cheese,PID0051938,Highly recommended!,Neutral,0.0
cous__.1939,Raju,Orange Juice,PID0051939,"Too spicy, not for me.",Negative,-0.674
cous__.1940,Raju,Apple Juice,PID0051940,Highly recommended!,Positive,0.885
cous__.1941,Priya,Green Tea,PID0051941,Loved the taste!,Negative,-0.674
cous__.1942,Varun,Coffee,PID0051942,Fresh and tasty.,Positive,0.885
cous__.1943,Priya,Soft Drink,PID0051943,Not satisfied.,Negative,-0.674
cous__.1944,Meera,Black Tea,PID0051944,Fresh and tasty.,Neutral,0.0
cous__.1945,Sita,Herbal Tea,PID0051945,"Not good, expected better.",Neutral,0.0
cous__.1946,Suman,Sparkling Water,PID0051946,Very delicious!,Neutral,0.0
cous__.1947,Kiran,Ready-to-Eat Pasta,PID0051947,Average experience.,Neutral,0.0
cous__.1948,Rohan,Frozen Pizza,PID0051948,Highly recommended!,Neutral,0.0
cous__.1949,Raju,Frozen Burritos,PID0051949,Highly recommended!,Neutral,0.0
cous__.1950,Sneha,Frozen Lasagna,PID0051950,Not satisfied.,Neutral,0.0
cous__.1951,Rahul,Instant Noodles,PID0051951,Average experience.,Negative,-0.674
cous__.1952,Suman,Whole Wheat Bread,PID0051952,Fresh and tasty.,Neutral,0.0
cous__.1953,Sita,Bagels,PID0051953,Very delicious!,Neutral,0.0
cous__.1954,Raju,Croissants,PID0051954,Bad packaging.,Positive,0.885
cous__.1955,Swati,English Muffins,PID0051955,Bad packaging.,Positive,0.885
cous__.1956,Priya,Pita Bread,PID0051956,Highly recommended!,Neutral,0.0
cous__.1957,Priya,Sourdough Bread,PID0051957,Highly recommended!,Positive,0.885
cous__.1958,Varun,Multigrain Cereal,PID0051958,Fresh and tasty.,Neutral,0.0
cous__.1959,Priya,Oatmeal,PID0051959,Worth the price.,Negative,-0.674
cous__.1960,Sneha,Granola Bars,PID0051960,Very delicious!,Positive,0.885
cous__.1961,Pooja,Protein Bars,PID0051961,Average experience.,Negative,-0.674
cous__.1962,Pooja,Raisin Bran Cereal,PID0051962,Loved the taste!,Negative,-0.674
cous__.1963,Sita,Frozen Vegetables,PID0051963,"Too spicy, not for me.",Neutral,0.0
cous__.1964,Kunal,Frozen French Fries,PID0051964,Bad packaging.,Neutral,0.0
cous__.1965,Aditya,Frozen Chicken Nuggets,PID0051965,Not satisfied.,Positive,0.885
cous__.1966,Suman,Frozen Fish Sticks,PID0051966,Average experience.,Neutral,0.0
cous__.1967,Swati,Frozen Dumplings,PID0051967,Not satisfied.,Neutral,0.0
cous__.1968,Arjun,Frozen Spring Rolls,PID0051968,Not satisfied.,Neutral,0.0
cous__.1969,Amit,Frozen Waffles,PID0051969,Average experience.,Negative,-0.674
cous__.1970,Amit,Frozen Berries,PID0051970,Highly recommended!,Positive,0.885
cous__.1971,Raju,Tofu,PID0051971,Fresh and tasty.,Neutral,0.0
cous__.1972,Swati,Dried Fruits,PID0051972,Fresh and tasty.,Negative,-0.674
cous__.1973,Mira,Canned Soup,PID0051973,Loved the taste!,Neutral,0.0
cous__.1974,Kunal,Nut Mix,PID0051974,Average experience.,Neutral,0.0
cous__.1975,Suman,Rice Cakes,PID0051975,Bad packaging.,Negative,-0.674
cous__.1976,Rahul,Pancake Mix,PID0051976,Loved the taste!,Negative,-0.674
cous__.1977,Sita,Potato Chips,PID0051977,"Not good, expected better.",Positive,0.885
cous__.1978,Kiran,Corn Chips,PID0051978,Bad packaging.,Positive,0.885
cous__.1979,Divya,Tortilla Chips,PID0051979,"Not good, expected better.",Negative,-0.674
cous__.1980,Sita,Veggie Chips,PID0051980,"Not good, expected better.",Neutral,0.0
cous__.1981,Arjun,Pretzels,PID0051981,Bad packaging.,Negative,-0.674
cous__.1982,Kunal,Popcorn,PID0051982,Not satisfied.,Neutral,0.0
cous__.1983,Priya,Milk,PID0051983,Fresh and tasty.,Positive,0.885
cous__.1984,Varun,Yogurt,PID0051984,"Too spicy, not for me.",Neutral,0.0
cous__.1985,Kunal,Cheddar Cheese,PID0051985,"Too spicy, not for me.",Positive,0.885
cous__.1986,Aditya,Mozzarella Cheese,PID0051986,"Not good, expected better.",Negative,-0.674
cous__.1987,Aditya,Greek Yogurt,PID0051987,Bad packaging.,Negative,-0.674
cous__.1988,Sneha,Butter,PID0051988,Fresh and tasty.,Neutral,0.0
cous__.1989,Suman,Cream Cheese,PID0051989,Fresh and tasty.,Negative,-0.674
cous__.1990,Rohan,Cottage Cheese,PID0051990,"Not good, expected better.",Neutral,0.0
cous__.1991,Varun,Orange Juice,PID0051991,Not satisfied.,Positive,0.885
cous__.1992,Raju,Apple Juice,PID0051992,Loved the taste!,Negative,-0.674
cous__.1993,Priya,Green Tea,PID0051993,Fresh and tasty.,Neutral,0.0
cous__.1994,Amit,Coffee,PID0051994,Fresh and tasty.,Positive,0.885
cous__.1995,Arjun,Soft Drink,PID0051995,Fresh and tasty.,Positive,0.885
cous__.1996,Swati,Black Tea,PID0051996,Very delicious!,Negative,-0.674
cous__.1997,Divya,Herbal Tea,PID0051997,Worth the price.,Negative,-0.674
cous__.1998,Arjun,Sparkling Water,PID0051998,Very delicious!,Negative,-0.674
cous__.1999,Varun,Ready-to-Eat Pasta,PID0051999,"Too spicy, not for me.",Positive,0.885
cous__.2000,Priya,Frozen Pizza,PID0052000,Fresh and tasty.,Neutral,0.0
