Customer_ID,User_Name,Product_Name,Product_ID,User_ID,Facebook_ID,Comment,Sentiment,Sentimental_Score,Rating
cous__.01,Mira,Potato Chips,PID005001,https://www.facebook.com/vukkarvibes,1397040301788260,Not satisfied.,Neutral,0.0,5
cous__.02,Sita,Corn Chips,PID005002,https://www.facebook.com/vukkarvibes,1397040301788261,"Not good, expected better.",Negative,-0.674,1
cous__.03,Rohan,Tortilla Chips,PID005003,https://www.facebook.com/vukkarvibes,1397040301788262,"Not good, expected better.",Positive,0.885,5
cous__.04,Priya,Veggie Chips,PID005004,https://www.facebook.com/vukkarvibes,1397040301788263,Fresh and tasty.,Neutral,0.0,2
cous__.05,Sneha,Pretzels,PID005005,https://www.facebook.com/vukkarvibes,1397040301788264,Fresh and tasty.,Positive,0.885,4
cous__.06,Amit,Popcorn,PID005006,https://www.facebook.com/vukkarvibes,1397040301788265,"Not good, expected better.",Negative,-0.674,5
cous__.07,Mira,Milk,PID005007,https://www.facebook.com/vukkarvibes,1397040301788266,Not satisfied.,Neutral,0.0,2
cous__.08,Divya,Yogurt,PID005008,https://www.facebook.com/vukkarvibes,1397040301788267,Highly recommended!,Negative,-0.674,2
cous__.09,Arjun,Cheddar Cheese,PID005009,https://www.facebook.com/vukkarvibes,1397040301788268,Worth the price.,Positive,0.885,3
cous__.10,Kunal,Mozzarella Cheese,PID005010,https://www.facebook.com/vukkarvibes,1397040301788269,Very delicious!,Neutral,0.0,3
cous__.11,Priya,Greek Yogurt,PID005011,https://www.facebook.com/vukkarvibes,1397040301788270,Worth the price.,Neutral,0.0,2
cous__.12,Mira,Butter,PID005012,https://www.facebook.com/vukkarvibes,1397040301788271,"Too spicy, not for me.",Negative,-0.674,4
cous__.13,Rohan,Cream Cheese,PID005013,https://www.facebook.com/vukkarvibes,1397040301788272,Average experience.,Negative,-0.674,2
cous__.14,Amit,Cottage Cheese,PID005014,https://www.facebook.com/vukkarvibes,1397040301788273,Worth the price.,Neutral,0.0,1
cous__.15,Meera,Orange Juice,PID005015,https://www.facebook.com/vukkarvibes,1397040301788274,Very delicious!,Neutral,0.0,3
cous__.16,Rohan,Apple Juice,PID005016,https://www.facebook.com/vukkarvibes,1397040301788275,Not satisfied.,Negative,-0.674,2
cous__.17,Varun,Green Tea,PID005017,https://www.facebook.com/vukkarvibes,1397040301788276,"Too spicy, not for me.",Positive,0.885,5
cous__.18,Priya,Coffee,PID005018,https://www.facebook.com/vukkarvibes,1397040301788277,Loved the taste!,Neutral,0.0,4
cous__.19,Aditya,Soft Drink,PID005019,https://www.facebook.com/vukkarvibes,1397040301788278,Very delicious!,Negative,-0.674,5
cous__.20,Kunal,Black Tea,PID005020,https://www.facebook.com/vukkarvibes,1397040301788279,"Too spicy, not for me.",Positive,0.885,3
cous__.21,Amit,Herbal Tea,PID005021,https://www.facebook.com/vukkarvibes,1397040301788280,Worth the price.,Neutral,0.0,1
cous__.22,Meera,Sparkling Water,PID005022,https://www.facebook.com/vukkarvibes,1397040301788281,"Too spicy, not for me.",Neutral,0.0,2
cous__.23,Sneha,Ready-to-Eat Pasta,PID005023,https://www.facebook.com/vukkarvibes,1397040301788282,Fresh and tasty.,Neutral,0.0,5
cous__.24,Aditya,Frozen Pizza,PID005024,https://www.facebook.com/vukkarvibes,1397040301788283,Highly recommended!,Neutral,0.0,1
cous__.25,Amit,Frozen Burritos,PID005025,https://www.facebook.com/vukkarvibes,1397040301788284,Bad packaging.,Neutral,0.0,5
cous__.26,Kiran,Frozen Lasagna,PID005026,https://www.facebook.com/vukkarvibes,1397040301788285,"Not good, expected better.",Positive,0.885,4
cous__.27,Priya,Instant Noodles,PID005027,https://www.facebook.com/vukkarvibes,1397040301788286,Bad packaging.,Positive,0.885,5
cous__.28,Rohan,Whole Wheat Bread,PID005028,https://www.facebook.com/vukkarvibes,1397040301788287,"Not good, expected better.",Neutral,0.0,3
cous__.29,Arjun,Bagels,PID005029,https://www.facebook.com/vukkarvibes,1397040301788288,Very delicious!,Negative,-0.674,2
cous__.30,Suman,Croissants,PID005030,https://www.facebook.com/vukkarvibes,1397040301788289,Not satisfied.,Positive,0.885,2
cous__.31,Aditya,English Muffins,PID005031,https://www.facebook.com/vukkarvibes,1397040301788290,Fresh and tasty.,Positive,0.885,2
cous__.32,Kunal,Pita Bread,PID005032,https://www.facebook.com/vukkarvibes,1397040301788291,"Too spicy, not for me.",Negative,-0.674,4
cous__.33,Amit,Sourdough Bread,PID005033,https://www.facebook.com/vukkarvibes,1397040301788292,Fresh and tasty.,Negative,-0.674,1
cous__.34,Mira,Multigrain Cereal,PID005034,https://www.facebook.com/vukkarvibes,1397040301788293,Bad packaging.,Positive,0.885,1
cous__.35,Meera,Oatmeal,PID005035,https://www.facebook.com/vukkarvibes,1397040301788294,Average experience.,Neutral,0.0,2
cous__.36,Kiran,Granola Bars,PID005036,https://www.facebook.com/vukkarvibes,1397040301788295,"Not good, expected better.",Negative,-0.674,5
cous__.37,Divya,Protein Bars,PID005037,https://www.facebook.com/vukkarvibes,1397040301788296,Fresh and tasty.,Positive,0.885,5
cous__.38,Kiran,Raisin Bran Cereal,PID005038,https://www.facebook.com/vukkarvibes,1397040301788297,Highly recommended!,Neutral,0.0,2
cous__.39,Swati,Frozen Vegetables,PID005039,https://www.facebook.com/vukkarvibes,1397040301788298,Loved the taste!,Negative,-0.674,2
cous__.40,Rahul,Frozen French Fries,PID005040,https://www.facebook.com/vukkarvibes,1397040301788299,Not satisfied.,Neutral,0.0,5
cous__.41,Varun,Frozen Chicken Nuggets,PID005041,https://www.facebook.com/vukkarvibes,1397040301788300,Very delicious!,Neutral,0.0,1
cous__.42,Varun,Frozen Fish Sticks,PID005042,https://www.facebook.com/vukkarvibes,1397040301788301,Very delicious!,Neutral,0.0,2
cous__.43,Priya,Frozen Dumplings,PID005043,https://www.facebook.com/vukkarvibes,1397040301788302,Very delicious!,Positive,0.885,2
cous__.44,Pooja,Frozen Spring Rolls,PID005044,https://www.facebook.com/vukkarvibes,1397040301788303,Loved the taste!,Neutral,0.0,4
cous__.45,Arjun,Frozen Waffles,PID005045,https://www.facebook.com/vukkarvibes,1397040301788304,Worth the price.,Positive,0.885,4
cous__.46,Kiran,Frozen Berries,PID005046,https://www.facebook.com/vukkarvibes,1397040301788305,Average experience.,Positive,0.885,4
cous__.47,Pooja,Tofu,PID005047,https://www.facebook.com/vukkarvibes,1397040301788306,Bad packaging.,Negative,-0.674,2
cous__.48,Swati,Dried Fruits,PID005048,https://www.facebook.com/vukkarvibes,1397040301788307,"Not good, expected better.",Neutral,0.0,5
cous__.49,Pooja,Canned Soup,PID005049,https://www.facebook.com/vukkarvibes,1397040301788308,Fresh and tasty.,Neutral,0.0,5
cous__.50,Raju,Nut Mix,PID005050,https://www.facebook.com/vukkarvibes,1397040301788309,Average experience.,Negative,-0.674,1
cous__.51,Amit,Rice Cakes,PID005051,https://www.facebook.com/vukkarvibes,1397040301788310,"Too spicy, not for me.",Negative,-0.674,4
cous__.52,Priya,Pancake Mix,PID005052,https://www.facebook.com/vukkarvibes,1397040301788311,Fresh and tasty.,Neutral,0.0,1
cous__.53,Meera,Potato Chips,PID005053,https://www.facebook.com/vukkarvibes,1397040301788312,Loved the taste!,Negative,-0.674,4
cous__.54,Raju,Corn Chips,PID005054,https://www.facebook.com/vukkarvibes,1397040301788313,Highly recommended!,Negative,-0.674,2
cous__.55,Raju,Tortilla Chips,PID005055,https://www.facebook.com/vukkarvibes,1397040301788314,Not satisfied.,Positive,0.885,3
cous__.56,Kiran,Veggie Chips,PID005056,https://www.facebook.com/vukkarvibes,1397040301788315,Bad packaging.,Negative,-0.674,3
cous__.57,Rohan,Pretzels,PID005057,https://www.facebook.com/vukkarvibes,1397040301788316,Worth the price.,Neutral,0.0,4
cous__.58,Kunal,Popcorn,PID005058,https://www.facebook.com/vukkarvibes,1397040301788317,Highly recommended!,Positive,0.885,1
cous__.59,Raju,Milk,PID005059,https://www.facebook.com/vukkarvibes,1397040301788318,"Not good, expected better.",Neutral,0.0,2
cous__.60,Sneha,Yogurt,PID005060,https://www.facebook.com/vukkarvibes,1397040301788319,Not satisfied.,Positive,0.885,1
cous__.61,Mira,Cheddar Cheese,PID005061,https://www.facebook.com/vukkarvibes,1397040301788320,"Too spicy, not for me.",Neutral,0.0,2
cous__.62,Raju,Mozzarella Cheese,PID005062,https://www.facebook.com/vukkarvibes,1397040301788321,Highly recommended!,Positive,0.885,3
cous__.63,Rohan,Greek Yogurt,PID005063,https://www.facebook.com/vukkarvibes,1397040301788322,Loved the taste!,Negative,-0.674,4
cous__.64,Swati,Butter,PID005064,https://www.facebook.com/vukkarvibes,1397040301788323,Not satisfied.,Neutral,0.0,5
cous__.65,Swati,Cream Cheese,PID005065,https://www.facebook.com/vukkarvibes,1397040301788324,Average experience.,Negative,-0.674,5
cous__.66,Varun,Cottage Cheese,PID005066,https://www.facebook.com/vukkarvibes,1397040301788325,Bad packaging.,Negative,-0.674,3
cous__.67,Mira,Orange Juice,PID005067,https://www.facebook.com/vukkarvibes,1397040301788326,"Not good, expected better.",Positive,0.885,5
cous__.68,Kiran,Apple Juice,PID005068,https://www.facebook.com/vukkarvibes,1397040301788327,"Too spicy, not for me.",Negative,-0.674,5
cous__.69,Divya,Green Tea,PID005069,https://www.facebook.com/vukkarvibes,1397040301788328,Highly recommended!,Negative,-0.674,4
cous__.70,Meera,Coffee,PID005070,https://www.facebook.com/vukkarvibes,1397040301788329,"Too spicy, not for me.",Negative,-0.674,3
cous__.71,Sneha,Soft Drink,PID005071,https://www.facebook.com/vukkarvibes,1397040301788330,Average experience.,Negative,-0.674,4
cous__.72,Sneha,Black Tea,PID005072,https://www.facebook.com/vukkarvibes,1397040301788331,Worth the price.,Positive,0.885,5
cous__.73,Rohan,Herbal Tea,PID005073,https://www.facebook.com/vukkarvibes,1397040301788332,Average experience.,Neutral,0.0,1
cous__.74,Priya,Sparkling Water,PID005074,https://www.facebook.com/vukkarvibes,1397040301788333,Very delicious!,Negative,-0.674,3
cous__.75,Aditya,Ready-to-Eat Pasta,PID005075,https://www.facebook.com/vukkarvibes,1397040301788334,Average experience.,Neutral,0.0,2
cous__.76,Kunal,Frozen Pizza,PID005076,https://www.facebook.com/vukkarvibes,1397040301788335,Not satisfied.,Positive,0.885,3
cous__.77,Sneha,Frozen Burritos,PID005077,https://www.facebook.com/vukkarvibes,1397040301788336,Loved the taste!,Neutral,0.0,5
cous__.78,Kiran,Frozen Lasagna,PID005078,https://www.facebook.com/vukkarvibes,1397040301788337,Average experience.,Positive,0.885,3
cous__.79,Kiran,Instant Noodles,PID005079,https://www.facebook.com/vukkarvibes,1397040301788338,Worth the price.,Negative,-0.674,2
cous__.80,Arjun,Whole Wheat Bread,PID005080,https://www.facebook.com/vukkarvibes,1397040301788339,Worth the price.,Positive,0.885,2
cous__.81,Divya,Bagels,PID005081,https://www.facebook.com/vukkarvibes,1397040301788340,Worth the price.,Positive,0.885,1
cous__.82,Sita,Croissants,PID005082,https://www.facebook.com/vukkarvibes,1397040301788341,Average experience.,Positive,0.885,2
cous__.83,Raju,English Muffins,PID005083,https://www.facebook.com/vukkarvibes,1397040301788342,Fresh and tasty.,Negative,-0.674,4
cous__.84,Varun,Pita Bread,PID005084,https://www.facebook.com/vukkarvibes,1397040301788343,Average experience.,Neutral,0.0,3
cous__.85,Suman,Sourdough Bread,PID005085,https://www.facebook.com/vukkarvibes,1397040301788344,Average experience.,Negative,-0.674,2
cous__.86,Mira,Multigrain Cereal,PID005086,https://www.facebook.com/vukkarvibes,1397040301788345,Bad packaging.,Positive,0.885,3
cous__.87,Divya,Oatmeal,PID005087,https://www.facebook.com/vukkarvibes,1397040301788346,Worth the price.,Positive,0.885,2
cous__.88,Arjun,Granola Bars,PID005088,https://www.facebook.com/vukkarvibes,1397040301788347,Average experience.,Negative,-0.674,1
cous__.89,Varun,Protein Bars,PID005089,https://www.facebook.com/vukkarvibes,1397040301788348,"Too spicy, not for me.",Neutral,0.0,3
cous__.90,Raju,Raisin Bran Cereal,PID005090,https://www.facebook.com/vukkarvibes,1397040301788349,Average experience.,Negative,-0.674,1
cous__.91,Raju,Frozen Vegetables,PID005091,https://www.facebook.com/vukkarvibes,1397040301788350,Worth the price.,Neutral,0.0,2
cous__.92,Sita,Frozen French Fries,PID005092,https://www.facebook.com/vukkarvibes,1397040301788351,Loved the taste!,Negative,-0.674,1
cous__.93,Sneha,Frozen Chicken Nuggets,PID005093,https://www.facebook.com/vukkarvibes,1397040301788352,Not satisfied.,Neutral,0.0,3
cous__.94,Divya,Frozen Fish Sticks,PID005094,https://www.facebook.com/vukkarvibes,1397040301788353,Worth the price.,Positive,0.885,4
cous__.95,Amit,Frozen Dumplings,PID005095,https://www.facebook.com/vukkarvibes,1397040301788354,Very delicious!,Neutral,0.0,4
cous__.96,Divya,Frozen Spring Rolls,PID005096,https://www.facebook.com/vukkarvibes,1397040301788355,Loved the taste!,Neutral,0.0,2
cous__.97,Rohan,Frozen Waffles,PID005097,https://www.facebook.com/vukkarvibes,1397040301788356,Bad packaging.,Negative,-0.674,5
cous__.98,Kiran,Frozen Berries,PID005098,https://www.facebook.com/vukkarvibes,1397040301788357,"Too spicy, not for me.",Neutral,0.0,5
cous__.99,Priya,Tofu,PID005099,https://www.facebook.com/vukkarvibes,1397040301788358,Highly recommended!,Positive,0.885,2
cous__.100,Rohan,Dried Fruits,PID005100,https://www.facebook.com/vukkarvibes,1397040301788359,Fresh and tasty.,Negative,-0.674,2
cous__.101,Varun,Canned Soup,PID005101,https://www.facebook.com/vukkarvibes,1397040301788360,Bad packaging.,Positive,0.885,3
cous__.102,Kunal,Nut Mix,PID005102,https://www.facebook.com/vukkarvibes,1397040301788361,Loved the taste!,Positive,0.885,2
cous__.103,Sneha,Rice Cakes,PID005103,https://www.facebook.com/vukkarvibes,1397040301788362,Loved the taste!,Negative,-0.674,2
cous__.104,Aditya,Pancake Mix,PID005104,https://www.facebook.com/vukkarvibes,1397040301788363,Bad packaging.,Negative,-0.674,5
cous__.105,Meera,Potato Chips,PID005105,https://www.facebook.com/vukkarvibes,1397040301788364,Average experience.,Positive,0.885,4
cous__.106,Varun,Corn Chips,PID005106,https://www.facebook.com/vukkarvibes,1397040301788365,Loved the taste!,Positive,0.885,3
cous__.107,Sita,Tortilla Chips,PID005107,https://www.facebook.com/vukkarvibes,1397040301788366,Bad packaging.,Negative,-0.674,2
cous__.108,Pooja,Veggie Chips,PID005108,https://www.facebook.com/vukkarvibes,1397040301788367,Bad packaging.,Negative,-0.674,2
cous__.109,Raju,Pretzels,PID005109,https://www.facebook.com/vukkarvibes,1397040301788368,Average experience.,Neutral,0.0,3
cous__.110,Sita,Popcorn,PID005110,https://www.facebook.com/vukkarvibes,1397040301788369,Loved the taste!,Neutral,0.0,1
cous__.111,Aditya,Milk,PID005111,https://www.facebook.com/vukkarvibes,1397040301788370,Highly recommended!,Positive,0.885,3
cous__.112,Mira,Yogurt,PID005112,https://www.facebook.com/vukkarvibes,1397040301788371,Fresh and tasty.,Neutral,0.0,1
cous__.113,Rohan,Cheddar Cheese,PID005113,https://www.facebook.com/vukkarvibes,1397040301788372,"Not good, expected better.",Positive,0.885,5
cous__.114,Swati,Mozzarella Cheese,PID005114,https://www.facebook.com/vukkarvibes,1397040301788373,Highly recommended!,Neutral,0.0,3
cous__.115,Arjun,Greek Yogurt,PID005115,https://www.facebook.com/vukkarvibes,1397040301788374,Very delicious!,Neutral,0.0,3
cous__.116,Sita,Butter,PID005116,https://www.facebook.com/vukkarvibes,1397040301788375,Highly recommended!,Positive,0.885,4
cous__.117,Arjun,Cream Cheese,PID005117,https://www.facebook.com/vukkarvibes,1397040301788376,"Too spicy, not for me.",Negative,-0.674,5
cous__.118,Amit,Cottage Cheese,PID005118,https://www.facebook.com/vukkarvibes,1397040301788377,Highly recommended!,Negative,-0.674,2
cous__.119,Pooja,Orange Juice,PID005119,https://www.facebook.com/vukkarvibes,1397040301788378,Bad packaging.,Positive,0.885,2
cous__.120,Swati,Apple Juice,PID005120,https://www.facebook.com/vukkarvibes,1397040301788379,"Too spicy, not for me.",Neutral,0.0,4
cous__.121,Suman,Green Tea,PID005121,https://www.facebook.com/vukkarvibes,1397040301788380,Bad packaging.,Negative,-0.674,3
cous__.122,Swati,Coffee,PID005122,https://www.facebook.com/vukkarvibes,1397040301788381,Not satisfied.,Neutral,0.0,4
cous__.123,Kunal,Soft Drink,PID005123,https://www.facebook.com/vukkarvibes,1397040301788382,Worth the price.,Neutral,0.0,5
cous__.124,Sneha,Black Tea,PID005124,https://www.facebook.com/vukkarvibes,1397040301788383,Highly recommended!,Neutral,0.0,3
cous__.125,Kunal,Herbal Tea,PID005125,https://www.facebook.com/vukkarvibes,1397040301788384,"Not good, expected better.",Positive,0.885,2
cous__.126,Varun,Sparkling Water,PID005126,https://www.facebook.com/vukkarvibes,1397040301788385,Loved the taste!,Neutral,0.0,1
cous__.127,Kunal,Ready-to-Eat Pasta,PID005127,https://www.facebook.com/vukkarvibes,1397040301788386,Bad packaging.,Positive,0.885,1
cous__.128,Suman,Frozen Pizza,PID005128,https://www.facebook.com/vukkarvibes,1397040301788387,Bad packaging.,Positive,0.885,3
cous__.129,Sneha,Frozen Burritos,PID005129,https://www.facebook.com/vukkarvibes,1397040301788388,Highly recommended!,Negative,-0.674,3
cous__.130,Varun,Frozen Lasagna,PID005130,https://www.facebook.com/vukkarvibes,1397040301788389,Very delicious!,Negative,-0.674,1
cous__.131,Raju,Instant Noodles,PID005131,https://www.facebook.com/vukkarvibes,1397040301788390,Not satisfied.,Positive,0.885,1
cous__.132,Meera,Whole Wheat Bread,PID005132,https://www.facebook.com/vukkarvibes,1397040301788391,Very delicious!,Neutral,0.0,5
cous__.133,Varun,Bagels,PID005133,https://www.facebook.com/vukkarvibes,1397040301788392,Not satisfied.,Positive,0.885,2
cous__.134,Raju,Croissants,PID005134,https://www.facebook.com/vukkarvibes,1397040301788393,Very delicious!,Neutral,0.0,1
cous__.135,Divya,English Muffins,PID005135,https://www.facebook.com/vukkarvibes,1397040301788394,Average experience.,Positive,0.885,4
cous__.136,Amit,Pita Bread,PID005136,https://www.facebook.com/vukkarvibes,1397040301788395,Very delicious!,Positive,0.885,3
cous__.137,Mira,Sourdough Bread,PID005137,https://www.facebook.com/vukkarvibes,1397040301788396,Average experience.,Positive,0.885,2
cous__.138,Aditya,Multigrain Cereal,PID005138,https://www.facebook.com/vukkarvibes,1397040301788397,Not satisfied.,Neutral,0.0,3
cous__.139,Raju,Oatmeal,PID005139,https://www.facebook.com/vukkarvibes,1397040301788398,Fresh and tasty.,Positive,0.885,5
cous__.140,Kiran,Granola Bars,PID005140,https://www.facebook.com/vukkarvibes,1397040301788399,Bad packaging.,Positive,0.885,2
cous__.141,Suman,Protein Bars,PID005141,https://www.facebook.com/vukkarvibes,1397040301788400,Average experience.,Positive,0.885,1
cous__.142,Divya,Raisin Bran Cereal,PID005142,https://www.facebook.com/vukkarvibes,1397040301788401,Not satisfied.,Neutral,0.0,1
cous__.143,Kiran,Frozen Vegetables,PID005143,https://www.facebook.com/vukkarvibes,1397040301788402,"Too spicy, not for me.",Negative,-0.674,5
cous__.144,Swati,Frozen French Fries,PID005144,https://www.facebook.com/vukkarvibes,1397040301788403,Not satisfied.,Negative,-0.674,4
cous__.145,Meera,Frozen Chicken Nuggets,PID005145,https://www.facebook.com/vukkarvibes,1397040301788404,Highly recommended!,Neutral,0.0,5
cous__.146,Mira,Frozen Fish Sticks,PID005146,https://www.facebook.com/vukkarvibes,1397040301788405,Fresh and tasty.,Neutral,0.0,4
cous__.147,Rahul,Frozen Dumplings,PID005147,https://www.facebook.com/vukkarvibes,1397040301788406,Not satisfied.,Positive,0.885,2
cous__.148,Raju,Frozen Spring Rolls,PID005148,https://www.facebook.com/vukkarvibes,1397040301788407,Highly recommended!,Positive,0.885,3
cous__.149,Rohan,Frozen Waffles,PID005149,https://www.facebook.com/vukkarvibes,1397040301788408,Worth the price.,Neutral,0.0,3
cous__.150,Suman,Frozen Berries,PID005150,https://www.facebook.com/vukkarvibes,1397040301788409,"Too spicy, not for me.",Negative,-0.674,4
cous__.151,Swati,Tofu,PID005151,https://www.facebook.com/vukkarvibes,1397040301788410,Fresh and tasty.,Positive,0.885,1
cous__.152,Mira,Dried Fruits,PID005152,https://www.facebook.com/vukkarvibes,1397040301788411,Loved the taste!,Neutral,0.0,1
cous__.153,Amit,Canned Soup,PID005153,https://www.facebook.com/vukkarvibes,1397040301788412,Loved the taste!,Neutral,0.0,5
cous__.154,Suman,Nut Mix,PID005154,https://www.facebook.com/vukkarvibes,1397040301788413,Average experience.,Neutral,0.0,2
cous__.155,Priya,Rice Cakes,PID005155,https://www.facebook.com/vukkarvibes,1397040301788414,Worth the price.,Negative,-0.674,3
cous__.156,Suman,Pancake Mix,PID005156,https://www.facebook.com/vukkarvibes,1397040301788415,Highly recommended!,Negative,-0.674,1
cous__.157,Varun,Potato Chips,PID005157,https://www.facebook.com/vukkarvibes,1397040301788416,"Too spicy, not for me.",Neutral,0.0,4
cous__.158,Raju,Corn Chips,PID005158,https://www.facebook.com/vukkarvibes,1397040301788417,Bad packaging.,Neutral,0.0,4
cous__.159,Rahul,Tortilla Chips,PID005159,https://www.facebook.com/vukkarvibes,1397040301788418,"Not good, expected better.",Negative,-0.674,5
cous__.160,Raju,Veggie Chips,PID005160,https://www.facebook.com/vukkarvibes,1397040301788419,"Not good, expected better.",Negative,-0.674,1
cous__.161,Sita,Pretzels,PID005161,https://www.facebook.com/vukkarvibes,1397040301788420,Bad packaging.,Positive,0.885,5
cous__.162,Swati,Popcorn,PID005162,https://www.facebook.com/vukkarvibes,1397040301788421,Very delicious!,Neutral,0.0,1
cous__.163,Amit,Milk,PID005163,https://www.facebook.com/vukkarvibes,1397040301788422,Very delicious!,Neutral,0.0,1
cous__.164,Rahul,Yogurt,PID005164,https://www.facebook.com/vukkarvibes,1397040301788423,Highly recommended!,Positive,0.885,5
cous__.165,Mira,Cheddar Cheese,PID005165,https://www.facebook.com/vukkarvibes,1397040301788424,Not satisfied.,Neutral,0.0,1
cous__.166,Amit,Mozzarella Cheese,PID005166,https://www.facebook.com/vukkarvibes,1397040301788425,Very delicious!,Neutral,0.0,1
cous__.167,Rohan,Greek Yogurt,PID005167,https://www.facebook.com/vukkarvibes,1397040301788426,"Too spicy, not for me.",Positive,0.885,5
cous__.168,Mira,Butter,PID005168,https://www.facebook.com/vukkarvibes,1397040301788427,Not satisfied.,Negative,-0.674,4
cous__.169,Kunal,Cream Cheese,PID005169,https://www.facebook.com/vukkarvibes,1397040301788428,Very delicious!,Neutral,0.0,5
cous__.170,Amit,Cottage Cheese,PID005170,https://www.facebook.com/vukkarvibes,1397040301788429,Very delicious!,Positive,0.885,4
cous__.171,Suman,Orange Juice,PID005171,https://www.facebook.com/vukkarvibes,1397040301788430,Worth the price.,Positive,0.885,5
cous__.172,Kiran,Apple Juice,PID005172,https://www.facebook.com/vukkarvibes,1397040301788431,Loved the taste!,Neutral,0.0,3
cous__.173,Divya,Green Tea,PID005173,https://www.facebook.com/vukkarvibes,1397040301788432,Average experience.,Positive,0.885,2
cous__.174,Kunal,Coffee,PID005174,https://www.facebook.com/vukkarvibes,1397040301788433,Average experience.,Positive,0.885,2
cous__.175,Sita,Soft Drink,PID005175,https://www.facebook.com/vukkarvibes,1397040301788434,Very delicious!,Negative,-0.674,2
cous__.176,Varun,Black Tea,PID005176,https://www.facebook.com/vukkarvibes,1397040301788435,Bad packaging.,Negative,-0.674,4
cous__.177,Meera,Herbal Tea,PID005177,https://www.facebook.com/vukkarvibes,1397040301788436,Worth the price.,Negative,-0.674,1
cous__.178,Arjun,Sparkling Water,PID005178,https://www.facebook.com/vukkarvibes,1397040301788437,Average experience.,Neutral,0.0,3
cous__.179,Suman,Ready-to-Eat Pasta,PID005179,https://www.facebook.com/vukkarvibes,1397040301788438,Average experience.,Positive,0.885,5
cous__.180,Suman,Frozen Pizza,PID005180,https://www.facebook.com/vukkarvibes,1397040301788439,"Not good, expected better.",Neutral,0.0,2
cous__.181,Arjun,Frozen Burritos,PID005181,https://www.facebook.com/vukkarvibes,1397040301788440,Worth the price.,Negative,-0.674,1
cous__.182,Arjun,Frozen Lasagna,PID005182,https://www.facebook.com/vukkarvibes,1397040301788441,Very delicious!,Positive,0.885,4
cous__.183,Divya,Instant Noodles,PID005183,https://www.facebook.com/vukkarvibes,1397040301788442,"Not good, expected better.",Positive,0.885,4
cous__.184,Pooja,Whole Wheat Bread,PID005184,https://www.facebook.com/vukkarvibes,1397040301788443,"Not good, expected better.",Neutral,0.0,2
cous__.185,Swati,Bagels,PID005185,https://www.facebook.com/vukkarvibes,1397040301788444,Very delicious!,Negative,-0.674,5
cous__.186,Meera,Croissants,PID005186,https://www.facebook.com/vukkarvibes,1397040301788445,Bad packaging.,Neutral,0.0,2
cous__.187,Swati,English Muffins,PID005187,https://www.facebook.com/vukkarvibes,1397040301788446,Highly recommended!,Positive,0.885,2
cous__.188,Raju,Pita Bread,PID005188,https://www.facebook.com/vukkarvibes,1397040301788447,Very delicious!,Negative,-0.674,2
cous__.189,Swati,Sourdough Bread,PID005189,https://www.facebook.com/vukkarvibes,1397040301788448,"Not good, expected better.",Positive,0.885,2
cous__.190,Mira,Multigrain Cereal,PID005190,https://www.facebook.com/vukkarvibes,1397040301788449,Loved the taste!,Negative,-0.674,4
cous__.191,Sita,Oatmeal,PID005191,https://www.facebook.com/vukkarvibes,1397040301788450,Loved the taste!,Negative,-0.674,2
cous__.192,Rahul,Granola Bars,PID005192,https://www.facebook.com/vukkarvibes,1397040301788451,Very delicious!,Neutral,0.0,4
cous__.193,Sita,Protein Bars,PID005193,https://www.facebook.com/vukkarvibes,1397040301788452,Not satisfied.,Neutral,0.0,3
cous__.194,Aditya,Raisin Bran Cereal,PID005194,https://www.facebook.com/vukkarvibes,1397040301788453,Bad packaging.,Neutral,0.0,3
cous__.195,Priya,Frozen Vegetables,PID005195,https://www.facebook.com/vukkarvibes,1397040301788454,Worth the price.,Neutral,0.0,3
cous__.196,Divya,Frozen French Fries,PID005196,https://www.facebook.com/vukkarvibes,1397040301788455,Fresh and tasty.,Positive,0.885,4
cous__.197,Rahul,Frozen Chicken Nuggets,PID005197,https://www.facebook.com/vukkarvibes,1397040301788456,"Not good, expected better.",Neutral,0.0,2
cous__.198,Swati,Frozen Fish Sticks,PID005198,https://www.facebook.com/vukkarvibes,1397040301788457,Loved the taste!,Positive,0.885,3
cous__.199,Pooja,Frozen Dumplings,PID005199,https://www.facebook.com/vukkarvibes,1397040301788458,Highly recommended!,Neutral,0.0,5
cous__.200,Suman,Frozen Spring Rolls,PID005200,https://www.facebook.com/vukkarvibes,1397040301788459,Not satisfied.,Positive,0.885,5
cous__.201,Sneha,Frozen Waffles,PID005201,https://www.facebook.com/vukkarvibes,1397040301788460,Bad packaging.,Positive,0.885,3
cous__.202,Raju,Frozen Berries,PID005202,https://www.facebook.com/vukkarvibes,1397040301788461,Fresh and tasty.,Neutral,0.0,4
cous__.203,Divya,Tofu,PID005203,https://www.facebook.com/vukkarvibes,1397040301788462,Highly recommended!,Positive,0.885,1
cous__.204,Rahul,Dried Fruits,PID005204,https://www.facebook.com/vukkarvibes,1397040301788463,"Too spicy, not for me.",Neutral,0.0,3
cous__.205,Sita,Canned Soup,PID005205,https://www.facebook.com/vukkarvibes,1397040301788464,"Too spicy, not for me.",Neutral,0.0,3
cous__.206,Sita,Nut Mix,PID005206,https://www.facebook.com/vukkarvibes,1397040301788465,"Too spicy, not for me.",Positive,0.885,1
cous__.207,Mira,Rice Cakes,PID005207,https://www.facebook.com/vukkarvibes,1397040301788466,Loved the taste!,Negative,-0.674,2
cous__.208,Sneha,Pancake Mix,PID005208,https://www.facebook.com/vukkarvibes,1397040301788467,Fresh and tasty.,Neutral,0.0,3
cous__.209,Rohan,Potato Chips,PID005209,https://www.facebook.com/vukkarvibes,1397040301788468,"Too spicy, not for me.",Negative,-0.674,3
cous__.210,Kunal,Corn Chips,PID005210,https://www.facebook.com/vukkarvibes,1397040301788469,Worth the price.,Negative,-0.674,1
cous__.211,Aditya,Tortilla Chips,PID005211,https://www.facebook.com/vukkarvibes,1397040301788470,"Too spicy, not for me.",Negative,-0.674,2
cous__.212,Amit,Veggie Chips,PID005212,https://www.facebook.com/vukkarvibes,1397040301788471,"Not good, expected better.",Negative,-0.674,2
cous__.213,Rahul,Pretzels,PID005213,https://www.facebook.com/vukkarvibes,1397040301788472,Worth the price.,Negative,-0.674,3
cous__.214,Raju,Popcorn,PID005214,https://www.facebook.com/vukkarvibes,1397040301788473,Loved the taste!,Neutral,0.0,1
cous__.215,Kiran,Milk,PID005215,https://www.facebook.com/vukkarvibes,1397040301788474,Fresh and tasty.,Neutral,0.0,2
cous__.216,Priya,Yogurt,PID005216,https://www.facebook.com/vukkarvibes,1397040301788475,Very delicious!,Negative,-0.674,5
cous__.217,Arjun,Cheddar Cheese,PID005217,https://www.facebook.com/vukkarvibes,1397040301788476,Fresh and tasty.,Positive,0.885,1
cous__.218,Sneha,Mozzarella Cheese,PID005218,https://www.facebook.com/vukkarvibes,1397040301788477,Worth the price.,Negative,-0.674,2
cous__.219,Raju,Greek Yogurt,PID005219,https://www.facebook.com/vukkarvibes,1397040301788478,"Too spicy, not for me.",Neutral,0.0,3
cous__.220,Aditya,Butter,PID005220,https://www.facebook.com/vukkarvibes,1397040301788479,Very delicious!,Negative,-0.674,5
cous__.221,Suman,Cream Cheese,PID005221,https://www.facebook.com/vukkarvibes,1397040301788480,Worth the price.,Neutral,0.0,1
cous__.222,Meera,Cottage Cheese,PID005222,https://www.facebook.com/vukkarvibes,1397040301788481,"Not good, expected better.",Positive,0.885,5
cous__.223,Kunal,Orange Juice,PID005223,https://www.facebook.com/vukkarvibes,1397040301788482,Worth the price.,Positive,0.885,5
cous__.224,Kiran,Apple Juice,PID005224,https://www.facebook.com/vukkarvibes,1397040301788483,Fresh and tasty.,Neutral,0.0,3
cous__.225,Meera,Green Tea,PID005225,https://www.facebook.com/vukkarvibes,1397040301788484,Loved the taste!,Positive,0.885,5
cous__.226,Kiran,Coffee,PID005226,https://www.facebook.com/vukkarvibes,1397040301788485,Not satisfied.,Negative,-0.674,3
cous__.227,Priya,Soft Drink,PID005227,https://www.facebook.com/vukkarvibes,1397040301788486,Not satisfied.,Negative,-0.674,5
cous__.228,Sita,Black Tea,PID005228,https://www.facebook.com/vukkarvibes,1397040301788487,Worth the price.,Positive,0.885,2
cous__.229,Meera,Herbal Tea,PID005229,https://www.facebook.com/vukkarvibes,1397040301788488,Worth the price.,Neutral,0.0,4
cous__.230,Priya,Sparkling Water,PID005230,https://www.facebook.com/vukkarvibes,1397040301788489,"Too spicy, not for me.",Negative,-0.674,5
cous__.231,Aditya,Ready-to-Eat Pasta,PID005231,https://www.facebook.com/vukkarvibes,1397040301788490,Average experience.,Negative,-0.674,2
cous__.232,Priya,Frozen Pizza,PID005232,https://www.facebook.com/vukkarvibes,1397040301788491,Bad packaging.,Positive,0.885,3
cous__.233,Varun,Frozen Burritos,PID005233,https://www.facebook.com/vukkarvibes,1397040301788492,Highly recommended!,Negative,-0.674,3
cous__.234,Suman,Frozen Lasagna,PID005234,https://www.facebook.com/vukkarvibes,1397040301788493,Fresh and tasty.,Negative,-0.674,2
cous__.235,Priya,Instant Noodles,PID005235,https://www.facebook.com/vukkarvibes,1397040301788494,Fresh and tasty.,Negative,-0.674,4
cous__.236,Suman,Whole Wheat Bread,PID005236,https://www.facebook.com/vukkarvibes,1397040301788495,Highly recommended!,Negative,-0.674,5
cous__.237,Varun,Bagels,PID005237,https://www.facebook.com/vukkarvibes,1397040301788496,Highly recommended!,Negative,-0.674,1
cous__.238,Kiran,Croissants,PID005238,https://www.facebook.com/vukkarvibes,1397040301788497,"Too spicy, not for me.",Positive,0.885,1
cous__.239,Kiran,English Muffins,PID005239,https://www.facebook.com/vukkarvibes,1397040301788498,Bad packaging.,Neutral,0.0,5
cous__.240,Kiran,Pita Bread,PID005240,https://www.facebook.com/vukkarvibes,1397040301788499,Very delicious!,Negative,-0.674,1
cous__.241,Suman,Sourdough Bread,PID005241,https://www.facebook.com/vukkarvibes,1397040301788500,Highly recommended!,Neutral,0.0,4
cous__.242,Arjun,Multigrain Cereal,PID005242,https://www.facebook.com/vukkarvibes,1397040301788501,Bad packaging.,Neutral,0.0,3
cous__.243,Kunal,Oatmeal,PID005243,https://www.facebook.com/vukkarvibes,1397040301788502,Fresh and tasty.,Neutral,0.0,1
cous__.244,Varun,Granola Bars,PID005244,https://www.facebook.com/vukkarvibes,1397040301788503,Average experience.,Positive,0.885,3
cous__.245,Kiran,Protein Bars,PID005245,https://www.facebook.com/vukkarvibes,1397040301788504,"Not good, expected better.",Negative,-0.674,3
cous__.246,Amit,Raisin Bran Cereal,PID005246,https://www.facebook.com/vukkarvibes,1397040301788505,"Not good, expected better.",Positive,0.885,2
cous__.247,Rahul,Frozen Vegetables,PID005247,https://www.facebook.com/vukkarvibes,1397040301788506,Highly recommended!,Negative,-0.674,1
cous__.248,Raju,Frozen French Fries,PID005248,https://www.facebook.com/vukkarvibes,1397040301788507,Highly recommended!,Neutral,0.0,2
cous__.249,Raju,Frozen Chicken Nuggets,PID005249,https://www.facebook.com/vukkarvibes,1397040301788508,Bad packaging.,Positive,0.885,5
cous__.250,Pooja,Frozen Fish Sticks,PID005250,https://www.facebook.com/vukkarvibes,1397040301788509,Bad packaging.,Neutral,0.0,3
cous__.251,Mira,Frozen Dumplings,PID005251,https://www.facebook.com/vukkarvibes,1397040301788510,"Too spicy, not for me.",Positive,0.885,2
cous__.252,Sneha,Frozen Spring Rolls,PID005252,https://www.facebook.com/vukkarvibes,1397040301788511,Highly recommended!,Negative,-0.674,1
cous__.253,Sita,Frozen Waffles,PID005253,https://www.facebook.com/vukkarvibes,1397040301788512,Not satisfied.,Negative,-0.674,5
cous__.254,Sita,Frozen Berries,PID005254,https://www.facebook.com/vukkarvibes,1397040301788513,Highly recommended!,Positive,0.885,2
cous__.255,Rahul,Tofu,PID005255,https://www.facebook.com/vukkarvibes,1397040301788514,"Not good, expected better.",Neutral,0.0,4
cous__.256,Pooja,Dried Fruits,PID005256,https://www.facebook.com/vukkarvibes,1397040301788515,Very delicious!,Positive,0.885,4
cous__.257,Mira,Canned Soup,PID005257,https://www.facebook.com/vukkarvibes,1397040301788516,Very delicious!,Neutral,0.0,4
cous__.258,Sita,Nut Mix,PID005258,https://www.facebook.com/vukkarvibes,1397040301788517,Fresh and tasty.,Neutral,0.0,1
cous__.259,Kiran,Rice Cakes,PID005259,https://www.facebook.com/vukkarvibes,1397040301788518,Worth the price.,Neutral,0.0,3
cous__.260,Meera,Pancake Mix,PID005260,https://www.facebook.com/vukkarvibes,1397040301788519,Average experience.,Neutral,0.0,1
cous__.261,Priya,Potato Chips,PID005261,https://www.facebook.com/vukkarvibes,1397040301788520,Very delicious!,Positive,0.885,5
cous__.262,Mira,Corn Chips,PID005262,https://www.facebook.com/vukkarvibes,1397040301788521,Worth the price.,Positive,0.885,1
cous__.263,Pooja,Tortilla Chips,PID005263,https://www.facebook.com/vukkarvibes,1397040301788522,"Too spicy, not for me.",Negative,-0.674,3
cous__.264,Rohan,Veggie Chips,PID005264,https://www.facebook.com/vukkarvibes,1397040301788523,Worth the price.,Positive,0.885,1
cous__.265,Rahul,Pretzels,PID005265,https://www.facebook.com/vukkarvibes,1397040301788524,Loved the taste!,Neutral,0.0,1
cous__.266,Suman,Popcorn,PID005266,https://www.facebook.com/vukkarvibes,1397040301788525,Not satisfied.,Positive,0.885,1
cous__.267,Rohan,Milk,PID005267,https://www.facebook.com/vukkarvibes,1397040301788526,Fresh and tasty.,Negative,-0.674,2
cous__.268,Rahul,Yogurt,PID005268,https://www.facebook.com/vukkarvibes,1397040301788527,Very delicious!,Neutral,0.0,3
cous__.269,Kunal,Cheddar Cheese,PID005269,https://www.facebook.com/vukkarvibes,1397040301788528,Fresh and tasty.,Positive,0.885,1
cous__.270,Raju,Mozzarella Cheese,PID005270,https://www.facebook.com/vukkarvibes,1397040301788529,Highly recommended!,Neutral,0.0,3
cous__.271,Kunal,Greek Yogurt,PID005271,https://www.facebook.com/vukkarvibes,1397040301788530,Worth the price.,Positive,0.885,3
cous__.272,Mira,Butter,PID005272,https://www.facebook.com/vukkarvibes,1397040301788531,Very delicious!,Positive,0.885,5
cous__.273,Mira,Cream Cheese,PID005273,https://www.facebook.com/vukkarvibes,1397040301788532,"Too spicy, not for me.",Positive,0.885,2
cous__.274,Kiran,Cottage Cheese,PID005274,https://www.facebook.com/vukkarvibes,1397040301788533,Worth the price.,Positive,0.885,5
cous__.275,Meera,Orange Juice,PID005275,https://www.facebook.com/vukkarvibes,1397040301788534,Very delicious!,Negative,-0.674,2
cous__.276,Amit,Apple Juice,PID005276,https://www.facebook.com/vukkarvibes,1397040301788535,Very delicious!,Neutral,0.0,1
cous__.277,Kiran,Green Tea,PID005277,https://www.facebook.com/vukkarvibes,1397040301788536,Not satisfied.,Positive,0.885,5
cous__.278,Raju,Coffee,PID005278,https://www.facebook.com/vukkarvibes,1397040301788537,"Not good, expected better.",Negative,-0.674,4
cous__.279,Swati,Soft Drink,PID005279,https://www.facebook.com/vukkarvibes,1397040301788538,Fresh and tasty.,Neutral,0.0,3
cous__.280,Rohan,Black Tea,PID005280,https://www.facebook.com/vukkarvibes,1397040301788539,Bad packaging.,Neutral,0.0,5
cous__.281,Aditya,Herbal Tea,PID005281,https://www.facebook.com/vukkarvibes,1397040301788540,Average experience.,Neutral,0.0,3
cous__.282,Rahul,Sparkling Water,PID005282,https://www.facebook.com/vukkarvibes,1397040301788541,"Not good, expected better.",Neutral,0.0,4
cous__.283,Divya,Ready-to-Eat Pasta,PID005283,https://www.facebook.com/vukkarvibes,1397040301788542,"Too spicy, not for me.",Negative,-0.674,3
cous__.284,Amit,Frozen Pizza,PID005284,https://www.facebook.com/vukkarvibes,1397040301788543,Loved the taste!,Negative,-0.674,3
cous__.285,Meera,Frozen Burritos,PID005285,https://www.facebook.com/vukkarvibes,1397040301788544,Worth the price.,Positive,0.885,4
cous__.286,Varun,Frozen Lasagna,PID005286,https://www.facebook.com/vukkarvibes,1397040301788545,Average experience.,Negative,-0.674,2
cous__.287,Swati,Instant Noodles,PID005287,https://www.facebook.com/vukkarvibes,1397040301788546,Not satisfied.,Positive,0.885,3
cous__.288,Sita,Whole Wheat Bread,PID005288,https://www.facebook.com/vukkarvibes,1397040301788547,"Too spicy, not for me.",Negative,-0.674,5
cous__.289,Divya,Bagels,PID005289,https://www.facebook.com/vukkarvibes,1397040301788548,Not satisfied.,Negative,-0.674,5
cous__.290,Divya,Croissants,PID005290,https://www.facebook.com/vukkarvibes,1397040301788549,Not satisfied.,Positive,0.885,2
cous__.291,Divya,English Muffins,PID005291,https://www.facebook.com/vukkarvibes,1397040301788550,Fresh and tasty.,Negative,-0.674,4
cous__.292,Rohan,Pita Bread,PID005292,https://www.facebook.com/vukkarvibes,1397040301788551,Worth the price.,Positive,0.885,4
cous__.293,Swati,Sourdough Bread,PID005293,https://www.facebook.com/vukkarvibes,1397040301788552,Not satisfied.,Neutral,0.0,4
cous__.294,Aditya,Multigrain Cereal,PID005294,https://www.facebook.com/vukkarvibes,1397040301788553,Not satisfied.,Positive,0.885,1
cous__.295,Amit,Oatmeal,PID005295,https://www.facebook.com/vukkarvibes,1397040301788554,Fresh and tasty.,Negative,-0.674,2
cous__.296,Amit,Granola Bars,PID005296,https://www.facebook.com/vukkarvibes,1397040301788555,Bad packaging.,Neutral,0.0,1
cous__.297,Raju,Protein Bars,PID005297,https://www.facebook.com/vukkarvibes,1397040301788556,Loved the taste!,Positive,0.885,5
cous__.298,Rahul,Raisin Bran Cereal,PID005298,https://www.facebook.com/vukkarvibes,1397040301788557,Fresh and tasty.,Negative,-0.674,4
cous__.299,Raju,Frozen Vegetables,PID005299,https://www.facebook.com/vukkarvibes,1397040301788558,"Too spicy, not for me.",Positive,0.885,3
cous__.300,Raju,Frozen French Fries,PID005300,https://www.facebook.com/vukkarvibes,1397040301788559,Highly recommended!,Negative,-0.674,5
cous__.301,Rohan,Frozen Chicken Nuggets,PID005301,https://www.facebook.com/vukkarvibes,1397040301788560,Fresh and tasty.,Positive,0.885,2
cous__.302,Kiran,Frozen Fish Sticks,PID005302,https://www.facebook.com/vukkarvibes,1397040301788561,"Too spicy, not for me.",Negative,-0.674,3
cous__.303,Sita,Frozen Dumplings,PID005303,https://www.facebook.com/vukkarvibes,1397040301788562,Not satisfied.,Positive,0.885,3
cous__.304,Sneha,Frozen Spring Rolls,PID005304,https://www.facebook.com/vukkarvibes,1397040301788563,Fresh and tasty.,Neutral,0.0,1
cous__.305,Raju,Frozen Waffles,PID005305,https://www.facebook.com/vukkarvibes,1397040301788564,Fresh and tasty.,Neutral,0.0,5
cous__.306,Raju,Frozen Berries,PID005306,https://www.facebook.com/vukkarvibes,1397040301788565,"Not good, expected better.",Negative,-0.674,4
cous__.307,Varun,Tofu,PID005307,https://www.facebook.com/vukkarvibes,1397040301788566,Not satisfied.,Positive,0.885,1
cous__.308,Amit,Dried Fruits,PID005308,https://www.facebook.com/vukkarvibes,1397040301788567,Fresh and tasty.,Negative,-0.674,4
cous__.309,Priya,Canned Soup,PID005309,https://www.facebook.com/vukkarvibes,1397040301788568,Worth the price.,Neutral,0.0,3
cous__.310,Priya,Nut Mix,PID005310,https://www.facebook.com/vukkarvibes,1397040301788569,Loved the taste!,Positive,0.885,3
cous__.311,Kiran,Rice Cakes,PID005311,https://www.facebook.com/vukkarvibes,1397040301788570,Highly recommended!,Neutral,0.0,2
cous__.312,Divya,Pancake Mix,PID005312,https://www.facebook.com/vukkarvibes,1397040301788571,Fresh and tasty.,Neutral,0.0,5
cous__.313,Arjun,Potato Chips,PID005313,https://www.facebook.com/vukkarvibes,1397040301788572,Loved the taste!,Negative,-0.674,5
cous__.314,Mira,Corn Chips,PID005314,https://www.facebook.com/vukkarvibes,1397040301788573,"Too spicy, not for me.",Neutral,0.0,5
cous__.315,Sita,Tortilla Chips,PID005315,https://www.facebook.com/vukkarvibes,1397040301788574,Worth the price.,Negative,-0.674,5
cous__.316,Varun,Veggie Chips,PID005316,https://www.facebook.com/vukkarvibes,1397040301788575,Not satisfied.,Positive,0.885,3
cous__.317,Arjun,Pretzels,PID005317,https://www.facebook.com/vukkarvibes,1397040301788576,Average experience.,Positive,0.885,3
cous__.318,Sita,Popcorn,PID005318,https://www.facebook.com/vukkarvibes,1397040301788577,Fresh and tasty.,Positive,0.885,1
cous__.319,Aditya,Milk,PID005319,https://www.facebook.com/vukkarvibes,1397040301788578,Very delicious!,Neutral,0.0,4
cous__.320,Mira,Yogurt,PID005320,https://www.facebook.com/vukkarvibes,1397040301788579,Not satisfied.,Negative,-0.674,2
cous__.321,Aditya,Cheddar Cheese,PID005321,https://www.facebook.com/vukkarvibes,1397040301788580,Bad packaging.,Negative,-0.674,4
cous__.322,Suman,Mozzarella Cheese,PID005322,https://www.facebook.com/vukkarvibes,1397040301788581,Bad packaging.,Neutral,0.0,5
cous__.323,Priya,Greek Yogurt,PID005323,https://www.facebook.com/vukkarvibes,1397040301788582,Average experience.,Neutral,0.0,1
cous__.324,Rahul,Butter,PID005324,https://www.facebook.com/vukkarvibes,1397040301788583,Bad packaging.,Negative,-0.674,5
cous__.325,Sita,Cream Cheese,PID005325,https://www.facebook.com/vukkarvibes,1397040301788584,Average experience.,Negative,-0.674,5
cous__.326,Varun,Cottage Cheese,PID005326,https://www.facebook.com/vukkarvibes,1397040301788585,Worth the price.,Positive,0.885,2
cous__.327,Priya,Orange Juice,PID005327,https://www.facebook.com/vukkarvibes,1397040301788586,"Too spicy, not for me.",Neutral,0.0,4
cous__.328,Varun,Apple Juice,PID005328,https://www.facebook.com/vukkarvibes,1397040301788587,Fresh and tasty.,Negative,-0.674,2
cous__.329,Mira,Green Tea,PID005329,https://www.facebook.com/vukkarvibes,1397040301788588,Bad packaging.,Negative,-0.674,5
cous__.330,Varun,Coffee,PID005330,https://www.facebook.com/vukkarvibes,1397040301788589,"Too spicy, not for me.",Negative,-0.674,5
cous__.331,Priya,Soft Drink,PID005331,https://www.facebook.com/vukkarvibes,1397040301788590,Highly recommended!,Positive,0.885,1
cous__.332,Sneha,Black Tea,PID005332,https://www.facebook.com/vukkarvibes,1397040301788591,Loved the taste!,Neutral,0.0,5
cous__.333,Meera,Herbal Tea,PID005333,https://www.facebook.com/vukkarvibes,1397040301788592,"Too spicy, not for me.",Negative,-0.674,5
cous__.334,Swati,Sparkling Water,PID005334,https://www.facebook.com/vukkarvibes,1397040301788593,Fresh and tasty.,Neutral,0.0,4
cous__.335,Pooja,Ready-to-Eat Pasta,PID005335,https://www.facebook.com/vukkarvibes,1397040301788594,Not satisfied.,Positive,0.885,4
cous__.336,Aditya,Frozen Pizza,PID005336,https://www.facebook.com/vukkarvibes,1397040301788595,"Not good, expected better.",Neutral,0.0,1
cous__.337,Rohan,Frozen Burritos,PID005337,https://www.facebook.com/vukkarvibes,1397040301788596,Worth the price.,Positive,0.885,5
cous__.338,Raju,Frozen Lasagna,PID005338,https://www.facebook.com/vukkarvibes,1397040301788597,"Too spicy, not for me.",Neutral,0.0,2
cous__.339,Swati,Instant Noodles,PID005339,https://www.facebook.com/vukkarvibes,1397040301788598,Highly recommended!,Neutral,0.0,5
cous__.340,Suman,Whole Wheat Bread,PID005340,https://www.facebook.com/vukkarvibes,1397040301788599,Worth the price.,Positive,0.885,2
cous__.341,Divya,Bagels,PID005341,https://www.facebook.com/vukkarvibes,1397040301788600,Loved the taste!,Neutral,0.0,5
cous__.342,Sita,Croissants,PID005342,https://www.facebook.com/vukkarvibes,1397040301788601,Worth the price.,Negative,-0.674,3
cous__.343,Divya,English Muffins,PID005343,https://www.facebook.com/vukkarvibes,1397040301788602,"Not good, expected better.",Positive,0.885,4
cous__.344,Sita,Pita Bread,PID005344,https://www.facebook.com/vukkarvibes,1397040301788603,Fresh and tasty.,Positive,0.885,5
cous__.345,Aditya,Sourdough Bread,PID005345,https://www.facebook.com/vukkarvibes,1397040301788604,Fresh and tasty.,Neutral,0.0,2
cous__.346,Aditya,Multigrain Cereal,PID005346,https://www.facebook.com/vukkarvibes,1397040301788605,Loved the taste!,Negative,-0.674,5
cous__.347,Meera,Oatmeal,PID005347,https://www.facebook.com/vukkarvibes,1397040301788606,"Not good, expected better.",Positive,0.885,3
cous__.348,Rahul,Granola Bars,PID005348,https://www.facebook.com/vukkarvibes,1397040301788607,"Not good, expected better.",Positive,0.885,2
cous__.349,Varun,Protein Bars,PID005349,https://www.facebook.com/vukkarvibes,1397040301788608,Loved the taste!,Positive,0.885,2
cous__.350,Meera,Raisin Bran Cereal,PID005350,https://www.facebook.com/vukkarvibes,1397040301788609,Highly recommended!,Negative,-0.674,1
cous__.351,Kunal,Frozen Vegetables,PID005351,https://www.facebook.com/vukkarvibes,1397040301788610,Worth the price.,Negative,-0.674,1
cous__.352,Suman,Frozen French Fries,PID005352,https://www.facebook.com/vukkarvibes,1397040301788611,Average experience.,Positive,0.885,5
cous__.353,Kunal,Frozen Chicken Nuggets,PID005353,https://www.facebook.com/vukkarvibes,1397040301788612,Not satisfied.,Neutral,0.0,5
cous__.354,Kiran,Frozen Fish Sticks,PID005354,https://www.facebook.com/vukkarvibes,1397040301788613,Loved the taste!,Neutral,0.0,2
cous__.355,Aditya,Frozen Dumplings,PID005355,https://www.facebook.com/vukkarvibes,1397040301788614,Loved the taste!,Negative,-0.674,4
cous__.356,Arjun,Frozen Spring Rolls,PID005356,https://www.facebook.com/vukkarvibes,1397040301788615,Bad packaging.,Neutral,0.0,4
cous__.357,Mira,Frozen Waffles,PID005357,https://www.facebook.com/vukkarvibes,1397040301788616,Highly recommended!,Positive,0.885,3
cous__.358,Priya,Frozen Berries,PID005358,https://www.facebook.com/vukkarvibes,1397040301788617,Worth the price.,Negative,-0.674,2
cous__.359,Sita,Tofu,PID005359,https://www.facebook.com/vukkarvibes,1397040301788618,Fresh and tasty.,Neutral,0.0,4
cous__.360,Kunal,Dried Fruits,PID005360,https://www.facebook.com/vukkarvibes,1397040301788619,"Not good, expected better.",Neutral,0.0,5
cous__.361,Arjun,Canned Soup,PID005361,https://www.facebook.com/vukkarvibes,1397040301788620,"Too spicy, not for me.",Positive,0.885,4
cous__.362,Raju,Nut Mix,PID005362,https://www.facebook.com/vukkarvibes,1397040301788621,Not satisfied.,Positive,0.885,3
cous__.363,Kunal,Rice Cakes,PID005363,https://www.facebook.com/vukkarvibes,1397040301788622,Very delicious!,Negative,-0.674,2
cous__.364,Sneha,Pancake Mix,PID005364,https://www.facebook.com/vukkarvibes,1397040301788623,"Too spicy, not for me.",Neutral,0.0,3
cous__.365,Pooja,Potato Chips,PID005365,https://www.facebook.com/vukkarvibes,1397040301788624,Very delicious!,Neutral,0.0,5
cous__.366,Raju,Corn Chips,PID005366,https://www.facebook.com/vukkarvibes,1397040301788625,Fresh and tasty.,Positive,0.885,1
cous__.367,Priya,Tortilla Chips,PID005367,https://www.facebook.com/vukkarvibes,1397040301788626,Worth the price.,Positive,0.885,2
cous__.368,Swati,Veggie Chips,PID005368,https://www.facebook.com/vukkarvibes,1397040301788627,Fresh and tasty.,Positive,0.885,4
cous__.369,Priya,Pretzels,PID005369,https://www.facebook.com/vukkarvibes,1397040301788628,Average experience.,Negative,-0.674,5
cous__.370,Amit,Popcorn,PID005370,https://www.facebook.com/vukkarvibes,1397040301788629,"Too spicy, not for me.",Positive,0.885,3
cous__.371,Pooja,Milk,PID005371,https://www.facebook.com/vukkarvibes,1397040301788630,"Not good, expected better.",Positive,0.885,3
cous__.372,Sneha,Yogurt,PID005372,https://www.facebook.com/vukkarvibes,1397040301788631,Worth the price.,Neutral,0.0,4
cous__.373,Suman,Cheddar Cheese,PID005373,https://www.facebook.com/vukkarvibes,1397040301788632,Not satisfied.,Neutral,0.0,3
cous__.374,Pooja,Mozzarella Cheese,PID005374,https://www.facebook.com/vukkarvibes,1397040301788633,"Not good, expected better.",Negative,-0.674,1
cous__.375,Rohan,Greek Yogurt,PID005375,https://www.facebook.com/vukkarvibes,1397040301788634,Average experience.,Neutral,0.0,2
cous__.376,Kunal,Butter,PID005376,https://www.facebook.com/vukkarvibes,1397040301788635,Bad packaging.,Negative,-0.674,5
cous__.377,Divya,Cream Cheese,PID005377,https://www.facebook.com/vukkarvibes,1397040301788636,Not satisfied.,Neutral,0.0,4
cous__.378,Meera,Cottage Cheese,PID005378,https://www.facebook.com/vukkarvibes,1397040301788637,Highly recommended!,Negative,-0.674,2
cous__.379,Sita,Orange Juice,PID005379,https://www.facebook.com/vukkarvibes,1397040301788638,Very delicious!,Neutral,0.0,4
cous__.380,Meera,Apple Juice,PID005380,https://www.facebook.com/vukkarvibes,1397040301788639,Not satisfied.,Positive,0.885,2
cous__.381,Arjun,Green Tea,PID005381,https://www.facebook.com/vukkarvibes,1397040301788640,Highly recommended!,Positive,0.885,2
cous__.382,Swati,Coffee,PID005382,https://www.facebook.com/vukkarvibes,1397040301788641,Fresh and tasty.,Positive,0.885,4
cous__.383,Swati,Soft Drink,PID005383,https://www.facebook.com/vukkarvibes,1397040301788642,"Too spicy, not for me.",Neutral,0.0,5
cous__.384,Kunal,Black Tea,PID005384,https://www.facebook.com/vukkarvibes,1397040301788643,Very delicious!,Positive,0.885,5
cous__.385,Sneha,Herbal Tea,PID005385,https://www.facebook.com/vukkarvibes,1397040301788644,Average experience.,Positive,0.885,4
cous__.386,Kiran,Sparkling Water,PID005386,https://www.facebook.com/vukkarvibes,1397040301788645,Not satisfied.,Positive,0.885,5
cous__.387,Swati,Ready-to-Eat Pasta,PID005387,https://www.facebook.com/vukkarvibes,1397040301788646,Fresh and tasty.,Positive,0.885,2
cous__.388,Amit,Frozen Pizza,PID005388,https://www.facebook.com/vukkarvibes,1397040301788647,"Too spicy, not for me.",Positive,0.885,2
cous__.389,Raju,Frozen Burritos,PID005389,https://www.facebook.com/vukkarvibes,1397040301788648,Loved the taste!,Positive,0.885,2
cous__.390,Sita,Frozen Lasagna,PID005390,https://www.facebook.com/vukkarvibes,1397040301788649,Fresh and tasty.,Negative,-0.674,1
cous__.391,Rohan,Instant Noodles,PID005391,https://www.facebook.com/vukkarvibes,1397040301788650,Fresh and tasty.,Positive,0.885,2
cous__.392,Amit,Whole Wheat Bread,PID005392,https://www.facebook.com/vukkarvibes,1397040301788651,Worth the price.,Positive,0.885,2
cous__.393,Kiran,Bagels,PID005393,https://www.facebook.com/vukkarvibes,1397040301788652,Bad packaging.,Neutral,0.0,4
cous__.394,Varun,Croissants,PID005394,https://www.facebook.com/vukkarvibes,1397040301788653,"Not good, expected better.",Positive,0.885,1
cous__.395,Divya,English Muffins,PID005395,https://www.facebook.com/vukkarvibes,1397040301788654,Not satisfied.,Neutral,0.0,1
cous__.396,Aditya,Pita Bread,PID005396,https://www.facebook.com/vukkarvibes,1397040301788655,Loved the taste!,Neutral,0.0,1
cous__.397,Varun,Sourdough Bread,PID005397,https://www.facebook.com/vukkarvibes,1397040301788656,Not satisfied.,Negative,-0.674,2
cous__.398,Mira,Multigrain Cereal,PID005398,https://www.facebook.com/vukkarvibes,1397040301788657,Worth the price.,Negative,-0.674,2
cous__.399,Rohan,Oatmeal,PID005399,https://www.facebook.com/vukkarvibes,1397040301788658,Average experience.,Negative,-0.674,1
cous__.400,Divya,Granola Bars,PID005400,https://www.facebook.com/vukkarvibes,1397040301788659,Very delicious!,Neutral,0.0,5
cous__.401,Arjun,Protein Bars,PID005401,https://www.facebook.com/vukkarvibes,1397040301788660,Worth the price.,Negative,-0.674,3
cous__.402,Varun,Raisin Bran Cereal,PID005402,https://www.facebook.com/vukkarvibes,1397040301788661,"Not good, expected better.",Positive,0.885,1
cous__.403,Meera,Frozen Vegetables,PID005403,https://www.facebook.com/vukkarvibes,1397040301788662,"Too spicy, not for me.",Neutral,0.0,4
cous__.404,Sita,Frozen French Fries,PID005404,https://www.facebook.com/vukkarvibes,1397040301788663,Loved the taste!,Positive,0.885,5
cous__.405,Swati,Frozen Chicken Nuggets,PID005405,https://www.facebook.com/vukkarvibes,1397040301788664,Average experience.,Positive,0.885,1
cous__.406,Rohan,Frozen Fish Sticks,PID005406,https://www.facebook.com/vukkarvibes,1397040301788665,Worth the price.,Neutral,0.0,1
cous__.407,Kunal,Frozen Dumplings,PID005407,https://www.facebook.com/vukkarvibes,1397040301788666,Average experience.,Neutral,0.0,2
cous__.408,Kiran,Frozen Spring Rolls,PID005408,https://www.facebook.com/vukkarvibes,1397040301788667,Very delicious!,Negative,-0.674,4
cous__.409,Aditya,Frozen Waffles,PID005409,https://www.facebook.com/vukkarvibes,1397040301788668,Bad packaging.,Negative,-0.674,1
cous__.410,Aditya,Frozen Berries,PID005410,https://www.facebook.com/vukkarvibes,1397040301788669,"Not good, expected better.",Neutral,0.0,5
cous__.411,Rohan,Tofu,PID005411,https://www.facebook.com/vukkarvibes,1397040301788670,Fresh and tasty.,Positive,0.885,4
cous__.412,Kunal,Dried Fruits,PID005412,https://www.facebook.com/vukkarvibes,1397040301788671,"Too spicy, not for me.",Negative,-0.674,2
cous__.413,Kunal,Canned Soup,PID005413,https://www.facebook.com/vukkarvibes,1397040301788672,Worth the price.,Positive,0.885,1
cous__.414,Swati,Nut Mix,PID005414,https://www.facebook.com/vukkarvibes,1397040301788673,Worth the price.,Neutral,0.0,3
cous__.415,Swati,Rice Cakes,PID005415,https://www.facebook.com/vukkarvibes,1397040301788674,Very delicious!,Positive,0.885,3
cous__.416,Mira,Pancake Mix,PID005416,https://www.facebook.com/vukkarvibes,1397040301788675,"Too spicy, not for me.",Positive,0.885,3
cous__.417,Kiran,Potato Chips,PID005417,https://www.facebook.com/vukkarvibes,1397040301788676,Bad packaging.,Neutral,0.0,1
cous__.418,Kunal,Corn Chips,PID005418,https://www.facebook.com/vukkarvibes,1397040301788677,Average experience.,Neutral,0.0,3
cous__.419,Swati,Tortilla Chips,PID005419,https://www.facebook.com/vukkarvibes,1397040301788678,Highly recommended!,Positive,0.885,1
cous__.420,Meera,Veggie Chips,PID005420,https://www.facebook.com/vukkarvibes,1397040301788679,Very delicious!,Negative,-0.674,1
cous__.421,Varun,Pretzels,PID005421,https://www.facebook.com/vukkarvibes,1397040301788680,Bad packaging.,Negative,-0.674,2
cous__.422,Swati,Popcorn,PID005422,https://www.facebook.com/vukkarvibes,1397040301788681,Very delicious!,Positive,0.885,3
cous__.423,Priya,Milk,PID005423,https://www.facebook.com/vukkarvibes,1397040301788682,Highly recommended!,Neutral,0.0,1
cous__.424,Varun,Yogurt,PID005424,https://www.facebook.com/vukkarvibes,1397040301788683,Loved the taste!,Negative,-0.674,1
cous__.425,Sita,Cheddar Cheese,PID005425,https://www.facebook.com/vukkarvibes,1397040301788684,Bad packaging.,Negative,-0.674,3
cous__.426,Raju,Mozzarella Cheese,PID005426,https://www.facebook.com/vukkarvibes,1397040301788685,"Not good, expected better.",Negative,-0.674,3
cous__.427,Arjun,Greek Yogurt,PID005427,https://www.facebook.com/vukkarvibes,1397040301788686,Highly recommended!,Positive,0.885,5
cous__.428,Swati,Butter,PID005428,https://www.facebook.com/vukkarvibes,1397040301788687,"Not good, expected better.",Positive,0.885,3
cous__.429,Raju,Cream Cheese,PID005429,https://www.facebook.com/vukkarvibes,1397040301788688,Loved the taste!,Positive,0.885,2
cous__.430,Raju,Cottage Cheese,PID005430,https://www.facebook.com/vukkarvibes,1397040301788689,Average experience.,Negative,-0.674,2
cous__.431,Kunal,Orange Juice,PID005431,https://www.facebook.com/vukkarvibes,1397040301788690,Loved the taste!,Positive,0.885,5
cous__.432,Sneha,Apple Juice,PID005432,https://www.facebook.com/vukkarvibes,1397040301788691,Loved the taste!,Positive,0.885,3
cous__.433,Divya,Green Tea,PID005433,https://www.facebook.com/vukkarvibes,1397040301788692,Bad packaging.,Neutral,0.0,1
cous__.434,Kiran,Coffee,PID005434,https://www.facebook.com/vukkarvibes,1397040301788693,"Too spicy, not for me.",Positive,0.885,2
cous__.435,Aditya,Soft Drink,PID005435,https://www.facebook.com/vukkarvibes,1397040301788694,Bad packaging.,Negative,-0.674,2
cous__.436,Priya,Black Tea,PID005436,https://www.facebook.com/vukkarvibes,1397040301788695,Worth the price.,Positive,0.885,2
cous__.437,Kunal,Herbal Tea,PID005437,https://www.facebook.com/vukkarvibes,1397040301788696,Worth the price.,Neutral,0.0,4
cous__.438,Kiran,Sparkling Water,PID005438,https://www.facebook.com/vukkarvibes,1397040301788697,Highly recommended!,Negative,-0.674,4
cous__.439,Arjun,Ready-to-Eat Pasta,PID005439,https://www.facebook.com/vukkarvibes,1397040301788698,Average experience.,Positive,0.885,1
cous__.440,Mira,Frozen Pizza,PID005440,https://www.facebook.com/vukkarvibes,1397040301788699,Average experience.,Negative,-0.674,4
cous__.441,Aditya,Frozen Burritos,PID005441,https://www.facebook.com/vukkarvibes,1397040301788700,Fresh and tasty.,Positive,0.885,5
cous__.442,Amit,Frozen Lasagna,PID005442,https://www.facebook.com/vukkarvibes,1397040301788701,Fresh and tasty.,Positive,0.885,2
cous__.443,Kunal,Instant Noodles,PID005443,https://www.facebook.com/vukkarvibes,1397040301788702,Loved the taste!,Neutral,0.0,3
cous__.444,Pooja,Whole Wheat Bread,PID005444,https://www.facebook.com/vukkarvibes,1397040301788703,"Too spicy, not for me.",Positive,0.885,2
cous__.445,Arjun,Bagels,PID005445,https://www.facebook.com/vukkarvibes,1397040301788704,Very delicious!,Negative,-0.674,2
cous__.446,Varun,Croissants,PID005446,https://www.facebook.com/vukkarvibes,1397040301788705,Fresh and tasty.,Neutral,0.0,1
cous__.447,Rahul,English Muffins,PID005447,https://www.facebook.com/vukkarvibes,1397040301788706,Highly recommended!,Positive,0.885,2
cous__.448,Rohan,Pita Bread,PID005448,https://www.facebook.com/vukkarvibes,1397040301788707,Loved the taste!,Positive,0.885,2
cous__.449,Rohan,Sourdough Bread,PID005449,https://www.facebook.com/vukkarvibes,1397040301788708,Very delicious!,Positive,0.885,5
cous__.450,Mira,Multigrain Cereal,PID005450,https://www.facebook.com/vukkarvibes,1397040301788709,Bad packaging.,Neutral,0.0,5
cous__.451,Meera,Oatmeal,PID005451,https://www.facebook.com/vukkarvibes,1397040301788710,Worth the price.,Positive,0.885,1
cous__.452,Sneha,Granola Bars,PID005452,https://www.facebook.com/vukkarvibes,1397040301788711,Worth the price.,Positive,0.885,2
cous__.453,Arjun,Protein Bars,PID005453,https://www.facebook.com/vukkarvibes,1397040301788712,Bad packaging.,Positive,0.885,1
cous__.454,Suman,Raisin Bran Cereal,PID005454,https://www.facebook.com/vukkarvibes,1397040301788713,Loved the taste!,Positive,0.885,3
cous__.455,Sita,Frozen Vegetables,PID005455,https://www.facebook.com/vukkarvibes,1397040301788714,Not satisfied.,Neutral,0.0,4
cous__.456,Meera,Frozen French Fries,PID005456,https://www.facebook.com/vukkarvibes,1397040301788715,"Not good, expected better.",Positive,0.885,4
cous__.457,Meera,Frozen Chicken Nuggets,PID005457,https://www.facebook.com/vukkarvibes,1397040301788716,Very delicious!,Positive,0.885,4
cous__.458,Suman,Frozen Fish Sticks,PID005458,https://www.facebook.com/vukkarvibes,1397040301788717,Not satisfied.,Neutral,0.0,5
cous__.459,Priya,Frozen Dumplings,PID005459,https://www.facebook.com/vukkarvibes,1397040301788718,Average experience.,Negative,-0.674,2
cous__.460,Raju,Frozen Spring Rolls,PID005460,https://www.facebook.com/vukkarvibes,1397040301788719,"Not good, expected better.",Negative,-0.674,3
cous__.461,Suman,Frozen Waffles,PID005461,https://www.facebook.com/vukkarvibes,1397040301788720,Worth the price.,Negative,-0.674,2
cous__.462,Amit,Frozen Berries,PID005462,https://www.facebook.com/vukkarvibes,1397040301788721,"Too spicy, not for me.",Neutral,0.0,2
cous__.463,Rohan,Tofu,PID005463,https://www.facebook.com/vukkarvibes,1397040301788722,Bad packaging.,Positive,0.885,4
cous__.464,Sita,Dried Fruits,PID005464,https://www.facebook.com/vukkarvibes,1397040301788723,Fresh and tasty.,Positive,0.885,3
cous__.465,Divya,Canned Soup,PID005465,https://www.facebook.com/vukkarvibes,1397040301788724,Fresh and tasty.,Positive,0.885,3
cous__.466,Amit,Nut Mix,PID005466,https://www.facebook.com/vukkarvibes,1397040301788725,Average experience.,Positive,0.885,5
cous__.467,Arjun,Rice Cakes,PID005467,https://www.facebook.com/vukkarvibes,1397040301788726,"Too spicy, not for me.",Negative,-0.674,4
cous__.468,Rohan,Pancake Mix,PID005468,https://www.facebook.com/vukkarvibes,1397040301788727,Bad packaging.,Negative,-0.674,2
cous__.469,Suman,Potato Chips,PID005469,https://www.facebook.com/vukkarvibes,1397040301788728,Highly recommended!,Neutral,0.0,5
cous__.470,Priya,Corn Chips,PID005470,https://www.facebook.com/vukkarvibes,1397040301788729,Very delicious!,Negative,-0.674,5
cous__.471,Kunal,Tortilla Chips,PID005471,https://www.facebook.com/vukkarvibes,1397040301788730,Worth the price.,Neutral,0.0,2
cous__.472,Swati,Veggie Chips,PID005472,https://www.facebook.com/vukkarvibes,1397040301788731,Loved the taste!,Neutral,0.0,2
cous__.473,Arjun,Pretzels,PID005473,https://www.facebook.com/vukkarvibes,1397040301788732,Average experience.,Negative,-0.674,2
cous__.474,Priya,Popcorn,PID005474,https://www.facebook.com/vukkarvibes,1397040301788733,Average experience.,Negative,-0.674,2
cous__.475,Amit,Milk,PID005475,https://www.facebook.com/vukkarvibes,1397040301788734,Fresh and tasty.,Positive,0.885,1
cous__.476,Rohan,Yogurt,PID005476,https://www.facebook.com/vukkarvibes,1397040301788735,Highly recommended!,Positive,0.885,2
cous__.477,Aditya,Cheddar Cheese,PID005477,https://www.facebook.com/vukkarvibes,1397040301788736,"Not good, expected better.",Negative,-0.674,1
cous__.478,Priya,Mozzarella Cheese,PID005478,https://www.facebook.com/vukkarvibes,1397040301788737,Highly recommended!,Positive,0.885,3
cous__.479,Swati,Greek Yogurt,PID005479,https://www.facebook.com/vukkarvibes,1397040301788738,Loved the taste!,Neutral,0.0,5
cous__.480,Mira,Butter,PID005480,https://www.facebook.com/vukkarvibes,1397040301788739,Not satisfied.,Negative,-0.674,4
cous__.481,Sita,Cream Cheese,PID005481,https://www.facebook.com/vukkarvibes,1397040301788740,Fresh and tasty.,Positive,0.885,3
cous__.482,Arjun,Cottage Cheese,PID005482,https://www.facebook.com/vukkarvibes,1397040301788741,"Not good, expected better.",Positive,0.885,1
cous__.483,Raju,Orange Juice,PID005483,https://www.facebook.com/vukkarvibes,1397040301788742,Highly recommended!,Negative,-0.674,5
cous__.484,Sneha,Apple Juice,PID005484,https://www.facebook.com/vukkarvibes,1397040301788743,Worth the price.,Negative,-0.674,5
cous__.485,Divya,Green Tea,PID005485,https://www.facebook.com/vukkarvibes,1397040301788744,Bad packaging.,Positive,0.885,2
cous__.486,Pooja,Coffee,PID005486,https://www.facebook.com/vukkarvibes,1397040301788745,Highly recommended!,Negative,-0.674,2
cous__.487,Amit,Soft Drink,PID005487,https://www.facebook.com/vukkarvibes,1397040301788746,Average experience.,Negative,-0.674,2
cous__.488,Divya,Black Tea,PID005488,https://www.facebook.com/vukkarvibes,1397040301788747,Very delicious!,Neutral,0.0,2
cous__.489,Rahul,Herbal Tea,PID005489,https://www.facebook.com/vukkarvibes,1397040301788748,Not satisfied.,Positive,0.885,4
cous__.490,Arjun,Sparkling Water,PID005490,https://www.facebook.com/vukkarvibes,1397040301788749,Not satisfied.,Neutral,0.0,2
cous__.491,Aditya,Ready-to-Eat Pasta,PID005491,https://www.facebook.com/vukkarvibes,1397040301788750,Bad packaging.,Positive,0.885,4
cous__.492,Mira,Frozen Pizza,PID005492,https://www.facebook.com/vukkarvibes,1397040301788751,Fresh and tasty.,Neutral,0.0,5
cous__.493,Varun,Frozen Burritos,PID005493,https://www.facebook.com/vukkarvibes,1397040301788752,Highly recommended!,Negative,-0.674,2
cous__.494,Kiran,Frozen Lasagna,PID005494,https://www.facebook.com/vukkarvibes,1397040301788753,Bad packaging.,Negative,-0.674,3
cous__.495,Arjun,Instant Noodles,PID005495,https://www.facebook.com/vukkarvibes,1397040301788754,Fresh and tasty.,Neutral,0.0,3
cous__.496,Varun,Whole Wheat Bread,PID005496,https://www.facebook.com/vukkarvibes,1397040301788755,Not satisfied.,Negative,-0.674,1
cous__.497,Suman,Bagels,PID005497,https://www.facebook.com/vukkarvibes,1397040301788756,Worth the price.,Neutral,0.0,2
cous__.498,Swati,Croissants,PID005498,https://www.facebook.com/vukkarvibes,1397040301788757,"Not good, expected better.",Negative,-0.674,1
cous__.499,Arjun,English Muffins,PID005499,https://www.facebook.com/vukkarvibes,1397040301788758,Very delicious!,Neutral,0.0,4
cous__.500,Aditya,Pita Bread,PID005500,https://www.facebook.com/vukkarvibes,1397040301788759,Very delicious!,Positive,0.885,3
cous__.501,Arjun,Sourdough Bread,PID005501,https://www.facebook.com/vukkarvibes,1397040301788760,Fresh and tasty.,Negative,-0.674,2
cous__.502,Varun,Multigrain Cereal,PID005502,https://www.facebook.com/vukkarvibes,1397040301788761,Average experience.,Negative,-0.674,5
cous__.503,Kiran,Oatmeal,PID005503,https://www.facebook.com/vukkarvibes,1397040301788762,Very delicious!,Negative,-0.674,5
cous__.504,Varun,Granola Bars,PID005504,https://www.facebook.com/vukkarvibes,1397040301788763,Highly recommended!,Negative,-0.674,4
cous__.505,Priya,Protein Bars,PID005505,https://www.facebook.com/vukkarvibes,1397040301788764,Bad packaging.,Neutral,0.0,1
cous__.506,Varun,Raisin Bran Cereal,PID005506,https://www.facebook.com/vukkarvibes,1397040301788765,Bad packaging.,Positive,0.885,2
cous__.507,Kunal,Frozen Vegetables,PID005507,https://www.facebook.com/vukkarvibes,1397040301788766,Fresh and tasty.,Neutral,0.0,4
cous__.508,Aditya,Frozen French Fries,PID005508,https://www.facebook.com/vukkarvibes,1397040301788767,Average experience.,Negative,-0.674,1
cous__.509,Swati,Frozen Chicken Nuggets,PID005509,https://www.facebook.com/vukkarvibes,1397040301788768,Loved the taste!,Positive,0.885,4
cous__.510,Kiran,Frozen Fish Sticks,PID005510,https://www.facebook.com/vukkarvibes,1397040301788769,Very delicious!,Positive,0.885,1
cous__.511,Kunal,Frozen Dumplings,PID005511,https://www.facebook.com/vukkarvibes,1397040301788770,Highly recommended!,Positive,0.885,1
cous__.512,Amit,Frozen Spring Rolls,PID005512,https://www.facebook.com/vukkarvibes,1397040301788771,Loved the taste!,Negative,-0.674,5
cous__.513,Raju,Frozen Waffles,PID005513,https://www.facebook.com/vukkarvibes,1397040301788772,Fresh and tasty.,Positive,0.885,3
cous__.514,Meera,Frozen Berries,PID005514,https://www.facebook.com/vukkarvibes,1397040301788773,Loved the taste!,Neutral,0.0,3
cous__.515,Amit,Tofu,PID005515,https://www.facebook.com/vukkarvibes,1397040301788774,Loved the taste!,Negative,-0.674,5
cous__.516,Arjun,Dried Fruits,PID005516,https://www.facebook.com/vukkarvibes,1397040301788775,Fresh and tasty.,Negative,-0.674,4
cous__.517,Sneha,Canned Soup,PID005517,https://www.facebook.com/vukkarvibes,1397040301788776,Highly recommended!,Negative,-0.674,3
cous__.518,Varun,Nut Mix,PID005518,https://www.facebook.com/vukkarvibes,1397040301788777,Not satisfied.,Positive,0.885,5
cous__.519,Priya,Rice Cakes,PID005519,https://www.facebook.com/vukkarvibes,1397040301788778,Bad packaging.,Positive,0.885,5
cous__.520,Arjun,Pancake Mix,PID005520,https://www.facebook.com/vukkarvibes,1397040301788779,"Not good, expected better.",Positive,0.885,3
cous__.521,Pooja,Potato Chips,PID005521,https://www.facebook.com/vukkarvibes,1397040301788780,Average experience.,Neutral,0.0,3
cous__.522,Rohan,Corn Chips,PID005522,https://www.facebook.com/vukkarvibes,1397040301788781,Loved the taste!,Neutral,0.0,3
cous__.523,Pooja,Tortilla Chips,PID005523,https://www.facebook.com/vukkarvibes,1397040301788782,"Not good, expected better.",Neutral,0.0,3
cous__.524,Rahul,Veggie Chips,PID005524,https://www.facebook.com/vukkarvibes,1397040301788783,Bad packaging.,Positive,0.885,4
cous__.525,Rohan,Pretzels,PID005525,https://www.facebook.com/vukkarvibes,1397040301788784,Worth the price.,Negative,-0.674,5
cous__.526,Arjun,Popcorn,PID005526,https://www.facebook.com/vukkarvibes,1397040301788785,Average experience.,Positive,0.885,4
cous__.527,Arjun,Milk,PID005527,https://www.facebook.com/vukkarvibes,1397040301788786,"Too spicy, not for me.",Negative,-0.674,4
cous__.528,Mira,Yogurt,PID005528,https://www.facebook.com/vukkarvibes,1397040301788787,Not satisfied.,Positive,0.885,3
cous__.529,Suman,Cheddar Cheese,PID005529,https://www.facebook.com/vukkarvibes,1397040301788788,Highly recommended!,Neutral,0.0,1
cous__.530,Kunal,Mozzarella Cheese,PID005530,https://www.facebook.com/vukkarvibes,1397040301788789,Worth the price.,Negative,-0.674,5
cous__.531,Divya,Greek Yogurt,PID005531,https://www.facebook.com/vukkarvibes,1397040301788790,Highly recommended!,Positive,0.885,3
cous__.532,Mira,Butter,PID005532,https://www.facebook.com/vukkarvibes,1397040301788791,"Not good, expected better.",Neutral,0.0,4
cous__.533,Divya,Cream Cheese,PID005533,https://www.facebook.com/vukkarvibes,1397040301788792,"Too spicy, not for me.",Negative,-0.674,1
cous__.534,Swati,Cottage Cheese,PID005534,https://www.facebook.com/vukkarvibes,1397040301788793,Bad packaging.,Negative,-0.674,2
cous__.535,Kunal,Orange Juice,PID005535,https://www.facebook.com/vukkarvibes,1397040301788794,Fresh and tasty.,Neutral,0.0,1
cous__.536,Kiran,Apple Juice,PID005536,https://www.facebook.com/vukkarvibes,1397040301788795,Worth the price.,Positive,0.885,2
cous__.537,Suman,Green Tea,PID005537,https://www.facebook.com/vukkarvibes,1397040301788796,Average experience.,Positive,0.885,1
cous__.538,Aditya,Coffee,PID005538,https://www.facebook.com/vukkarvibes,1397040301788797,Bad packaging.,Positive,0.885,4
cous__.539,Rohan,Soft Drink,PID005539,https://www.facebook.com/vukkarvibes,1397040301788798,"Too spicy, not for me.",Positive,0.885,5
cous__.540,Arjun,Black Tea,PID005540,https://www.facebook.com/vukkarvibes,1397040301788799,Loved the taste!,Neutral,0.0,1
cous__.541,Priya,Herbal Tea,PID005541,https://www.facebook.com/vukkarvibes,1397040301788800,Not satisfied.,Positive,0.885,3
cous__.542,Kunal,Sparkling Water,PID005542,https://www.facebook.com/vukkarvibes,1397040301788801,Worth the price.,Neutral,0.0,2
cous__.543,Priya,Ready-to-Eat Pasta,PID005543,https://www.facebook.com/vukkarvibes,1397040301788802,Fresh and tasty.,Neutral,0.0,5
cous__.544,Raju,Frozen Pizza,PID005544,https://www.facebook.com/vukkarvibes,1397040301788803,"Not good, expected better.",Neutral,0.0,5
cous__.545,Sneha,Frozen Burritos,PID005545,https://www.facebook.com/vukkarvibes,1397040301788804,"Not good, expected better.",Neutral,0.0,3
cous__.546,Sneha,Frozen Lasagna,PID005546,https://www.facebook.com/vukkarvibes,1397040301788805,Fresh and tasty.,Negative,-0.674,1
cous__.547,Suman,Instant Noodles,PID005547,https://www.facebook.com/vukkarvibes,1397040301788806,Fresh and tasty.,Negative,-0.674,2
cous__.548,Suman,Whole Wheat Bread,PID005548,https://www.facebook.com/vukkarvibes,1397040301788807,Bad packaging.,Negative,-0.674,4
cous__.549,Arjun,Bagels,PID005549,https://www.facebook.com/vukkarvibes,1397040301788808,Fresh and tasty.,Negative,-0.674,2
cous__.550,Raju,Croissants,PID005550,https://www.facebook.com/vukkarvibes,1397040301788809,Not satisfied.,Positive,0.885,2
cous__.551,Priya,English Muffins,PID005551,https://www.facebook.com/vukkarvibes,1397040301788810,Bad packaging.,Positive,0.885,4
cous__.552,Amit,Pita Bread,PID005552,https://www.facebook.com/vukkarvibes,1397040301788811,Highly recommended!,Negative,-0.674,4
cous__.553,Amit,Sourdough Bread,PID005553,https://www.facebook.com/vukkarvibes,1397040301788812,Not satisfied.,Neutral,0.0,5
cous__.554,Amit,Multigrain Cereal,PID005554,https://www.facebook.com/vukkarvibes,1397040301788813,Worth the price.,Neutral,0.0,1
cous__.555,Kunal,Oatmeal,PID005555,https://www.facebook.com/vukkarvibes,1397040301788814,Average experience.,Positive,0.885,2
cous__.556,Sneha,Granola Bars,PID005556,https://www.facebook.com/vukkarvibes,1397040301788815,Fresh and tasty.,Neutral,0.0,1
cous__.557,Sita,Protein Bars,PID005557,https://www.facebook.com/vukkarvibes,1397040301788816,Loved the taste!,Positive,0.885,4
cous__.558,Swati,Raisin Bran Cereal,PID005558,https://www.facebook.com/vukkarvibes,1397040301788817,"Not good, expected better.",Negative,-0.674,4
cous__.559,Kunal,Frozen Vegetables,PID005559,https://www.facebook.com/vukkarvibes,1397040301788818,Fresh and tasty.,Neutral,0.0,4
cous__.560,Arjun,Frozen French Fries,PID005560,https://www.facebook.com/vukkarvibes,1397040301788819,Loved the taste!,Neutral,0.0,3
cous__.561,Rahul,Frozen Chicken Nuggets,PID005561,https://www.facebook.com/vukkarvibes,1397040301788820,Not satisfied.,Positive,0.885,1
cous__.562,Aditya,Frozen Fish Sticks,PID005562,https://www.facebook.com/vukkarvibes,1397040301788821,Bad packaging.,Positive,0.885,4
cous__.563,Raju,Frozen Dumplings,PID005563,https://www.facebook.com/vukkarvibes,1397040301788822,Highly recommended!,Positive,0.885,1
cous__.564,Priya,Frozen Spring Rolls,PID005564,https://www.facebook.com/vukkarvibes,1397040301788823,Bad packaging.,Positive,0.885,2
cous__.565,Amit,Frozen Waffles,PID005565,https://www.facebook.com/vukkarvibes,1397040301788824,Very delicious!,Neutral,0.0,4
cous__.566,Suman,Frozen Berries,PID005566,https://www.facebook.com/vukkarvibes,1397040301788825,Bad packaging.,Negative,-0.674,5
cous__.567,Pooja,Tofu,PID005567,https://www.facebook.com/vukkarvibes,1397040301788826,Fresh and tasty.,Negative,-0.674,4
cous__.568,Amit,Dried Fruits,PID005568,https://www.facebook.com/vukkarvibes,1397040301788827,Loved the taste!,Positive,0.885,4
cous__.569,Aditya,Canned Soup,PID005569,https://www.facebook.com/vukkarvibes,1397040301788828,Average experience.,Negative,-0.674,1
cous__.570,Divya,Nut Mix,PID005570,https://www.facebook.com/vukkarvibes,1397040301788829,Not satisfied.,Neutral,0.0,3
cous__.571,Arjun,Rice Cakes,PID005571,https://www.facebook.com/vukkarvibes,1397040301788830,Very delicious!,Neutral,0.0,3
cous__.572,Raju,Pancake Mix,PID005572,https://www.facebook.com/vukkarvibes,1397040301788831,Bad packaging.,Negative,-0.674,4
cous__.573,Varun,Potato Chips,PID005573,https://www.facebook.com/vukkarvibes,1397040301788832,Very delicious!,Neutral,0.0,3
cous__.574,Sita,Corn Chips,PID005574,https://www.facebook.com/vukkarvibes,1397040301788833,Highly recommended!,Neutral,0.0,5
cous__.575,Aditya,Tortilla Chips,PID005575,https://www.facebook.com/vukkarvibes,1397040301788834,Loved the taste!,Negative,-0.674,3
cous__.576,Sneha,Veggie Chips,PID005576,https://www.facebook.com/vukkarvibes,1397040301788835,"Too spicy, not for me.",Positive,0.885,1
cous__.577,Sita,Pretzels,PID005577,https://www.facebook.com/vukkarvibes,1397040301788836,Loved the taste!,Negative,-0.674,5
cous__.578,Rohan,Popcorn,PID005578,https://www.facebook.com/vukkarvibes,1397040301788837,Not satisfied.,Positive,0.885,4
cous__.579,Kiran,Milk,PID005579,https://www.facebook.com/vukkarvibes,1397040301788838,"Too spicy, not for me.",Neutral,0.0,4
cous__.580,Kunal,Yogurt,PID005580,https://www.facebook.com/vukkarvibes,1397040301788839,Highly recommended!,Neutral,0.0,2
cous__.581,Mira,Cheddar Cheese,PID005581,https://www.facebook.com/vukkarvibes,1397040301788840,Highly recommended!,Positive,0.885,5
cous__.582,Meera,Mozzarella Cheese,PID005582,https://www.facebook.com/vukkarvibes,1397040301788841,Very delicious!,Negative,-0.674,3
cous__.583,Suman,Greek Yogurt,PID005583,https://www.facebook.com/vukkarvibes,1397040301788842,Fresh and tasty.,Neutral,0.0,4
cous__.584,Rohan,Butter,PID005584,https://www.facebook.com/vukkarvibes,1397040301788843,Fresh and tasty.,Positive,0.885,1
cous__.585,Priya,Cream Cheese,PID005585,https://www.facebook.com/vukkarvibes,1397040301788844,Worth the price.,Positive,0.885,5
cous__.586,Rohan,Cottage Cheese,PID005586,https://www.facebook.com/vukkarvibes,1397040301788845,Worth the price.,Negative,-0.674,3
cous__.587,Sneha,Orange Juice,PID005587,https://www.facebook.com/vukkarvibes,1397040301788846,Fresh and tasty.,Positive,0.885,3
cous__.588,Aditya,Apple Juice,PID005588,https://www.facebook.com/vukkarvibes,1397040301788847,Worth the price.,Positive,0.885,2
cous__.589,Kiran,Green Tea,PID005589,https://www.facebook.com/vukkarvibes,1397040301788848,Fresh and tasty.,Neutral,0.0,3
cous__.590,Divya,Coffee,PID005590,https://www.facebook.com/vukkarvibes,1397040301788849,Fresh and tasty.,Negative,-0.674,1
cous__.591,Swati,Soft Drink,PID005591,https://www.facebook.com/vukkarvibes,1397040301788850,Worth the price.,Neutral,0.0,3
cous__.592,Sita,Black Tea,PID005592,https://www.facebook.com/vukkarvibes,1397040301788851,Fresh and tasty.,Negative,-0.674,1
cous__.593,Sita,Herbal Tea,PID005593,https://www.facebook.com/vukkarvibes,1397040301788852,"Too spicy, not for me.",Neutral,0.0,2
cous__.594,Swati,Sparkling Water,PID005594,https://www.facebook.com/vukkarvibes,1397040301788853,Highly recommended!,Positive,0.885,1
cous__.595,Sita,Ready-to-Eat Pasta,PID005595,https://www.facebook.com/vukkarvibes,1397040301788854,"Too spicy, not for me.",Positive,0.885,5
cous__.596,Kiran,Frozen Pizza,PID005596,https://www.facebook.com/vukkarvibes,1397040301788855,Worth the price.,Neutral,0.0,4
cous__.597,Amit,Frozen Burritos,PID005597,https://www.facebook.com/vukkarvibes,1397040301788856,Average experience.,Positive,0.885,5
cous__.598,Rohan,Frozen Lasagna,PID005598,https://www.facebook.com/vukkarvibes,1397040301788857,Very delicious!,Neutral,0.0,2
cous__.599,Amit,Instant Noodles,PID005599,https://www.facebook.com/vukkarvibes,1397040301788858,Bad packaging.,Negative,-0.674,3
cous__.600,Meera,Whole Wheat Bread,PID005600,https://www.facebook.com/vukkarvibes,1397040301788859,Very delicious!,Neutral,0.0,4
cous__.601,Raju,Bagels,PID005601,https://www.facebook.com/vukkarvibes,1397040301788860,Average experience.,Neutral,0.0,4
cous__.602,Sneha,Croissants,PID005602,https://www.facebook.com/vukkarvibes,1397040301788861,Fresh and tasty.,Positive,0.885,3
cous__.603,Sneha,English Muffins,PID005603,https://www.facebook.com/vukkarvibes,1397040301788862,Fresh and tasty.,Neutral,0.0,5
cous__.604,Raju,Pita Bread,PID005604,https://www.facebook.com/vukkarvibes,1397040301788863,Worth the price.,Positive,0.885,5
cous__.605,Arjun,Sourdough Bread,PID005605,https://www.facebook.com/vukkarvibes,1397040301788864,Fresh and tasty.,Positive,0.885,4
cous__.606,Sita,Multigrain Cereal,PID005606,https://www.facebook.com/vukkarvibes,1397040301788865,Loved the taste!,Positive,0.885,1
cous__.607,Suman,Oatmeal,PID005607,https://www.facebook.com/vukkarvibes,1397040301788866,Worth the price.,Negative,-0.674,4
cous__.608,Aditya,Granola Bars,PID005608,https://www.facebook.com/vukkarvibes,1397040301788867,"Not good, expected better.",Neutral,0.0,1
cous__.609,Divya,Protein Bars,PID005609,https://www.facebook.com/vukkarvibes,1397040301788868,Not satisfied.,Neutral,0.0,3
cous__.610,Kiran,Raisin Bran Cereal,PID005610,https://www.facebook.com/vukkarvibes,1397040301788869,"Too spicy, not for me.",Positive,0.885,3
cous__.611,Suman,Frozen Vegetables,PID005611,https://www.facebook.com/vukkarvibes,1397040301788870,Highly recommended!,Negative,-0.674,1
cous__.612,Suman,Frozen French Fries,PID005612,https://www.facebook.com/vukkarvibes,1397040301788871,Fresh and tasty.,Neutral,0.0,3
cous__.613,Arjun,Frozen Chicken Nuggets,PID005613,https://www.facebook.com/vukkarvibes,1397040301788872,Very delicious!,Positive,0.885,1
cous__.614,Meera,Frozen Fish Sticks,PID005614,https://www.facebook.com/vukkarvibes,1397040301788873,Highly recommended!,Negative,-0.674,1
cous__.615,Sneha,Frozen Dumplings,PID005615,https://www.facebook.com/vukkarvibes,1397040301788874,Very delicious!,Positive,0.885,3
cous__.616,Kunal,Frozen Spring Rolls,PID005616,https://www.facebook.com/vukkarvibes,1397040301788875,Very delicious!,Negative,-0.674,4
cous__.617,Suman,Frozen Waffles,PID005617,https://www.facebook.com/vukkarvibes,1397040301788876,"Too spicy, not for me.",Neutral,0.0,5
cous__.618,Suman,Frozen Berries,PID005618,https://www.facebook.com/vukkarvibes,1397040301788877,Worth the price.,Positive,0.885,1
cous__.619,Priya,Tofu,PID005619,https://www.facebook.com/vukkarvibes,1397040301788878,"Too spicy, not for me.",Positive,0.885,3
cous__.620,Rahul,Dried Fruits,PID005620,https://www.facebook.com/vukkarvibes,1397040301788879,Worth the price.,Positive,0.885,2
cous__.621,Rohan,Canned Soup,PID005621,https://www.facebook.com/vukkarvibes,1397040301788880,"Too spicy, not for me.",Positive,0.885,5
cous__.622,Rahul,Nut Mix,PID005622,https://www.facebook.com/vukkarvibes,1397040301788881,Not satisfied.,Neutral,0.0,2
cous__.623,Kunal,Rice Cakes,PID005623,https://www.facebook.com/vukkarvibes,1397040301788882,Fresh and tasty.,Neutral,0.0,4
cous__.624,Aditya,Pancake Mix,PID005624,https://www.facebook.com/vukkarvibes,1397040301788883,Bad packaging.,Negative,-0.674,2
cous__.625,Rohan,Potato Chips,PID005625,https://www.facebook.com/vukkarvibes,1397040301788884,Worth the price.,Neutral,0.0,4
cous__.626,Arjun,Corn Chips,PID005626,https://www.facebook.com/vukkarvibes,1397040301788885,"Not good, expected better.",Positive,0.885,2
cous__.627,Pooja,Tortilla Chips,PID005627,https://www.facebook.com/vukkarvibes,1397040301788886,Fresh and tasty.,Negative,-0.674,2
cous__.628,Mira,Veggie Chips,PID005628,https://www.facebook.com/vukkarvibes,1397040301788887,Worth the price.,Positive,0.885,4
cous__.629,Suman,Pretzels,PID005629,https://www.facebook.com/vukkarvibes,1397040301788888,Fresh and tasty.,Positive,0.885,1
cous__.630,Kiran,Popcorn,PID005630,https://www.facebook.com/vukkarvibes,1397040301788889,Loved the taste!,Positive,0.885,3
cous__.631,Varun,Milk,PID005631,https://www.facebook.com/vukkarvibes,1397040301788890,Bad packaging.,Positive,0.885,1
cous__.632,Rohan,Yogurt,PID005632,https://www.facebook.com/vukkarvibes,1397040301788891,"Too spicy, not for me.",Negative,-0.674,3
cous__.633,Rohan,Cheddar Cheese,PID005633,https://www.facebook.com/vukkarvibes,1397040301788892,"Not good, expected better.",Positive,0.885,4
cous__.634,Varun,Mozzarella Cheese,PID005634,https://www.facebook.com/vukkarvibes,1397040301788893,Fresh and tasty.,Negative,-0.674,3
cous__.635,Suman,Greek Yogurt,PID005635,https://www.facebook.com/vukkarvibes,1397040301788894,Average experience.,Negative,-0.674,1
cous__.636,Sita,Butter,PID005636,https://www.facebook.com/vukkarvibes,1397040301788895,"Too spicy, not for me.",Positive,0.885,2
cous__.637,Pooja,Cream Cheese,PID005637,https://www.facebook.com/vukkarvibes,1397040301788896,Bad packaging.,Positive,0.885,1
cous__.638,Amit,Cottage Cheese,PID005638,https://www.facebook.com/vukkarvibes,1397040301788897,Not satisfied.,Negative,-0.674,3
cous__.639,Meera,Orange Juice,PID005639,https://www.facebook.com/vukkarvibes,1397040301788898,Loved the taste!,Positive,0.885,1
cous__.640,Varun,Apple Juice,PID005640,https://www.facebook.com/vukkarvibes,1397040301788899,Highly recommended!,Negative,-0.674,1
cous__.641,Arjun,Green Tea,PID005641,https://www.facebook.com/vukkarvibes,1397040301788900,Worth the price.,Neutral,0.0,4
cous__.642,Priya,Coffee,PID005642,https://www.facebook.com/vukkarvibes,1397040301788901,Loved the taste!,Positive,0.885,2
cous__.643,Rahul,Soft Drink,PID005643,https://www.facebook.com/vukkarvibes,1397040301788902,Loved the taste!,Positive,0.885,2
cous__.644,Sneha,Black Tea,PID005644,https://www.facebook.com/vukkarvibes,1397040301788903,"Too spicy, not for me.",Neutral,0.0,4
cous__.645,Amit,Herbal Tea,PID005645,https://www.facebook.com/vukkarvibes,1397040301788904,Bad packaging.,Neutral,0.0,5
cous__.646,Raju,Sparkling Water,PID005646,https://www.facebook.com/vukkarvibes,1397040301788905,Very delicious!,Negative,-0.674,1
cous__.647,Kiran,Ready-to-Eat Pasta,PID005647,https://www.facebook.com/vukkarvibes,1397040301788906,Not satisfied.,Neutral,0.0,4
cous__.648,Rohan,Frozen Pizza,PID005648,https://www.facebook.com/vukkarvibes,1397040301788907,Fresh and tasty.,Negative,-0.674,5
cous__.649,Meera,Frozen Burritos,PID005649,https://www.facebook.com/vukkarvibes,1397040301788908,Very delicious!,Positive,0.885,2
cous__.650,Sneha,Frozen Lasagna,PID005650,https://www.facebook.com/vukkarvibes,1397040301788909,Average experience.,Negative,-0.674,4
cous__.651,Sneha,Instant Noodles,PID005651,https://www.facebook.com/vukkarvibes,1397040301788910,"Not good, expected better.",Neutral,0.0,2
cous__.652,Amit,Whole Wheat Bread,PID005652,https://www.facebook.com/vukkarvibes,1397040301788911,Loved the taste!,Neutral,0.0,5
cous__.653,Amit,Bagels,PID005653,https://www.facebook.com/vukkarvibes,1397040301788912,Highly recommended!,Neutral,0.0,4
cous__.654,Divya,Croissants,PID005654,https://www.facebook.com/vukkarvibes,1397040301788913,Average experience.,Positive,0.885,2
cous__.655,Kiran,English Muffins,PID005655,https://www.facebook.com/vukkarvibes,1397040301788914,Bad packaging.,Negative,-0.674,3
cous__.656,Amit,Pita Bread,PID005656,https://www.facebook.com/vukkarvibes,1397040301788915,Bad packaging.,Negative,-0.674,5
cous__.657,Meera,Sourdough Bread,PID005657,https://www.facebook.com/vukkarvibes,1397040301788916,Very delicious!,Negative,-0.674,2
cous__.658,Pooja,Multigrain Cereal,PID005658,https://www.facebook.com/vukkarvibes,1397040301788917,Highly recommended!,Positive,0.885,2
cous__.659,Amit,Oatmeal,PID005659,https://www.facebook.com/vukkarvibes,1397040301788918,Not satisfied.,Negative,-0.674,2
cous__.660,Sita,Granola Bars,PID005660,https://www.facebook.com/vukkarvibes,1397040301788919,Bad packaging.,Positive,0.885,1
cous__.661,Arjun,Protein Bars,PID005661,https://www.facebook.com/vukkarvibes,1397040301788920,Highly recommended!,Positive,0.885,5
cous__.662,Varun,Raisin Bran Cereal,PID005662,https://www.facebook.com/vukkarvibes,1397040301788921,"Not good, expected better.",Negative,-0.674,2
cous__.663,Pooja,Frozen Vegetables,PID005663,https://www.facebook.com/vukkarvibes,1397040301788922,Bad packaging.,Negative,-0.674,1
cous__.664,Raju,Frozen French Fries,PID005664,https://www.facebook.com/vukkarvibes,1397040301788923,Average experience.,Positive,0.885,2
cous__.665,Raju,Frozen Chicken Nuggets,PID005665,https://www.facebook.com/vukkarvibes,1397040301788924,"Too spicy, not for me.",Neutral,0.0,4
cous__.666,Raju,Frozen Fish Sticks,PID005666,https://www.facebook.com/vukkarvibes,1397040301788925,"Not good, expected better.",Neutral,0.0,2
cous__.667,Amit,Frozen Dumplings,PID005667,https://www.facebook.com/vukkarvibes,1397040301788926,"Too spicy, not for me.",Negative,-0.674,3
cous__.668,Rohan,Frozen Spring Rolls,PID005668,https://www.facebook.com/vukkarvibes,1397040301788927,"Too spicy, not for me.",Positive,0.885,1
cous__.669,Swati,Frozen Waffles,PID005669,https://www.facebook.com/vukkarvibes,1397040301788928,Bad packaging.,Negative,-0.674,1
cous__.670,Arjun,Frozen Berries,PID005670,https://www.facebook.com/vukkarvibes,1397040301788929,Loved the taste!,Positive,0.885,3
cous__.671,Kunal,Tofu,PID005671,https://www.facebook.com/vukkarvibes,1397040301788930,Worth the price.,Positive,0.885,2
cous__.672,Suman,Dried Fruits,PID005672,https://www.facebook.com/vukkarvibes,1397040301788931,Fresh and tasty.,Neutral,0.0,3
cous__.673,Kiran,Canned Soup,PID005673,https://www.facebook.com/vukkarvibes,1397040301788932,Fresh and tasty.,Positive,0.885,5
cous__.674,Kiran,Nut Mix,PID005674,https://www.facebook.com/vukkarvibes,1397040301788933,Not satisfied.,Neutral,0.0,1
cous__.675,Kiran,Rice Cakes,PID005675,https://www.facebook.com/vukkarvibes,1397040301788934,"Too spicy, not for me.",Positive,0.885,4
cous__.676,Suman,Pancake Mix,PID005676,https://www.facebook.com/vukkarvibes,1397040301788935,"Not good, expected better.",Neutral,0.0,3
cous__.677,Rahul,Potato Chips,PID005677,https://www.facebook.com/vukkarvibes,1397040301788936,Average experience.,Neutral,0.0,5
cous__.678,Kunal,Corn Chips,PID005678,https://www.facebook.com/vukkarvibes,1397040301788937,Not satisfied.,Positive,0.885,5
cous__.679,Amit,Tortilla Chips,PID005679,https://www.facebook.com/vukkarvibes,1397040301788938,"Too spicy, not for me.",Negative,-0.674,4
cous__.680,Amit,Veggie Chips,PID005680,https://www.facebook.com/vukkarvibes,1397040301788939,"Not good, expected better.",Negative,-0.674,1
cous__.681,Mira,Pretzels,PID005681,https://www.facebook.com/vukkarvibes,1397040301788940,Highly recommended!,Neutral,0.0,1
cous__.682,Rohan,Popcorn,PID005682,https://www.facebook.com/vukkarvibes,1397040301788941,"Not good, expected better.",Negative,-0.674,4
cous__.683,Amit,Milk,PID005683,https://www.facebook.com/vukkarvibes,1397040301788942,Fresh and tasty.,Neutral,0.0,3
cous__.684,Rahul,Yogurt,PID005684,https://www.facebook.com/vukkarvibes,1397040301788943,Worth the price.,Positive,0.885,1
cous__.685,Priya,Cheddar Cheese,PID005685,https://www.facebook.com/vukkarvibes,1397040301788944,"Not good, expected better.",Neutral,0.0,5
cous__.686,Sneha,Mozzarella Cheese,PID005686,https://www.facebook.com/vukkarvibes,1397040301788945,Worth the price.,Positive,0.885,4
cous__.687,Rahul,Greek Yogurt,PID005687,https://www.facebook.com/vukkarvibes,1397040301788946,Worth the price.,Neutral,0.0,5
cous__.688,Priya,Butter,PID005688,https://www.facebook.com/vukkarvibes,1397040301788947,Average experience.,Positive,0.885,2
cous__.689,Arjun,Cream Cheese,PID005689,https://www.facebook.com/vukkarvibes,1397040301788948,Worth the price.,Positive,0.885,5
cous__.690,Swati,Cottage Cheese,PID005690,https://www.facebook.com/vukkarvibes,1397040301788949,Highly recommended!,Negative,-0.674,5
cous__.691,Kunal,Orange Juice,PID005691,https://www.facebook.com/vukkarvibes,1397040301788950,Worth the price.,Positive,0.885,4
cous__.692,Rahul,Apple Juice,PID005692,https://www.facebook.com/vukkarvibes,1397040301788951,Loved the taste!,Neutral,0.0,4
cous__.693,Aditya,Green Tea,PID005693,https://www.facebook.com/vukkarvibes,1397040301788952,Fresh and tasty.,Positive,0.885,5
cous__.694,Pooja,Coffee,PID005694,https://www.facebook.com/vukkarvibes,1397040301788953,Worth the price.,Neutral,0.0,4
cous__.695,Arjun,Soft Drink,PID005695,https://www.facebook.com/vukkarvibes,1397040301788954,Loved the taste!,Neutral,0.0,1
cous__.696,Kiran,Black Tea,PID005696,https://www.facebook.com/vukkarvibes,1397040301788955,Fresh and tasty.,Neutral,0.0,3
cous__.697,Sita,Herbal Tea,PID005697,https://www.facebook.com/vukkarvibes,1397040301788956,Bad packaging.,Neutral,0.0,4
cous__.698,Swati,Sparkling Water,PID005698,https://www.facebook.com/vukkarvibes,1397040301788957,"Not good, expected better.",Neutral,0.0,5
cous__.699,Meera,Ready-to-Eat Pasta,PID005699,https://www.facebook.com/vukkarvibes,1397040301788958,Average experience.,Positive,0.885,3
cous__.700,Swati,Frozen Pizza,PID005700,https://www.facebook.com/vukkarvibes,1397040301788959,Bad packaging.,Neutral,0.0,1
cous__.701,Pooja,Frozen Burritos,PID005701,https://www.facebook.com/vukkarvibes,1397040301788960,Not satisfied.,Positive,0.885,3
cous__.702,Pooja,Frozen Lasagna,PID005702,https://www.facebook.com/vukkarvibes,1397040301788961,Bad packaging.,Negative,-0.674,5
cous__.703,Pooja,Instant Noodles,PID005703,https://www.facebook.com/vukkarvibes,1397040301788962,Fresh and tasty.,Positive,0.885,1
cous__.704,Raju,Whole Wheat Bread,PID005704,https://www.facebook.com/vukkarvibes,1397040301788963,Very delicious!,Negative,-0.674,5
cous__.705,Aditya,Bagels,PID005705,https://www.facebook.com/vukkarvibes,1397040301788964,Fresh and tasty.,Negative,-0.674,3
cous__.706,Meera,Croissants,PID005706,https://www.facebook.com/vukkarvibes,1397040301788965,Fresh and tasty.,Negative,-0.674,2
cous__.707,Meera,English Muffins,PID005707,https://www.facebook.com/vukkarvibes,1397040301788966,Worth the price.,Neutral,0.0,4
cous__.708,Amit,Pita Bread,PID005708,https://www.facebook.com/vukkarvibes,1397040301788967,Loved the taste!,Neutral,0.0,5
cous__.709,Swati,Sourdough Bread,PID005709,https://www.facebook.com/vukkarvibes,1397040301788968,Very delicious!,Positive,0.885,3
cous__.710,Priya,Multigrain Cereal,PID005710,https://www.facebook.com/vukkarvibes,1397040301788969,Very delicious!,Negative,-0.674,5
cous__.711,Mira,Oatmeal,PID005711,https://www.facebook.com/vukkarvibes,1397040301788970,"Too spicy, not for me.",Positive,0.885,2
cous__.712,Divya,Granola Bars,PID005712,https://www.facebook.com/vukkarvibes,1397040301788971,Loved the taste!,Neutral,0.0,4
cous__.713,Sneha,Protein Bars,PID005713,https://www.facebook.com/vukkarvibes,1397040301788972,Highly recommended!,Positive,0.885,4
cous__.714,Priya,Raisin Bran Cereal,PID005714,https://www.facebook.com/vukkarvibes,1397040301788973,Very delicious!,Positive,0.885,5
cous__.715,Meera,Frozen Vegetables,PID005715,https://www.facebook.com/vukkarvibes,1397040301788974,Worth the price.,Neutral,0.0,2
cous__.716,Kunal,Frozen French Fries,PID005716,https://www.facebook.com/vukkarvibes,1397040301788975,Worth the price.,Positive,0.885,2
cous__.717,Mira,Frozen Chicken Nuggets,PID005717,https://www.facebook.com/vukkarvibes,1397040301788976,Average experience.,Neutral,0.0,1
cous__.718,Raju,Frozen Fish Sticks,PID005718,https://www.facebook.com/vukkarvibes,1397040301788977,Very delicious!,Negative,-0.674,3
cous__.719,Raju,Frozen Dumplings,PID005719,https://www.facebook.com/vukkarvibes,1397040301788978,Average experience.,Negative,-0.674,4
cous__.720,Priya,Frozen Spring Rolls,PID005720,https://www.facebook.com/vukkarvibes,1397040301788979,Average experience.,Positive,0.885,3
cous__.721,Amit,Frozen Waffles,PID005721,https://www.facebook.com/vukkarvibes,1397040301788980,Not satisfied.,Positive,0.885,4
cous__.722,Rahul,Frozen Berries,PID005722,https://www.facebook.com/vukkarvibes,1397040301788981,Average experience.,Positive,0.885,3
cous__.723,Priya,Tofu,PID005723,https://www.facebook.com/vukkarvibes,1397040301788982,Very delicious!,Negative,-0.674,5
cous__.724,Aditya,Dried Fruits,PID005724,https://www.facebook.com/vukkarvibes,1397040301788983,"Not good, expected better.",Neutral,0.0,1
cous__.725,Raju,Canned Soup,PID005725,https://www.facebook.com/vukkarvibes,1397040301788984,"Not good, expected better.",Neutral,0.0,1
cous__.726,Rohan,Nut Mix,PID005726,https://www.facebook.com/vukkarvibes,1397040301788985,Average experience.,Neutral,0.0,1
cous__.727,Aditya,Rice Cakes,PID005727,https://www.facebook.com/vukkarvibes,1397040301788986,Not satisfied.,Negative,-0.674,5
cous__.728,Mira,Pancake Mix,PID005728,https://www.facebook.com/vukkarvibes,1397040301788987,Highly recommended!,Neutral,0.0,4
cous__.729,Kiran,Potato Chips,PID005729,https://www.facebook.com/vukkarvibes,1397040301788988,Average experience.,Neutral,0.0,1
cous__.730,Divya,Corn Chips,PID005730,https://www.facebook.com/vukkarvibes,1397040301788989,Very delicious!,Negative,-0.674,5
cous__.731,Amit,Tortilla Chips,PID005731,https://www.facebook.com/vukkarvibes,1397040301788990,Worth the price.,Positive,0.885,3
cous__.732,Varun,Veggie Chips,PID005732,https://www.facebook.com/vukkarvibes,1397040301788991,Fresh and tasty.,Positive,0.885,4
cous__.733,Raju,Pretzels,PID005733,https://www.facebook.com/vukkarvibes,1397040301788992,Worth the price.,Positive,0.885,1
cous__.734,Divya,Popcorn,PID005734,https://www.facebook.com/vukkarvibes,1397040301788993,"Too spicy, not for me.",Negative,-0.674,1
cous__.735,Amit,Milk,PID005735,https://www.facebook.com/vukkarvibes,1397040301788994,Worth the price.,Negative,-0.674,1
cous__.736,Rahul,Yogurt,PID005736,https://www.facebook.com/vukkarvibes,1397040301788995,Loved the taste!,Positive,0.885,2
cous__.737,Rahul,Cheddar Cheese,PID005737,https://www.facebook.com/vukkarvibes,1397040301788996,Worth the price.,Negative,-0.674,1
cous__.738,Varun,Mozzarella Cheese,PID005738,https://www.facebook.com/vukkarvibes,1397040301788997,"Not good, expected better.",Positive,0.885,5
cous__.739,Raju,Greek Yogurt,PID005739,https://www.facebook.com/vukkarvibes,1397040301788998,Average experience.,Negative,-0.674,3
cous__.740,Amit,Butter,PID005740,https://www.facebook.com/vukkarvibes,1397040301788999,Worth the price.,Neutral,0.0,4
cous__.741,Suman,Cream Cheese,PID005741,https://www.facebook.com/vukkarvibes,1397040301789000,Highly recommended!,Neutral,0.0,5
cous__.742,Varun,Cottage Cheese,PID005742,https://www.facebook.com/vukkarvibes,1397040301789001,Highly recommended!,Neutral,0.0,3
cous__.743,Priya,Orange Juice,PID005743,https://www.facebook.com/vukkarvibes,1397040301789002,Average experience.,Neutral,0.0,1
cous__.744,Varun,Apple Juice,PID005744,https://www.facebook.com/vukkarvibes,1397040301789003,Average experience.,Positive,0.885,5
cous__.745,Kunal,Green Tea,PID005745,https://www.facebook.com/vukkarvibes,1397040301789004,Very delicious!,Negative,-0.674,3
cous__.746,Kunal,Coffee,PID005746,https://www.facebook.com/vukkarvibes,1397040301789005,Fresh and tasty.,Neutral,0.0,2
cous__.747,Varun,Soft Drink,PID005747,https://www.facebook.com/vukkarvibes,1397040301789006,Worth the price.,Negative,-0.674,2
cous__.748,Priya,Black Tea,PID005748,https://www.facebook.com/vukkarvibes,1397040301789007,"Not good, expected better.",Positive,0.885,3
cous__.749,Sneha,Herbal Tea,PID005749,https://www.facebook.com/vukkarvibes,1397040301789008,Loved the taste!,Negative,-0.674,2
cous__.750,Rohan,Sparkling Water,PID005750,https://www.facebook.com/vukkarvibes,1397040301789009,Not satisfied.,Negative,-0.674,3
cous__.751,Swati,Ready-to-Eat Pasta,PID005751,https://www.facebook.com/vukkarvibes,1397040301789010,Very delicious!,Negative,-0.674,3
cous__.752,Varun,Frozen Pizza,PID005752,https://www.facebook.com/vukkarvibes,1397040301789011,Worth the price.,Negative,-0.674,3
cous__.753,Varun,Frozen Burritos,PID005753,https://www.facebook.com/vukkarvibes,1397040301789012,Very delicious!,Positive,0.885,2
cous__.754,Mira,Frozen Lasagna,PID005754,https://www.facebook.com/vukkarvibes,1397040301789013,"Too spicy, not for me.",Neutral,0.0,2
cous__.755,Sita,Instant Noodles,PID005755,https://www.facebook.com/vukkarvibes,1397040301789014,"Not good, expected better.",Neutral,0.0,1
cous__.756,Kiran,Whole Wheat Bread,PID005756,https://www.facebook.com/vukkarvibes,1397040301789015,Bad packaging.,Negative,-0.674,5
cous__.757,Sita,Bagels,PID005757,https://www.facebook.com/vukkarvibes,1397040301789016,"Not good, expected better.",Neutral,0.0,5
cous__.758,Sneha,Croissants,PID005758,https://www.facebook.com/vukkarvibes,1397040301789017,Bad packaging.,Neutral,0.0,4
cous__.759,Kunal,English Muffins,PID005759,https://www.facebook.com/vukkarvibes,1397040301789018,Loved the taste!,Negative,-0.674,4
cous__.760,Divya,Pita Bread,PID005760,https://www.facebook.com/vukkarvibes,1397040301789019,Fresh and tasty.,Positive,0.885,3
cous__.761,Priya,Sourdough Bread,PID005761,https://www.facebook.com/vukkarvibes,1397040301789020,Bad packaging.,Positive,0.885,3
cous__.762,Swati,Multigrain Cereal,PID005762,https://www.facebook.com/vukkarvibes,1397040301789021,Bad packaging.,Neutral,0.0,3
cous__.763,Sneha,Oatmeal,PID005763,https://www.facebook.com/vukkarvibes,1397040301789022,Fresh and tasty.,Neutral,0.0,5
cous__.764,Mira,Granola Bars,PID005764,https://www.facebook.com/vukkarvibes,1397040301789023,Loved the taste!,Neutral,0.0,5
cous__.765,Raju,Protein Bars,PID005765,https://www.facebook.com/vukkarvibes,1397040301789024,Not satisfied.,Positive,0.885,4
cous__.766,Divya,Raisin Bran Cereal,PID005766,https://www.facebook.com/vukkarvibes,1397040301789025,Average experience.,Negative,-0.674,2
cous__.767,Suman,Frozen Vegetables,PID005767,https://www.facebook.com/vukkarvibes,1397040301789026,Not satisfied.,Negative,-0.674,4
cous__.768,Mira,Frozen French Fries,PID005768,https://www.facebook.com/vukkarvibes,1397040301789027,Highly recommended!,Positive,0.885,2
cous__.769,Divya,Frozen Chicken Nuggets,PID005769,https://www.facebook.com/vukkarvibes,1397040301789028,Bad packaging.,Negative,-0.674,3
cous__.770,Sita,Frozen Fish Sticks,PID005770,https://www.facebook.com/vukkarvibes,1397040301789029,Highly recommended!,Negative,-0.674,1
cous__.771,Kunal,Frozen Dumplings,PID005771,https://www.facebook.com/vukkarvibes,1397040301789030,Bad packaging.,Positive,0.885,4
cous__.772,Rahul,Frozen Spring Rolls,PID005772,https://www.facebook.com/vukkarvibes,1397040301789031,Loved the taste!,Neutral,0.0,5
cous__.773,Amit,Frozen Waffles,PID005773,https://www.facebook.com/vukkarvibes,1397040301789032,Worth the price.,Neutral,0.0,5
cous__.774,Suman,Frozen Berries,PID005774,https://www.facebook.com/vukkarvibes,1397040301789033,"Not good, expected better.",Neutral,0.0,3
cous__.775,Arjun,Tofu,PID005775,https://www.facebook.com/vukkarvibes,1397040301789034,Average experience.,Neutral,0.0,3
cous__.776,Mira,Dried Fruits,PID005776,https://www.facebook.com/vukkarvibes,1397040301789035,Loved the taste!,Neutral,0.0,2
cous__.777,Priya,Canned Soup,PID005777,https://www.facebook.com/vukkarvibes,1397040301789036,Highly recommended!,Negative,-0.674,1
cous__.778,Varun,Nut Mix,PID005778,https://www.facebook.com/vukkarvibes,1397040301789037,Loved the taste!,Neutral,0.0,4
cous__.779,Aditya,Rice Cakes,PID005779,https://www.facebook.com/vukkarvibes,1397040301789038,Very delicious!,Neutral,0.0,4
cous__.780,Priya,Pancake Mix,PID005780,https://www.facebook.com/vukkarvibes,1397040301789039,Bad packaging.,Neutral,0.0,4
cous__.781,Meera,Potato Chips,PID005781,https://www.facebook.com/vukkarvibes,1397040301789040,Bad packaging.,Negative,-0.674,2
cous__.782,Priya,Corn Chips,PID005782,https://www.facebook.com/vukkarvibes,1397040301789041,Fresh and tasty.,Negative,-0.674,5
cous__.783,Sita,Tortilla Chips,PID005783,https://www.facebook.com/vukkarvibes,1397040301789042,Bad packaging.,Negative,-0.674,1
cous__.784,Amit,Veggie Chips,PID005784,https://www.facebook.com/vukkarvibes,1397040301789043,"Not good, expected better.",Positive,0.885,5
cous__.785,Divya,Pretzels,PID005785,https://www.facebook.com/vukkarvibes,1397040301789044,Very delicious!,Positive,0.885,1
cous__.786,Arjun,Popcorn,PID005786,https://www.facebook.com/vukkarvibes,1397040301789045,Bad packaging.,Neutral,0.0,1
cous__.787,Varun,Milk,PID005787,https://www.facebook.com/vukkarvibes,1397040301789046,"Too spicy, not for me.",Positive,0.885,5
cous__.788,Kunal,Yogurt,PID005788,https://www.facebook.com/vukkarvibes,1397040301789047,"Too spicy, not for me.",Positive,0.885,3
cous__.789,Rohan,Cheddar Cheese,PID005789,https://www.facebook.com/vukkarvibes,1397040301789048,Average experience.,Positive,0.885,2
cous__.790,Pooja,Mozzarella Cheese,PID005790,https://www.facebook.com/vukkarvibes,1397040301789049,"Too spicy, not for me.",Neutral,0.0,2
cous__.791,Sita,Greek Yogurt,PID005791,https://www.facebook.com/vukkarvibes,1397040301789050,Not satisfied.,Neutral,0.0,1
cous__.792,Kunal,Butter,PID005792,https://www.facebook.com/vukkarvibes,1397040301789051,Very delicious!,Positive,0.885,4
cous__.793,Mira,Cream Cheese,PID005793,https://www.facebook.com/vukkarvibes,1397040301789052,"Not good, expected better.",Positive,0.885,4
cous__.794,Pooja,Cottage Cheese,PID005794,https://www.facebook.com/vukkarvibes,1397040301789053,Average experience.,Positive,0.885,2
cous__.795,Kiran,Orange Juice,PID005795,https://www.facebook.com/vukkarvibes,1397040301789054,Average experience.,Positive,0.885,4
cous__.796,Swati,Apple Juice,PID005796,https://www.facebook.com/vukkarvibes,1397040301789055,"Too spicy, not for me.",Neutral,0.0,1
cous__.797,Aditya,Green Tea,PID005797,https://www.facebook.com/vukkarvibes,1397040301789056,Loved the taste!,Neutral,0.0,4
cous__.798,Varun,Coffee,PID005798,https://www.facebook.com/vukkarvibes,1397040301789057,Highly recommended!,Neutral,0.0,5
cous__.799,Raju,Soft Drink,PID005799,https://www.facebook.com/vukkarvibes,1397040301789058,Fresh and tasty.,Neutral,0.0,4
cous__.800,Sita,Black Tea,PID005800,https://www.facebook.com/vukkarvibes,1397040301789059,Fresh and tasty.,Neutral,0.0,1
cous__.801,Sita,Herbal Tea,PID005801,https://www.facebook.com/vukkarvibes,1397040301789060,"Not good, expected better.",Neutral,0.0,4
cous__.802,Priya,Sparkling Water,PID005802,https://www.facebook.com/vukkarvibes,1397040301789061,Not satisfied.,Positive,0.885,4
cous__.803,Rohan,Ready-to-Eat Pasta,PID005803,https://www.facebook.com/vukkarvibes,1397040301789062,Highly recommended!,Positive,0.885,4
cous__.804,Raju,Frozen Pizza,PID005804,https://www.facebook.com/vukkarvibes,1397040301789063,Not satisfied.,Positive,0.885,3
cous__.805,Mira,Frozen Burritos,PID005805,https://www.facebook.com/vukkarvibes,1397040301789064,Worth the price.,Neutral,0.0,4
cous__.806,Kiran,Frozen Lasagna,PID005806,https://www.facebook.com/vukkarvibes,1397040301789065,Fresh and tasty.,Positive,0.885,5
cous__.807,Rohan,Instant Noodles,PID005807,https://www.facebook.com/vukkarvibes,1397040301789066,"Not good, expected better.",Neutral,0.0,1
cous__.808,Sneha,Whole Wheat Bread,PID005808,https://www.facebook.com/vukkarvibes,1397040301789067,Bad packaging.,Neutral,0.0,4
cous__.809,Arjun,Bagels,PID005809,https://www.facebook.com/vukkarvibes,1397040301789068,Loved the taste!,Positive,0.885,3
cous__.810,Swati,Croissants,PID005810,https://www.facebook.com/vukkarvibes,1397040301789069,Not satisfied.,Neutral,0.0,4
cous__.811,Suman,English Muffins,PID005811,https://www.facebook.com/vukkarvibes,1397040301789070,Not satisfied.,Neutral,0.0,4
cous__.812,Suman,Pita Bread,PID005812,https://www.facebook.com/vukkarvibes,1397040301789071,Not satisfied.,Neutral,0.0,1
cous__.813,Rohan,Sourdough Bread,PID005813,https://www.facebook.com/vukkarvibes,1397040301789072,Not satisfied.,Positive,0.885,1
cous__.814,Mira,Multigrain Cereal,PID005814,https://www.facebook.com/vukkarvibes,1397040301789073,"Not good, expected better.",Neutral,0.0,5
cous__.815,Amit,Oatmeal,PID005815,https://www.facebook.com/vukkarvibes,1397040301789074,Fresh and tasty.,Positive,0.885,4
cous__.816,Kiran,Granola Bars,PID005816,https://www.facebook.com/vukkarvibes,1397040301789075,Bad packaging.,Neutral,0.0,4
cous__.817,Aditya,Protein Bars,PID005817,https://www.facebook.com/vukkarvibes,1397040301789076,Worth the price.,Neutral,0.0,1
cous__.818,Aditya,Raisin Bran Cereal,PID005818,https://www.facebook.com/vukkarvibes,1397040301789077,Loved the taste!,Positive,0.885,2
cous__.819,Sita,Frozen Vegetables,PID005819,https://www.facebook.com/vukkarvibes,1397040301789078,Worth the price.,Negative,-0.674,5
cous__.820,Sita,Frozen French Fries,PID005820,https://www.facebook.com/vukkarvibes,1397040301789079,Highly recommended!,Positive,0.885,3
cous__.821,Mira,Frozen Chicken Nuggets,PID005821,https://www.facebook.com/vukkarvibes,1397040301789080,Very delicious!,Positive,0.885,5
cous__.822,Sneha,Frozen Fish Sticks,PID005822,https://www.facebook.com/vukkarvibes,1397040301789081,Bad packaging.,Negative,-0.674,2
cous__.823,Raju,Frozen Dumplings,PID005823,https://www.facebook.com/vukkarvibes,1397040301789082,"Not good, expected better.",Positive,0.885,1
cous__.824,Suman,Frozen Spring Rolls,PID005824,https://www.facebook.com/vukkarvibes,1397040301789083,Loved the taste!,Negative,-0.674,2
cous__.825,Kunal,Frozen Waffles,PID005825,https://www.facebook.com/vukkarvibes,1397040301789084,Highly recommended!,Negative,-0.674,5
cous__.826,Raju,Frozen Berries,PID005826,https://www.facebook.com/vukkarvibes,1397040301789085,Loved the taste!,Neutral,0.0,3
cous__.827,Sneha,Tofu,PID005827,https://www.facebook.com/vukkarvibes,1397040301789086,Fresh and tasty.,Negative,-0.674,4
cous__.828,Pooja,Dried Fruits,PID005828,https://www.facebook.com/vukkarvibes,1397040301789087,Fresh and tasty.,Positive,0.885,4
cous__.829,Kunal,Canned Soup,PID005829,https://www.facebook.com/vukkarvibes,1397040301789088,Highly recommended!,Negative,-0.674,2
cous__.830,Mira,Nut Mix,PID005830,https://www.facebook.com/vukkarvibes,1397040301789089,Loved the taste!,Negative,-0.674,5
cous__.831,Mira,Rice Cakes,PID005831,https://www.facebook.com/vukkarvibes,1397040301789090,Fresh and tasty.,Positive,0.885,1
cous__.832,Priya,Pancake Mix,PID005832,https://www.facebook.com/vukkarvibes,1397040301789091,Not satisfied.,Neutral,0.0,3
cous__.833,Kunal,Potato Chips,PID005833,https://www.facebook.com/vukkarvibes,1397040301789092,Not satisfied.,Positive,0.885,3
cous__.834,Sneha,Corn Chips,PID005834,https://www.facebook.com/vukkarvibes,1397040301789093,Fresh and tasty.,Neutral,0.0,1
cous__.835,Rohan,Tortilla Chips,PID005835,https://www.facebook.com/vukkarvibes,1397040301789094,"Too spicy, not for me.",Negative,-0.674,5
cous__.836,Rohan,Veggie Chips,PID005836,https://www.facebook.com/vukkarvibes,1397040301789095,Fresh and tasty.,Negative,-0.674,3
cous__.837,Divya,Pretzels,PID005837,https://www.facebook.com/vukkarvibes,1397040301789096,"Not good, expected better.",Neutral,0.0,1
cous__.838,Arjun,Popcorn,PID005838,https://www.facebook.com/vukkarvibes,1397040301789097,Worth the price.,Positive,0.885,2
cous__.839,Sita,Milk,PID005839,https://www.facebook.com/vukkarvibes,1397040301789098,"Too spicy, not for me.",Negative,-0.674,1
cous__.840,Rohan,Yogurt,PID005840,https://www.facebook.com/vukkarvibes,1397040301789099,Average experience.,Neutral,0.0,4
cous__.841,Rohan,Cheddar Cheese,PID005841,https://www.facebook.com/vukkarvibes,1397040301789100,"Not good, expected better.",Positive,0.885,5
cous__.842,Sita,Mozzarella Cheese,PID005842,https://www.facebook.com/vukkarvibes,1397040301789101,"Too spicy, not for me.",Negative,-0.674,2
cous__.843,Kunal,Greek Yogurt,PID005843,https://www.facebook.com/vukkarvibes,1397040301789102,Highly recommended!,Neutral,0.0,5
cous__.844,Aditya,Butter,PID005844,https://www.facebook.com/vukkarvibes,1397040301789103,Very delicious!,Negative,-0.674,4
cous__.845,Sneha,Cream Cheese,PID005845,https://www.facebook.com/vukkarvibes,1397040301789104,Average experience.,Negative,-0.674,1
cous__.846,Priya,Cottage Cheese,PID005846,https://www.facebook.com/vukkarvibes,1397040301789105,Not satisfied.,Positive,0.885,3
cous__.847,Arjun,Orange Juice,PID005847,https://www.facebook.com/vukkarvibes,1397040301789106,Highly recommended!,Neutral,0.0,5
cous__.848,Sita,Apple Juice,PID005848,https://www.facebook.com/vukkarvibes,1397040301789107,"Not good, expected better.",Negative,-0.674,2
cous__.849,Rohan,Green Tea,PID005849,https://www.facebook.com/vukkarvibes,1397040301789108,Very delicious!,Neutral,0.0,4
cous__.850,Aditya,Coffee,PID005850,https://www.facebook.com/vukkarvibes,1397040301789109,Loved the taste!,Positive,0.885,3
cous__.851,Divya,Soft Drink,PID005851,https://www.facebook.com/vukkarvibes,1397040301789110,"Not good, expected better.",Negative,-0.674,2
cous__.852,Sita,Black Tea,PID005852,https://www.facebook.com/vukkarvibes,1397040301789111,Worth the price.,Negative,-0.674,3
cous__.853,Pooja,Herbal Tea,PID005853,https://www.facebook.com/vukkarvibes,1397040301789112,Loved the taste!,Negative,-0.674,4
cous__.854,Meera,Sparkling Water,PID005854,https://www.facebook.com/vukkarvibes,1397040301789113,Bad packaging.,Neutral,0.0,4
cous__.855,Rahul,Ready-to-Eat Pasta,PID005855,https://www.facebook.com/vukkarvibes,1397040301789114,"Not good, expected better.",Positive,0.885,5
cous__.856,Rohan,Frozen Pizza,PID005856,https://www.facebook.com/vukkarvibes,1397040301789115,Worth the price.,Positive,0.885,3
cous__.857,Raju,Frozen Burritos,PID005857,https://www.facebook.com/vukkarvibes,1397040301789116,Fresh and tasty.,Positive,0.885,4
cous__.858,Priya,Frozen Lasagna,PID005858,https://www.facebook.com/vukkarvibes,1397040301789117,Very delicious!,Positive,0.885,5
cous__.859,Meera,Instant Noodles,PID005859,https://www.facebook.com/vukkarvibes,1397040301789118,Not satisfied.,Negative,-0.674,3
cous__.860,Rohan,Whole Wheat Bread,PID005860,https://www.facebook.com/vukkarvibes,1397040301789119,Fresh and tasty.,Negative,-0.674,2
cous__.861,Sneha,Bagels,PID005861,https://www.facebook.com/vukkarvibes,1397040301789120,"Not good, expected better.",Negative,-0.674,3
cous__.862,Raju,Croissants,PID005862,https://www.facebook.com/vukkarvibes,1397040301789121,Highly recommended!,Negative,-0.674,4
cous__.863,Arjun,English Muffins,PID005863,https://www.facebook.com/vukkarvibes,1397040301789122,Very delicious!,Negative,-0.674,3
cous__.864,Kunal,Pita Bread,PID005864,https://www.facebook.com/vukkarvibes,1397040301789123,Very delicious!,Positive,0.885,2
cous__.865,Mira,Sourdough Bread,PID005865,https://www.facebook.com/vukkarvibes,1397040301789124,"Not good, expected better.",Neutral,0.0,5
cous__.866,Sita,Multigrain Cereal,PID005866,https://www.facebook.com/vukkarvibes,1397040301789125,Not satisfied.,Negative,-0.674,1
cous__.867,Rahul,Oatmeal,PID005867,https://www.facebook.com/vukkarvibes,1397040301789126,Loved the taste!,Negative,-0.674,2
cous__.868,Amit,Granola Bars,PID005868,https://www.facebook.com/vukkarvibes,1397040301789127,Fresh and tasty.,Positive,0.885,4
cous__.869,Sita,Protein Bars,PID005869,https://www.facebook.com/vukkarvibes,1397040301789128,Not satisfied.,Neutral,0.0,2
cous__.870,Raju,Raisin Bran Cereal,PID005870,https://www.facebook.com/vukkarvibes,1397040301789129,Average experience.,Positive,0.885,2
cous__.871,Aditya,Frozen Vegetables,PID005871,https://www.facebook.com/vukkarvibes,1397040301789130,Highly recommended!,Negative,-0.674,2
cous__.872,Swati,Frozen French Fries,PID005872,https://www.facebook.com/vukkarvibes,1397040301789131,Highly recommended!,Negative,-0.674,2
cous__.873,Arjun,Frozen Chicken Nuggets,PID005873,https://www.facebook.com/vukkarvibes,1397040301789132,Bad packaging.,Positive,0.885,4
cous__.874,Sneha,Frozen Fish Sticks,PID005874,https://www.facebook.com/vukkarvibes,1397040301789133,Not satisfied.,Neutral,0.0,4
cous__.875,Priya,Frozen Dumplings,PID005875,https://www.facebook.com/vukkarvibes,1397040301789134,Loved the taste!,Negative,-0.674,3
cous__.876,Priya,Frozen Spring Rolls,PID005876,https://www.facebook.com/vukkarvibes,1397040301789135,Highly recommended!,Neutral,0.0,2
cous__.877,Sita,Frozen Waffles,PID005877,https://www.facebook.com/vukkarvibes,1397040301789136,Very delicious!,Negative,-0.674,1
cous__.878,Suman,Frozen Berries,PID005878,https://www.facebook.com/vukkarvibes,1397040301789137,Highly recommended!,Positive,0.885,5
cous__.879,Amit,Tofu,PID005879,https://www.facebook.com/vukkarvibes,1397040301789138,Bad packaging.,Positive,0.885,5
cous__.880,Mira,Dried Fruits,PID005880,https://www.facebook.com/vukkarvibes,1397040301789139,Worth the price.,Positive,0.885,5
cous__.881,Suman,Canned Soup,PID005881,https://www.facebook.com/vukkarvibes,1397040301789140,"Not good, expected better.",Neutral,0.0,4
cous__.882,Amit,Nut Mix,PID005882,https://www.facebook.com/vukkarvibes,1397040301789141,Not satisfied.,Negative,-0.674,3
cous__.883,Raju,Rice Cakes,PID005883,https://www.facebook.com/vukkarvibes,1397040301789142,Very delicious!,Negative,-0.674,5
cous__.884,Divya,Pancake Mix,PID005884,https://www.facebook.com/vukkarvibes,1397040301789143,"Too spicy, not for me.",Neutral,0.0,3
cous__.885,Rohan,Potato Chips,PID005885,https://www.facebook.com/vukkarvibes,1397040301789144,Worth the price.,Negative,-0.674,2
cous__.886,Aditya,Corn Chips,PID005886,https://www.facebook.com/vukkarvibes,1397040301789145,Highly recommended!,Negative,-0.674,1
cous__.887,Amit,Tortilla Chips,PID005887,https://www.facebook.com/vukkarvibes,1397040301789146,"Too spicy, not for me.",Negative,-0.674,4
cous__.888,Priya,Veggie Chips,PID005888,https://www.facebook.com/vukkarvibes,1397040301789147,Bad packaging.,Neutral,0.0,4
cous__.889,Sneha,Pretzels,PID005889,https://www.facebook.com/vukkarvibes,1397040301789148,"Not good, expected better.",Positive,0.885,2
cous__.890,Priya,Popcorn,PID005890,https://www.facebook.com/vukkarvibes,1397040301789149,Fresh and tasty.,Negative,-0.674,2
cous__.891,Meera,Milk,PID005891,https://www.facebook.com/vukkarvibes,1397040301789150,Loved the taste!,Positive,0.885,3
cous__.892,Varun,Yogurt,PID005892,https://www.facebook.com/vukkarvibes,1397040301789151,Highly recommended!,Neutral,0.0,4
cous__.893,Suman,Cheddar Cheese,PID005893,https://www.facebook.com/vukkarvibes,1397040301789152,Loved the taste!,Negative,-0.674,3
cous__.894,Raju,Mozzarella Cheese,PID005894,https://www.facebook.com/vukkarvibes,1397040301789153,Fresh and tasty.,Neutral,0.0,1
cous__.895,Suman,Greek Yogurt,PID005895,https://www.facebook.com/vukkarvibes,1397040301789154,"Not good, expected better.",Negative,-0.674,5
cous__.896,Mira,Butter,PID005896,https://www.facebook.com/vukkarvibes,1397040301789155,Bad packaging.,Positive,0.885,4
cous__.897,Suman,Cream Cheese,PID005897,https://www.facebook.com/vukkarvibes,1397040301789156,Loved the taste!,Negative,-0.674,1
cous__.898,Raju,Cottage Cheese,PID005898,https://www.facebook.com/vukkarvibes,1397040301789157,"Not good, expected better.",Negative,-0.674,3
cous__.899,Divya,Orange Juice,PID005899,https://www.facebook.com/vukkarvibes,1397040301789158,Fresh and tasty.,Positive,0.885,2
cous__.900,Divya,Apple Juice,PID005900,https://www.facebook.com/vukkarvibes,1397040301789159,"Too spicy, not for me.",Negative,-0.674,5
cous__.901,Mira,Green Tea,PID005901,https://www.facebook.com/vukkarvibes,1397040301789160,Bad packaging.,Neutral,0.0,1
cous__.902,Arjun,Coffee,PID005902,https://www.facebook.com/vukkarvibes,1397040301789161,Fresh and tasty.,Negative,-0.674,1
cous__.903,Sita,Soft Drink,PID005903,https://www.facebook.com/vukkarvibes,1397040301789162,Very delicious!,Neutral,0.0,3
cous__.904,Priya,Black Tea,PID005904,https://www.facebook.com/vukkarvibes,1397040301789163,Not satisfied.,Negative,-0.674,2
cous__.905,Arjun,Herbal Tea,PID005905,https://www.facebook.com/vukkarvibes,1397040301789164,Bad packaging.,Negative,-0.674,5
cous__.906,Kunal,Sparkling Water,PID005906,https://www.facebook.com/vukkarvibes,1397040301789165,Highly recommended!,Negative,-0.674,4
cous__.907,Priya,Ready-to-Eat Pasta,PID005907,https://www.facebook.com/vukkarvibes,1397040301789166,"Not good, expected better.",Positive,0.885,2
cous__.908,Meera,Frozen Pizza,PID005908,https://www.facebook.com/vukkarvibes,1397040301789167,Fresh and tasty.,Positive,0.885,4
cous__.909,Swati,Frozen Burritos,PID005909,https://www.facebook.com/vukkarvibes,1397040301789168,Loved the taste!,Neutral,0.0,2
cous__.910,Kiran,Frozen Lasagna,PID005910,https://www.facebook.com/vukkarvibes,1397040301789169,Worth the price.,Negative,-0.674,3
cous__.911,Varun,Instant Noodles,PID005911,https://www.facebook.com/vukkarvibes,1397040301789170,"Too spicy, not for me.",Neutral,0.0,2
cous__.912,Pooja,Whole Wheat Bread,PID005912,https://www.facebook.com/vukkarvibes,1397040301789171,Fresh and tasty.,Positive,0.885,4
cous__.913,Amit,Bagels,PID005913,https://www.facebook.com/vukkarvibes,1397040301789172,Highly recommended!,Neutral,0.0,3
cous__.914,Kiran,Croissants,PID005914,https://www.facebook.com/vukkarvibes,1397040301789173,Very delicious!,Positive,0.885,1
cous__.915,Arjun,English Muffins,PID005915,https://www.facebook.com/vukkarvibes,1397040301789174,Bad packaging.,Neutral,0.0,1
cous__.916,Varun,Pita Bread,PID005916,https://www.facebook.com/vukkarvibes,1397040301789175,Not satisfied.,Neutral,0.0,3
cous__.917,Swati,Sourdough Bread,PID005917,https://www.facebook.com/vukkarvibes,1397040301789176,Average experience.,Negative,-0.674,2
cous__.918,Sneha,Multigrain Cereal,PID005918,https://www.facebook.com/vukkarvibes,1397040301789177,Highly recommended!,Negative,-0.674,4
cous__.919,Kunal,Oatmeal,PID005919,https://www.facebook.com/vukkarvibes,1397040301789178,"Not good, expected better.",Neutral,0.0,4
cous__.920,Rohan,Granola Bars,PID005920,https://www.facebook.com/vukkarvibes,1397040301789179,Not satisfied.,Positive,0.885,4
cous__.921,Amit,Protein Bars,PID005921,https://www.facebook.com/vukkarvibes,1397040301789180,Worth the price.,Positive,0.885,1
cous__.922,Meera,Raisin Bran Cereal,PID005922,https://www.facebook.com/vukkarvibes,1397040301789181,Bad packaging.,Negative,-0.674,5
cous__.923,Sneha,Frozen Vegetables,PID005923,https://www.facebook.com/vukkarvibes,1397040301789182,Not satisfied.,Negative,-0.674,2
cous__.924,Kiran,Frozen French Fries,PID005924,https://www.facebook.com/vukkarvibes,1397040301789183,Highly recommended!,Positive,0.885,1
cous__.925,Aditya,Frozen Chicken Nuggets,PID005925,https://www.facebook.com/vukkarvibes,1397040301789184,Bad packaging.,Positive,0.885,2
cous__.926,Priya,Frozen Fish Sticks,PID005926,https://www.facebook.com/vukkarvibes,1397040301789185,Loved the taste!,Neutral,0.0,4
cous__.927,Sita,Frozen Dumplings,PID005927,https://www.facebook.com/vukkarvibes,1397040301789186,Not satisfied.,Negative,-0.674,4
cous__.928,Mira,Frozen Spring Rolls,PID005928,https://www.facebook.com/vukkarvibes,1397040301789187,Loved the taste!,Negative,-0.674,3
cous__.929,Sneha,Frozen Waffles,PID005929,https://www.facebook.com/vukkarvibes,1397040301789188,Not satisfied.,Negative,-0.674,1
cous__.930,Kiran,Frozen Berries,PID005930,https://www.facebook.com/vukkarvibes,1397040301789189,Worth the price.,Neutral,0.0,5
cous__.931,Suman,Tofu,PID005931,https://www.facebook.com/vukkarvibes,1397040301789190,Highly recommended!,Negative,-0.674,2
cous__.932,Kunal,Dried Fruits,PID005932,https://www.facebook.com/vukkarvibes,1397040301789191,Bad packaging.,Negative,-0.674,5
cous__.933,Varun,Canned Soup,PID005933,https://www.facebook.com/vukkarvibes,1397040301789192,"Too spicy, not for me.",Positive,0.885,5
cous__.934,Rahul,Nut Mix,PID005934,https://www.facebook.com/vukkarvibes,1397040301789193,Loved the taste!,Negative,-0.674,3
cous__.935,Varun,Rice Cakes,PID005935,https://www.facebook.com/vukkarvibes,1397040301789194,Worth the price.,Positive,0.885,2
cous__.936,Mira,Pancake Mix,PID005936,https://www.facebook.com/vukkarvibes,1397040301789195,"Too spicy, not for me.",Negative,-0.674,4
cous__.937,Amit,Potato Chips,PID005937,https://www.facebook.com/vukkarvibes,1397040301789196,Bad packaging.,Negative,-0.674,5
cous__.938,Raju,Corn Chips,PID005938,https://www.facebook.com/vukkarvibes,1397040301789197,Very delicious!,Negative,-0.674,2
cous__.939,Kunal,Tortilla Chips,PID005939,https://www.facebook.com/vukkarvibes,1397040301789198,Average experience.,Negative,-0.674,2
cous__.940,Raju,Veggie Chips,PID005940,https://www.facebook.com/vukkarvibes,1397040301789199,"Too spicy, not for me.",Negative,-0.674,5
cous__.941,Swati,Pretzels,PID005941,https://www.facebook.com/vukkarvibes,1397040301789200,Loved the taste!,Neutral,0.0,3
cous__.942,Meera,Popcorn,PID005942,https://www.facebook.com/vukkarvibes,1397040301789201,Not satisfied.,Negative,-0.674,2
cous__.943,Kiran,Milk,PID005943,https://www.facebook.com/vukkarvibes,1397040301789202,Not satisfied.,Neutral,0.0,3
cous__.944,Meera,Yogurt,PID005944,https://www.facebook.com/vukkarvibes,1397040301789203,Not satisfied.,Negative,-0.674,5
cous__.945,Rahul,Cheddar Cheese,PID005945,https://www.facebook.com/vukkarvibes,1397040301789204,Average experience.,Neutral,0.0,1
cous__.946,Sneha,Mozzarella Cheese,PID005946,https://www.facebook.com/vukkarvibes,1397040301789205,"Too spicy, not for me.",Negative,-0.674,5
cous__.947,Suman,Greek Yogurt,PID005947,https://www.facebook.com/vukkarvibes,1397040301789206,"Too spicy, not for me.",Negative,-0.674,4
cous__.948,Priya,Butter,PID005948,https://www.facebook.com/vukkarvibes,1397040301789207,"Too spicy, not for me.",Positive,0.885,3
cous__.949,Kiran,Cream Cheese,PID005949,https://www.facebook.com/vukkarvibes,1397040301789208,Fresh and tasty.,Positive,0.885,3
cous__.950,Sita,Cottage Cheese,PID005950,https://www.facebook.com/vukkarvibes,1397040301789209,Very delicious!,Negative,-0.674,4
cous__.951,Rahul,Orange Juice,PID005951,https://www.facebook.com/vukkarvibes,1397040301789210,Highly recommended!,Positive,0.885,1
cous__.952,Aditya,Apple Juice,PID005952,https://www.facebook.com/vukkarvibes,1397040301789211,Average experience.,Positive,0.885,2
cous__.953,Arjun,Green Tea,PID005953,https://www.facebook.com/vukkarvibes,1397040301789212,Fresh and tasty.,Positive,0.885,1
cous__.954,Sita,Coffee,PID005954,https://www.facebook.com/vukkarvibes,1397040301789213,Very delicious!,Negative,-0.674,4
cous__.955,Priya,Soft Drink,PID005955,https://www.facebook.com/vukkarvibes,1397040301789214,Fresh and tasty.,Positive,0.885,1
cous__.956,Swati,Black Tea,PID005956,https://www.facebook.com/vukkarvibes,1397040301789215,Highly recommended!,Positive,0.885,2
cous__.957,Arjun,Herbal Tea,PID005957,https://www.facebook.com/vukkarvibes,1397040301789216,"Not good, expected better.",Positive,0.885,2
cous__.958,Swati,Sparkling Water,PID005958,https://www.facebook.com/vukkarvibes,1397040301789217,Bad packaging.,Positive,0.885,2
cous__.959,Mira,Ready-to-Eat Pasta,PID005959,https://www.facebook.com/vukkarvibes,1397040301789218,Not satisfied.,Neutral,0.0,1
cous__.960,Raju,Frozen Pizza,PID005960,https://www.facebook.com/vukkarvibes,1397040301789219,"Not good, expected better.",Positive,0.885,2
cous__.961,Rohan,Frozen Burritos,PID005961,https://www.facebook.com/vukkarvibes,1397040301789220,Loved the taste!,Neutral,0.0,2
cous__.962,Arjun,Frozen Lasagna,PID005962,https://www.facebook.com/vukkarvibes,1397040301789221,Fresh and tasty.,Neutral,0.0,1
cous__.963,Suman,Instant Noodles,PID005963,https://www.facebook.com/vukkarvibes,1397040301789222,Loved the taste!,Positive,0.885,4
cous__.964,Rohan,Whole Wheat Bread,PID005964,https://www.facebook.com/vukkarvibes,1397040301789223,"Too spicy, not for me.",Negative,-0.674,4
cous__.965,Pooja,Bagels,PID005965,https://www.facebook.com/vukkarvibes,1397040301789224,Highly recommended!,Positive,0.885,4
cous__.966,Suman,Croissants,PID005966,https://www.facebook.com/vukkarvibes,1397040301789225,Worth the price.,Negative,-0.674,4
cous__.967,Arjun,English Muffins,PID005967,https://www.facebook.com/vukkarvibes,1397040301789226,Loved the taste!,Negative,-0.674,3
cous__.968,Rohan,Pita Bread,PID005968,https://www.facebook.com/vukkarvibes,1397040301789227,Fresh and tasty.,Positive,0.885,4
cous__.969,Kiran,Sourdough Bread,PID005969,https://www.facebook.com/vukkarvibes,1397040301789228,Fresh and tasty.,Positive,0.885,5
cous__.970,Swati,Multigrain Cereal,PID005970,https://www.facebook.com/vukkarvibes,1397040301789229,Worth the price.,Neutral,0.0,4
cous__.971,Raju,Oatmeal,PID005971,https://www.facebook.com/vukkarvibes,1397040301789230,Bad packaging.,Negative,-0.674,5
cous__.972,Kunal,Granola Bars,PID005972,https://www.facebook.com/vukkarvibes,1397040301789231,"Too spicy, not for me.",Neutral,0.0,1
cous__.973,Swati,Protein Bars,PID005973,https://www.facebook.com/vukkarvibes,1397040301789232,Highly recommended!,Positive,0.885,2
cous__.974,Amit,Raisin Bran Cereal,PID005974,https://www.facebook.com/vukkarvibes,1397040301789233,Average experience.,Neutral,0.0,1
cous__.975,Kunal,Frozen Vegetables,PID005975,https://www.facebook.com/vukkarvibes,1397040301789234,Average experience.,Negative,-0.674,5
cous__.976,Divya,Frozen French Fries,PID005976,https://www.facebook.com/vukkarvibes,1397040301789235,Highly recommended!,Neutral,0.0,3
cous__.977,Sita,Frozen Chicken Nuggets,PID005977,https://www.facebook.com/vukkarvibes,1397040301789236,"Not good, expected better.",Positive,0.885,2
cous__.978,Meera,Frozen Fish Sticks,PID005978,https://www.facebook.com/vukkarvibes,1397040301789237,Highly recommended!,Positive,0.885,5
cous__.979,Rohan,Frozen Dumplings,PID005979,https://www.facebook.com/vukkarvibes,1397040301789238,Fresh and tasty.,Positive,0.885,4
cous__.980,Rahul,Frozen Spring Rolls,PID005980,https://www.facebook.com/vukkarvibes,1397040301789239,Average experience.,Neutral,0.0,3
cous__.981,Varun,Frozen Waffles,PID005981,https://www.facebook.com/vukkarvibes,1397040301789240,Loved the taste!,Negative,-0.674,2
cous__.982,Aditya,Frozen Berries,PID005982,https://www.facebook.com/vukkarvibes,1397040301789241,Bad packaging.,Neutral,0.0,5
cous__.983,Sneha,Tofu,PID005983,https://www.facebook.com/vukkarvibes,1397040301789242,Bad packaging.,Neutral,0.0,5
cous__.984,Aditya,Dried Fruits,PID005984,https://www.facebook.com/vukkarvibes,1397040301789243,"Not good, expected better.",Neutral,0.0,1
cous__.985,Rahul,Canned Soup,PID005985,https://www.facebook.com/vukkarvibes,1397040301789244,Worth the price.,Positive,0.885,4
cous__.986,Meera,Nut Mix,PID005986,https://www.facebook.com/vukkarvibes,1397040301789245,Very delicious!,Neutral,0.0,1
cous__.987,Sneha,Rice Cakes,PID005987,https://www.facebook.com/vukkarvibes,1397040301789246,Fresh and tasty.,Negative,-0.674,2
cous__.988,Sita,Pancake Mix,PID005988,https://www.facebook.com/vukkarvibes,1397040301789247,Highly recommended!,Negative,-0.674,1
cous__.989,Arjun,Potato Chips,PID005989,https://www.facebook.com/vukkarvibes,1397040301789248,Worth the price.,Negative,-0.674,1
cous__.990,Amit,Corn Chips,PID005990,https://www.facebook.com/vukkarvibes,1397040301789249,Average experience.,Neutral,0.0,5
cous__.991,Raju,Tortilla Chips,PID005991,https://www.facebook.com/vukkarvibes,1397040301789250,Very delicious!,Negative,-0.674,4
cous__.992,Kiran,Veggie Chips,PID005992,https://www.facebook.com/vukkarvibes,1397040301789251,Fresh and tasty.,Negative,-0.674,4
cous__.993,Swati,Pretzels,PID005993,https://www.facebook.com/vukkarvibes,1397040301789252,Bad packaging.,Neutral,0.0,5
cous__.994,Meera,Popcorn,PID005994,https://www.facebook.com/vukkarvibes,1397040301789253,Not satisfied.,Negative,-0.674,4
cous__.995,Sneha,Milk,PID005995,https://www.facebook.com/vukkarvibes,1397040301789254,Fresh and tasty.,Neutral,0.0,2
cous__.996,Kunal,Yogurt,PID005996,https://www.facebook.com/vukkarvibes,1397040301789255,Loved the taste!,Negative,-0.674,1
cous__.997,Varun,Cheddar Cheese,PID005997,https://www.facebook.com/vukkarvibes,1397040301789256,Bad packaging.,Neutral,0.0,3
cous__.998,Meera,Mozzarella Cheese,PID005998,https://www.facebook.com/vukkarvibes,1397040301789257,Worth the price.,Neutral,0.0,5
cous__.999,Aditya,Greek Yogurt,PID005999,https://www.facebook.com/vukkarvibes,1397040301789258,"Too spicy, not for me.",Positive,0.885,4
cous__.1000,Divya,Butter,PID0051000,https://www.facebook.com/vukkarvibes,1397040301789259,"Not good, expected better.",Negative,-0.674,4
cous__.1001,Amit,Cream Cheese,PID0051001,https://www.facebook.com/vukkarvibes,1397040301789260,Bad packaging.,Positive,0.885,5
cous__.1002,Mira,Cottage Cheese,PID0051002,https://www.facebook.com/vukkarvibes,1397040301789261,Average experience.,Negative,-0.674,5
cous__.1003,Rahul,Orange Juice,PID0051003,https://www.facebook.com/vukkarvibes,1397040301789262,Worth the price.,Neutral,0.0,3
cous__.1004,Kiran,Apple Juice,PID0051004,https://www.facebook.com/vukkarvibes,1397040301789263,Fresh and tasty.,Negative,-0.674,1
cous__.1005,Rohan,Green Tea,PID0051005,https://www.facebook.com/vukkarvibes,1397040301789264,Worth the price.,Neutral,0.0,2
cous__.1006,Aditya,Coffee,PID0051006,https://www.facebook.com/vukkarvibes,1397040301789265,Worth the price.,Neutral,0.0,3
cous__.1007,Suman,Soft Drink,PID0051007,https://www.facebook.com/vukkarvibes,1397040301789266,Highly recommended!,Negative,-0.674,3
cous__.1008,Divya,Black Tea,PID0051008,https://www.facebook.com/vukkarvibes,1397040301789267,Highly recommended!,Negative,-0.674,2
cous__.1009,Pooja,Herbal Tea,PID0051009,https://www.facebook.com/vukkarvibes,1397040301789268,Worth the price.,Positive,0.885,1
cous__.1010,Varun,Sparkling Water,PID0051010,https://www.facebook.com/vukkarvibes,1397040301789269,Average experience.,Negative,-0.674,3
cous__.1011,Raju,Ready-to-Eat Pasta,PID0051011,https://www.facebook.com/vukkarvibes,1397040301789270,Worth the price.,Positive,0.885,1
cous__.1012,Varun,Frozen Pizza,PID0051012,https://www.facebook.com/vukkarvibes,1397040301789271,Fresh and tasty.,Positive,0.885,2
cous__.1013,Divya,Frozen Burritos,PID0051013,https://www.facebook.com/vukkarvibes,1397040301789272,"Too spicy, not for me.",Positive,0.885,5
cous__.1014,Mira,Frozen Lasagna,PID0051014,https://www.facebook.com/vukkarvibes,1397040301789273,Loved the taste!,Positive,0.885,3
cous__.1015,Sita,Instant Noodles,PID0051015,https://www.facebook.com/vukkarvibes,1397040301789274,Fresh and tasty.,Negative,-0.674,4
cous__.1016,Suman,Whole Wheat Bread,PID0051016,https://www.facebook.com/vukkarvibes,1397040301789275,"Too spicy, not for me.",Neutral,0.0,2
cous__.1017,Pooja,Bagels,PID0051017,https://www.facebook.com/vukkarvibes,1397040301789276,Highly recommended!,Neutral,0.0,3
cous__.1018,Meera,Croissants,PID0051018,https://www.facebook.com/vukkarvibes,1397040301789277,Not satisfied.,Negative,-0.674,2
cous__.1019,Raju,English Muffins,PID0051019,https://www.facebook.com/vukkarvibes,1397040301789278,Bad packaging.,Positive,0.885,4
cous__.1020,Sneha,Pita Bread,PID0051020,https://www.facebook.com/vukkarvibes,1397040301789279,Fresh and tasty.,Negative,-0.674,3
cous__.1021,Raju,Sourdough Bread,PID0051021,https://www.facebook.com/vukkarvibes,1397040301789280,Not satisfied.,Neutral,0.0,2
cous__.1022,Sita,Multigrain Cereal,PID0051022,https://www.facebook.com/vukkarvibes,1397040301789281,Not satisfied.,Negative,-0.674,2
cous__.1023,Aditya,Oatmeal,PID0051023,https://www.facebook.com/vukkarvibes,1397040301789282,"Too spicy, not for me.",Neutral,0.0,4
cous__.1024,Swati,Granola Bars,PID0051024,https://www.facebook.com/vukkarvibes,1397040301789283,Worth the price.,Negative,-0.674,2
cous__.1025,Rohan,Protein Bars,PID0051025,https://www.facebook.com/vukkarvibes,1397040301789284,Fresh and tasty.,Neutral,0.0,5
cous__.1026,Rahul,Raisin Bran Cereal,PID0051026,https://www.facebook.com/vukkarvibes,1397040301789285,Not satisfied.,Positive,0.885,4
cous__.1027,Sita,Frozen Vegetables,PID0051027,https://www.facebook.com/vukkarvibes,1397040301789286,"Not good, expected better.",Negative,-0.674,4
cous__.1028,Swati,Frozen French Fries,PID0051028,https://www.facebook.com/vukkarvibes,1397040301789287,Average experience.,Neutral,0.0,4
cous__.1029,Aditya,Frozen Chicken Nuggets,PID0051029,https://www.facebook.com/vukkarvibes,1397040301789288,Highly recommended!,Positive,0.885,2
cous__.1030,Sneha,Frozen Fish Sticks,PID0051030,https://www.facebook.com/vukkarvibes,1397040301789289,Loved the taste!,Negative,-0.674,3
cous__.1031,Sneha,Frozen Dumplings,PID0051031,https://www.facebook.com/vukkarvibes,1397040301789290,"Too spicy, not for me.",Neutral,0.0,3
cous__.1032,Rahul,Frozen Spring Rolls,PID0051032,https://www.facebook.com/vukkarvibes,1397040301789291,Not satisfied.,Negative,-0.674,3
cous__.1033,Priya,Frozen Waffles,PID0051033,https://www.facebook.com/vukkarvibes,1397040301789292,Highly recommended!,Positive,0.885,3
cous__.1034,Sneha,Frozen Berries,PID0051034,https://www.facebook.com/vukkarvibes,1397040301789293,Worth the price.,Negative,-0.674,5
cous__.1035,Divya,Tofu,PID0051035,https://www.facebook.com/vukkarvibes,1397040301789294,Loved the taste!,Positive,0.885,2
cous__.1036,Arjun,Dried Fruits,PID0051036,https://www.facebook.com/vukkarvibes,1397040301789295,"Too spicy, not for me.",Positive,0.885,2
cous__.1037,Mira,Canned Soup,PID0051037,https://www.facebook.com/vukkarvibes,1397040301789296,Bad packaging.,Negative,-0.674,4
cous__.1038,Kiran,Nut Mix,PID0051038,https://www.facebook.com/vukkarvibes,1397040301789297,Highly recommended!,Neutral,0.0,1
cous__.1039,Raju,Rice Cakes,PID0051039,https://www.facebook.com/vukkarvibes,1397040301789298,Loved the taste!,Neutral,0.0,3
cous__.1040,Arjun,Pancake Mix,PID0051040,https://www.facebook.com/vukkarvibes,1397040301789299,"Too spicy, not for me.",Positive,0.885,2
cous__.1041,Raju,Potato Chips,PID0051041,https://www.facebook.com/vukkarvibes,1397040301789300,Highly recommended!,Positive,0.885,2
cous__.1042,Varun,Corn Chips,PID0051042,https://www.facebook.com/vukkarvibes,1397040301789301,Not satisfied.,Neutral,0.0,3
cous__.1043,Amit,Tortilla Chips,PID0051043,https://www.facebook.com/vukkarvibes,1397040301789302,Fresh and tasty.,Neutral,0.0,5
cous__.1044,Raju,Veggie Chips,PID0051044,https://www.facebook.com/vukkarvibes,1397040301789303,Bad packaging.,Negative,-0.674,3
cous__.1045,Meera,Pretzels,PID0051045,https://www.facebook.com/vukkarvibes,1397040301789304,Loved the taste!,Neutral,0.0,2
cous__.1046,Kunal,Popcorn,PID0051046,https://www.facebook.com/vukkarvibes,1397040301789305,Fresh and tasty.,Neutral,0.0,5
cous__.1047,Priya,Milk,PID0051047,https://www.facebook.com/vukkarvibes,1397040301789306,Fresh and tasty.,Positive,0.885,3
cous__.1048,Raju,Yogurt,PID0051048,https://www.facebook.com/vukkarvibes,1397040301789307,"Too spicy, not for me.",Positive,0.885,1
cous__.1049,Suman,Cheddar Cheese,PID0051049,https://www.facebook.com/vukkarvibes,1397040301789308,Highly recommended!,Neutral,0.0,1
cous__.1050,Rohan,Mozzarella Cheese,PID0051050,https://www.facebook.com/vukkarvibes,1397040301789309,Bad packaging.,Neutral,0.0,3
cous__.1051,Rohan,Greek Yogurt,PID0051051,https://www.facebook.com/vukkarvibes,1397040301789310,Loved the taste!,Neutral,0.0,3
cous__.1052,Sneha,Butter,PID0051052,https://www.facebook.com/vukkarvibes,1397040301789311,Average experience.,Negative,-0.674,4
cous__.1053,Pooja,Cream Cheese,PID0051053,https://www.facebook.com/vukkarvibes,1397040301789312,Very delicious!,Negative,-0.674,2
cous__.1054,Raju,Cottage Cheese,PID0051054,https://www.facebook.com/vukkarvibes,1397040301789313,Highly recommended!,Negative,-0.674,4
cous__.1055,Pooja,Orange Juice,PID0051055,https://www.facebook.com/vukkarvibes,1397040301789314,Bad packaging.,Positive,0.885,1
cous__.1056,Swati,Apple Juice,PID0051056,https://www.facebook.com/vukkarvibes,1397040301789315,"Too spicy, not for me.",Negative,-0.674,1
cous__.1057,Amit,Green Tea,PID0051057,https://www.facebook.com/vukkarvibes,1397040301789316,Not satisfied.,Negative,-0.674,4
cous__.1058,Meera,Coffee,PID0051058,https://www.facebook.com/vukkarvibes,1397040301789317,Highly recommended!,Positive,0.885,3
cous__.1059,Mira,Soft Drink,PID0051059,https://www.facebook.com/vukkarvibes,1397040301789318,Worth the price.,Positive,0.885,1
cous__.1060,Aditya,Black Tea,PID0051060,https://www.facebook.com/vukkarvibes,1397040301789319,Worth the price.,Neutral,0.0,4
cous__.1061,Divya,Herbal Tea,PID0051061,https://www.facebook.com/vukkarvibes,1397040301789320,Loved the taste!,Positive,0.885,3
cous__.1062,Divya,Sparkling Water,PID0051062,https://www.facebook.com/vukkarvibes,1397040301789321,"Not good, expected better.",Negative,-0.674,1
cous__.1063,Priya,Ready-to-Eat Pasta,PID0051063,https://www.facebook.com/vukkarvibes,1397040301789322,Not satisfied.,Positive,0.885,4
cous__.1064,Sita,Frozen Pizza,PID0051064,https://www.facebook.com/vukkarvibes,1397040301789323,Fresh and tasty.,Negative,-0.674,5
cous__.1065,Kunal,Frozen Burritos,PID0051065,https://www.facebook.com/vukkarvibes,1397040301789324,Very delicious!,Positive,0.885,2
cous__.1066,Rahul,Frozen Lasagna,PID0051066,https://www.facebook.com/vukkarvibes,1397040301789325,Worth the price.,Neutral,0.0,5
cous__.1067,Kiran,Instant Noodles,PID0051067,https://www.facebook.com/vukkarvibes,1397040301789326,Bad packaging.,Positive,0.885,4
cous__.1068,Aditya,Whole Wheat Bread,PID0051068,https://www.facebook.com/vukkarvibes,1397040301789327,Average experience.,Negative,-0.674,5
cous__.1069,Amit,Bagels,PID0051069,https://www.facebook.com/vukkarvibes,1397040301789328,Highly recommended!,Neutral,0.0,2
cous__.1070,Rohan,Croissants,PID0051070,https://www.facebook.com/vukkarvibes,1397040301789329,"Not good, expected better.",Neutral,0.0,2
cous__.1071,Pooja,English Muffins,PID0051071,https://www.facebook.com/vukkarvibes,1397040301789330,Very delicious!,Positive,0.885,5
cous__.1072,Mira,Pita Bread,PID0051072,https://www.facebook.com/vukkarvibes,1397040301789331,Bad packaging.,Neutral,0.0,1
cous__.1073,Pooja,Sourdough Bread,PID0051073,https://www.facebook.com/vukkarvibes,1397040301789332,Loved the taste!,Negative,-0.674,1
cous__.1074,Arjun,Multigrain Cereal,PID0051074,https://www.facebook.com/vukkarvibes,1397040301789333,Worth the price.,Positive,0.885,4
cous__.1075,Sneha,Oatmeal,PID0051075,https://www.facebook.com/vukkarvibes,1397040301789334,Worth the price.,Negative,-0.674,4
cous__.1076,Sneha,Granola Bars,PID0051076,https://www.facebook.com/vukkarvibes,1397040301789335,Loved the taste!,Neutral,0.0,3
cous__.1077,Sita,Protein Bars,PID0051077,https://www.facebook.com/vukkarvibes,1397040301789336,Loved the taste!,Neutral,0.0,1
cous__.1078,Sita,Raisin Bran Cereal,PID0051078,https://www.facebook.com/vukkarvibes,1397040301789337,Fresh and tasty.,Neutral,0.0,3
cous__.1079,Divya,Frozen Vegetables,PID0051079,https://www.facebook.com/vukkarvibes,1397040301789338,"Too spicy, not for me.",Positive,0.885,3
cous__.1080,Sneha,Frozen French Fries,PID0051080,https://www.facebook.com/vukkarvibes,1397040301789339,Highly recommended!,Negative,-0.674,5
cous__.1081,Sita,Frozen Chicken Nuggets,PID0051081,https://www.facebook.com/vukkarvibes,1397040301789340,Bad packaging.,Neutral,0.0,3
cous__.1082,Aditya,Frozen Fish Sticks,PID0051082,https://www.facebook.com/vukkarvibes,1397040301789341,"Not good, expected better.",Negative,-0.674,4
cous__.1083,Priya,Frozen Dumplings,PID0051083,https://www.facebook.com/vukkarvibes,1397040301789342,Very delicious!,Neutral,0.0,2
cous__.1084,Amit,Frozen Spring Rolls,PID0051084,https://www.facebook.com/vukkarvibes,1397040301789343,Worth the price.,Negative,-0.674,2
cous__.1085,Varun,Frozen Waffles,PID0051085,https://www.facebook.com/vukkarvibes,1397040301789344,Worth the price.,Negative,-0.674,5
cous__.1086,Amit,Frozen Berries,PID0051086,https://www.facebook.com/vukkarvibes,1397040301789345,Bad packaging.,Neutral,0.0,4
cous__.1087,Sneha,Tofu,PID0051087,https://www.facebook.com/vukkarvibes,1397040301789346,Highly recommended!,Positive,0.885,3
cous__.1088,Sita,Dried Fruits,PID0051088,https://www.facebook.com/vukkarvibes,1397040301789347,Loved the taste!,Positive,0.885,4
cous__.1089,Raju,Canned Soup,PID0051089,https://www.facebook.com/vukkarvibes,1397040301789348,Fresh and tasty.,Negative,-0.674,1
cous__.1090,Meera,Nut Mix,PID0051090,https://www.facebook.com/vukkarvibes,1397040301789349,Fresh and tasty.,Positive,0.885,2
cous__.1091,Priya,Rice Cakes,PID0051091,https://www.facebook.com/vukkarvibes,1397040301789350,Worth the price.,Neutral,0.0,4
cous__.1092,Pooja,Pancake Mix,PID0051092,https://www.facebook.com/vukkarvibes,1397040301789351,Loved the taste!,Neutral,0.0,5
cous__.1093,Pooja,Potato Chips,PID0051093,https://www.facebook.com/vukkarvibes,1397040301789352,Bad packaging.,Negative,-0.674,2
cous__.1094,Rahul,Corn Chips,PID0051094,https://www.facebook.com/vukkarvibes,1397040301789353,Not satisfied.,Neutral,0.0,5
cous__.1095,Kiran,Tortilla Chips,PID0051095,https://www.facebook.com/vukkarvibes,1397040301789354,Worth the price.,Negative,-0.674,1
cous__.1096,Arjun,Veggie Chips,PID0051096,https://www.facebook.com/vukkarvibes,1397040301789355,Average experience.,Negative,-0.674,3
cous__.1097,Suman,Pretzels,PID0051097,https://www.facebook.com/vukkarvibes,1397040301789356,Loved the taste!,Neutral,0.0,5
cous__.1098,Amit,Popcorn,PID0051098,https://www.facebook.com/vukkarvibes,1397040301789357,"Too spicy, not for me.",Positive,0.885,4
cous__.1099,Amit,Milk,PID0051099,https://www.facebook.com/vukkarvibes,1397040301789358,Not satisfied.,Negative,-0.674,4
cous__.1100,Suman,Yogurt,PID0051100,https://www.facebook.com/vukkarvibes,1397040301789359,"Not good, expected better.",Negative,-0.674,1
cous__.1101,Priya,Cheddar Cheese,PID0051101,https://www.facebook.com/vukkarvibes,1397040301789360,Very delicious!,Negative,-0.674,1
cous__.1102,Amit,Mozzarella Cheese,PID0051102,https://www.facebook.com/vukkarvibes,1397040301789361,"Not good, expected better.",Positive,0.885,3
cous__.1103,Suman,Greek Yogurt,PID0051103,https://www.facebook.com/vukkarvibes,1397040301789362,Average experience.,Positive,0.885,2
cous__.1104,Amit,Butter,PID0051104,https://www.facebook.com/vukkarvibes,1397040301789363,Bad packaging.,Positive,0.885,1
cous__.1105,Aditya,Cream Cheese,PID0051105,https://www.facebook.com/vukkarvibes,1397040301789364,Worth the price.,Negative,-0.674,4
cous__.1106,Kiran,Cottage Cheese,PID0051106,https://www.facebook.com/vukkarvibes,1397040301789365,Fresh and tasty.,Negative,-0.674,5
cous__.1107,Varun,Orange Juice,PID0051107,https://www.facebook.com/vukkarvibes,1397040301789366,Bad packaging.,Neutral,0.0,3
cous__.1108,Sita,Apple Juice,PID0051108,https://www.facebook.com/vukkarvibes,1397040301789367,Fresh and tasty.,Negative,-0.674,4
cous__.1109,Kiran,Green Tea,PID0051109,https://www.facebook.com/vukkarvibes,1397040301789368,Worth the price.,Negative,-0.674,1
cous__.1110,Kiran,Coffee,PID0051110,https://www.facebook.com/vukkarvibes,1397040301789369,Highly recommended!,Neutral,0.0,3
cous__.1111,Raju,Soft Drink,PID0051111,https://www.facebook.com/vukkarvibes,1397040301789370,Very delicious!,Negative,-0.674,1
cous__.1112,Mira,Black Tea,PID0051112,https://www.facebook.com/vukkarvibes,1397040301789371,Loved the taste!,Neutral,0.0,2
cous__.1113,Aditya,Herbal Tea,PID0051113,https://www.facebook.com/vukkarvibes,1397040301789372,"Not good, expected better.",Positive,0.885,5
cous__.1114,Divya,Sparkling Water,PID0051114,https://www.facebook.com/vukkarvibes,1397040301789373,Very delicious!,Negative,-0.674,3
cous__.1115,Pooja,Ready-to-Eat Pasta,PID0051115,https://www.facebook.com/vukkarvibes,1397040301789374,Highly recommended!,Negative,-0.674,4
cous__.1116,Rohan,Frozen Pizza,PID0051116,https://www.facebook.com/vukkarvibes,1397040301789375,Very delicious!,Positive,0.885,3
cous__.1117,Pooja,Frozen Burritos,PID0051117,https://www.facebook.com/vukkarvibes,1397040301789376,Not satisfied.,Neutral,0.0,3
cous__.1118,Aditya,Frozen Lasagna,PID0051118,https://www.facebook.com/vukkarvibes,1397040301789377,Worth the price.,Positive,0.885,3
cous__.1119,Kunal,Instant Noodles,PID0051119,https://www.facebook.com/vukkarvibes,1397040301789378,"Too spicy, not for me.",Negative,-0.674,4
cous__.1120,Arjun,Whole Wheat Bread,PID0051120,https://www.facebook.com/vukkarvibes,1397040301789379,"Too spicy, not for me.",Positive,0.885,3
cous__.1121,Sneha,Bagels,PID0051121,https://www.facebook.com/vukkarvibes,1397040301789380,Fresh and tasty.,Negative,-0.674,3
cous__.1122,Rahul,Croissants,PID0051122,https://www.facebook.com/vukkarvibes,1397040301789381,Fresh and tasty.,Negative,-0.674,5
cous__.1123,Rahul,English Muffins,PID0051123,https://www.facebook.com/vukkarvibes,1397040301789382,"Not good, expected better.",Neutral,0.0,2
cous__.1124,Mira,Pita Bread,PID0051124,https://www.facebook.com/vukkarvibes,1397040301789383,Average experience.,Positive,0.885,5
cous__.1125,Rahul,Sourdough Bread,PID0051125,https://www.facebook.com/vukkarvibes,1397040301789384,Bad packaging.,Positive,0.885,5
cous__.1126,Divya,Multigrain Cereal,PID0051126,https://www.facebook.com/vukkarvibes,1397040301789385,Fresh and tasty.,Positive,0.885,2
cous__.1127,Kunal,Oatmeal,PID0051127,https://www.facebook.com/vukkarvibes,1397040301789386,"Not good, expected better.",Neutral,0.0,4
cous__.1128,Pooja,Granola Bars,PID0051128,https://www.facebook.com/vukkarvibes,1397040301789387,Fresh and tasty.,Neutral,0.0,4
cous__.1129,Kiran,Protein Bars,PID0051129,https://www.facebook.com/vukkarvibes,1397040301789388,Worth the price.,Neutral,0.0,2
cous__.1130,Suman,Raisin Bran Cereal,PID0051130,https://www.facebook.com/vukkarvibes,1397040301789389,Loved the taste!,Negative,-0.674,5
cous__.1131,Amit,Frozen Vegetables,PID0051131,https://www.facebook.com/vukkarvibes,1397040301789390,Bad packaging.,Positive,0.885,1
cous__.1132,Aditya,Frozen French Fries,PID0051132,https://www.facebook.com/vukkarvibes,1397040301789391,Fresh and tasty.,Neutral,0.0,5
cous__.1133,Sita,Frozen Chicken Nuggets,PID0051133,https://www.facebook.com/vukkarvibes,1397040301789392,Highly recommended!,Negative,-0.674,2
cous__.1134,Varun,Frozen Fish Sticks,PID0051134,https://www.facebook.com/vukkarvibes,1397040301789393,Not satisfied.,Neutral,0.0,2
cous__.1135,Mira,Frozen Dumplings,PID0051135,https://www.facebook.com/vukkarvibes,1397040301789394,Highly recommended!,Negative,-0.674,3
cous__.1136,Meera,Frozen Spring Rolls,PID0051136,https://www.facebook.com/vukkarvibes,1397040301789395,Bad packaging.,Positive,0.885,1
cous__.1137,Aditya,Frozen Waffles,PID0051137,https://www.facebook.com/vukkarvibes,1397040301789396,Fresh and tasty.,Negative,-0.674,5
cous__.1138,Meera,Frozen Berries,PID0051138,https://www.facebook.com/vukkarvibes,1397040301789397,Loved the taste!,Neutral,0.0,5
cous__.1139,Meera,Tofu,PID0051139,https://www.facebook.com/vukkarvibes,1397040301789398,"Not good, expected better.",Neutral,0.0,5
cous__.1140,Sneha,Dried Fruits,PID0051140,https://www.facebook.com/vukkarvibes,1397040301789399,Fresh and tasty.,Negative,-0.674,3
cous__.1141,Mira,Canned Soup,PID0051141,https://www.facebook.com/vukkarvibes,1397040301789400,Not satisfied.,Positive,0.885,2
cous__.1142,Kiran,Nut Mix,PID0051142,https://www.facebook.com/vukkarvibes,1397040301789401,Average experience.,Negative,-0.674,3
cous__.1143,Raju,Rice Cakes,PID0051143,https://www.facebook.com/vukkarvibes,1397040301789402,Highly recommended!,Negative,-0.674,5
cous__.1144,Arjun,Pancake Mix,PID0051144,https://www.facebook.com/vukkarvibes,1397040301789403,Fresh and tasty.,Neutral,0.0,5
cous__.1145,Kiran,Potato Chips,PID0051145,https://www.facebook.com/vukkarvibes,1397040301789404,"Too spicy, not for me.",Neutral,0.0,5
cous__.1146,Aditya,Corn Chips,PID0051146,https://www.facebook.com/vukkarvibes,1397040301789405,Bad packaging.,Neutral,0.0,5
cous__.1147,Divya,Tortilla Chips,PID0051147,https://www.facebook.com/vukkarvibes,1397040301789406,Highly recommended!,Neutral,0.0,3
cous__.1148,Kiran,Veggie Chips,PID0051148,https://www.facebook.com/vukkarvibes,1397040301789407,Not satisfied.,Neutral,0.0,1
cous__.1149,Arjun,Pretzels,PID0051149,https://www.facebook.com/vukkarvibes,1397040301789408,Worth the price.,Neutral,0.0,1
cous__.1150,Rohan,Popcorn,PID0051150,https://www.facebook.com/vukkarvibes,1397040301789409,Fresh and tasty.,Positive,0.885,1
cous__.1151,Meera,Milk,PID0051151,https://www.facebook.com/vukkarvibes,1397040301789410,"Too spicy, not for me.",Negative,-0.674,2
cous__.1152,Raju,Yogurt,PID0051152,https://www.facebook.com/vukkarvibes,1397040301789411,Loved the taste!,Neutral,0.0,2
cous__.1153,Aditya,Cheddar Cheese,PID0051153,https://www.facebook.com/vukkarvibes,1397040301789412,Worth the price.,Positive,0.885,2
cous__.1154,Kunal,Mozzarella Cheese,PID0051154,https://www.facebook.com/vukkarvibes,1397040301789413,Loved the taste!,Negative,-0.674,4
cous__.1155,Pooja,Greek Yogurt,PID0051155,https://www.facebook.com/vukkarvibes,1397040301789414,Very delicious!,Positive,0.885,4
cous__.1156,Mira,Butter,PID0051156,https://www.facebook.com/vukkarvibes,1397040301789415,"Not good, expected better.",Neutral,0.0,2
cous__.1157,Sneha,Cream Cheese,PID0051157,https://www.facebook.com/vukkarvibes,1397040301789416,"Not good, expected better.",Positive,0.885,5
cous__.1158,Divya,Cottage Cheese,PID0051158,https://www.facebook.com/vukkarvibes,1397040301789417,"Not good, expected better.",Neutral,0.0,2
cous__.1159,Arjun,Orange Juice,PID0051159,https://www.facebook.com/vukkarvibes,1397040301789418,Loved the taste!,Neutral,0.0,5
cous__.1160,Arjun,Apple Juice,PID0051160,https://www.facebook.com/vukkarvibes,1397040301789419,Not satisfied.,Positive,0.885,3
cous__.1161,Sita,Green Tea,PID0051161,https://www.facebook.com/vukkarvibes,1397040301789420,Average experience.,Negative,-0.674,1
cous__.1162,Raju,Coffee,PID0051162,https://www.facebook.com/vukkarvibes,1397040301789421,Bad packaging.,Neutral,0.0,3
cous__.1163,Priya,Soft Drink,PID0051163,https://www.facebook.com/vukkarvibes,1397040301789422,"Not good, expected better.",Positive,0.885,2
cous__.1164,Aditya,Black Tea,PID0051164,https://www.facebook.com/vukkarvibes,1397040301789423,Fresh and tasty.,Positive,0.885,3
cous__.1165,Raju,Herbal Tea,PID0051165,https://www.facebook.com/vukkarvibes,1397040301789424,Highly recommended!,Neutral,0.0,1
cous__.1166,Swati,Sparkling Water,PID0051166,https://www.facebook.com/vukkarvibes,1397040301789425,Loved the taste!,Neutral,0.0,3
cous__.1167,Varun,Ready-to-Eat Pasta,PID0051167,https://www.facebook.com/vukkarvibes,1397040301789426,Very delicious!,Positive,0.885,2
cous__.1168,Sneha,Frozen Pizza,PID0051168,https://www.facebook.com/vukkarvibes,1397040301789427,Worth the price.,Positive,0.885,3
cous__.1169,Mira,Frozen Burritos,PID0051169,https://www.facebook.com/vukkarvibes,1397040301789428,Loved the taste!,Negative,-0.674,2
cous__.1170,Divya,Frozen Lasagna,PID0051170,https://www.facebook.com/vukkarvibes,1397040301789429,"Not good, expected better.",Positive,0.885,1
cous__.1171,Rohan,Instant Noodles,PID0051171,https://www.facebook.com/vukkarvibes,1397040301789430,"Too spicy, not for me.",Neutral,0.0,5
cous__.1172,Arjun,Whole Wheat Bread,PID0051172,https://www.facebook.com/vukkarvibes,1397040301789431,Highly recommended!,Neutral,0.0,1
cous__.1173,Swati,Bagels,PID0051173,https://www.facebook.com/vukkarvibes,1397040301789432,"Not good, expected better.",Neutral,0.0,1
cous__.1174,Rohan,Croissants,PID0051174,https://www.facebook.com/vukkarvibes,1397040301789433,"Too spicy, not for me.",Neutral,0.0,4
cous__.1175,Divya,English Muffins,PID0051175,https://www.facebook.com/vukkarvibes,1397040301789434,"Not good, expected better.",Negative,-0.674,5
cous__.1176,Pooja,Pita Bread,PID0051176,https://www.facebook.com/vukkarvibes,1397040301789435,Not satisfied.,Negative,-0.674,5
cous__.1177,Pooja,Sourdough Bread,PID0051177,https://www.facebook.com/vukkarvibes,1397040301789436,Average experience.,Neutral,0.0,2
cous__.1178,Sneha,Multigrain Cereal,PID0051178,https://www.facebook.com/vukkarvibes,1397040301789437,Not satisfied.,Negative,-0.674,2
cous__.1179,Arjun,Oatmeal,PID0051179,https://www.facebook.com/vukkarvibes,1397040301789438,Not satisfied.,Neutral,0.0,2
cous__.1180,Sneha,Granola Bars,PID0051180,https://www.facebook.com/vukkarvibes,1397040301789439,Bad packaging.,Neutral,0.0,3
cous__.1181,Mira,Protein Bars,PID0051181,https://www.facebook.com/vukkarvibes,1397040301789440,"Too spicy, not for me.",Negative,-0.674,4
cous__.1182,Kunal,Raisin Bran Cereal,PID0051182,https://www.facebook.com/vukkarvibes,1397040301789441,Very delicious!,Negative,-0.674,1
cous__.1183,Rohan,Frozen Vegetables,PID0051183,https://www.facebook.com/vukkarvibes,1397040301789442,Loved the taste!,Positive,0.885,3
cous__.1184,Divya,Frozen French Fries,PID0051184,https://www.facebook.com/vukkarvibes,1397040301789443,Bad packaging.,Negative,-0.674,1
cous__.1185,Rahul,Frozen Chicken Nuggets,PID0051185,https://www.facebook.com/vukkarvibes,1397040301789444,"Too spicy, not for me.",Positive,0.885,4
cous__.1186,Suman,Frozen Fish Sticks,PID0051186,https://www.facebook.com/vukkarvibes,1397040301789445,Loved the taste!,Negative,-0.674,4
cous__.1187,Sneha,Frozen Dumplings,PID0051187,https://www.facebook.com/vukkarvibes,1397040301789446,Worth the price.,Neutral,0.0,2
cous__.1188,Raju,Frozen Spring Rolls,PID0051188,https://www.facebook.com/vukkarvibes,1397040301789447,"Too spicy, not for me.",Negative,-0.674,1
cous__.1189,Amit,Frozen Waffles,PID0051189,https://www.facebook.com/vukkarvibes,1397040301789448,"Not good, expected better.",Neutral,0.0,2
cous__.1190,Rohan,Frozen Berries,PID0051190,https://www.facebook.com/vukkarvibes,1397040301789449,Fresh and tasty.,Neutral,0.0,1
cous__.1191,Suman,Tofu,PID0051191,https://www.facebook.com/vukkarvibes,1397040301789450,Highly recommended!,Positive,0.885,5
cous__.1192,Kiran,Dried Fruits,PID0051192,https://www.facebook.com/vukkarvibes,1397040301789451,Not satisfied.,Negative,-0.674,3
cous__.1193,Swati,Canned Soup,PID0051193,https://www.facebook.com/vukkarvibes,1397040301789452,Worth the price.,Positive,0.885,3
cous__.1194,Suman,Nut Mix,PID0051194,https://www.facebook.com/vukkarvibes,1397040301789453,"Not good, expected better.",Negative,-0.674,5
cous__.1195,Rohan,Rice Cakes,PID0051195,https://www.facebook.com/vukkarvibes,1397040301789454,Bad packaging.,Neutral,0.0,2
cous__.1196,Rahul,Pancake Mix,PID0051196,https://www.facebook.com/vukkarvibes,1397040301789455,Worth the price.,Negative,-0.674,1
cous__.1197,Amit,Potato Chips,PID0051197,https://www.facebook.com/vukkarvibes,1397040301789456,"Too spicy, not for me.",Positive,0.885,4
cous__.1198,Arjun,Corn Chips,PID0051198,https://www.facebook.com/vukkarvibes,1397040301789457,Average experience.,Neutral,0.0,2
cous__.1199,Sneha,Tortilla Chips,PID0051199,https://www.facebook.com/vukkarvibes,1397040301789458,Worth the price.,Negative,-0.674,2
cous__.1200,Sita,Veggie Chips,PID0051200,https://www.facebook.com/vukkarvibes,1397040301789459,Loved the taste!,Positive,0.885,3
cous__.1201,Kiran,Pretzels,PID0051201,https://www.facebook.com/vukkarvibes,1397040301789460,Highly recommended!,Neutral,0.0,4
cous__.1202,Divya,Popcorn,PID0051202,https://www.facebook.com/vukkarvibes,1397040301789461,"Too spicy, not for me.",Neutral,0.0,3
cous__.1203,Varun,Milk,PID0051203,https://www.facebook.com/vukkarvibes,1397040301789462,Loved the taste!,Negative,-0.674,4
cous__.1204,Suman,Yogurt,PID0051204,https://www.facebook.com/vukkarvibes,1397040301789463,Highly recommended!,Neutral,0.0,2
cous__.1205,Swati,Cheddar Cheese,PID0051205,https://www.facebook.com/vukkarvibes,1397040301789464,Highly recommended!,Positive,0.885,4
cous__.1206,Kunal,Mozzarella Cheese,PID0051206,https://www.facebook.com/vukkarvibes,1397040301789465,"Not good, expected better.",Neutral,0.0,2
cous__.1207,Arjun,Greek Yogurt,PID0051207,https://www.facebook.com/vukkarvibes,1397040301789466,Not satisfied.,Positive,0.885,5
cous__.1208,Kiran,Butter,PID0051208,https://www.facebook.com/vukkarvibes,1397040301789467,Average experience.,Neutral,0.0,2
cous__.1209,Aditya,Cream Cheese,PID0051209,https://www.facebook.com/vukkarvibes,1397040301789468,Very delicious!,Positive,0.885,2
cous__.1210,Rohan,Cottage Cheese,PID0051210,https://www.facebook.com/vukkarvibes,1397040301789469,Bad packaging.,Positive,0.885,4
cous__.1211,Raju,Orange Juice,PID0051211,https://www.facebook.com/vukkarvibes,1397040301789470,Highly recommended!,Negative,-0.674,4
cous__.1212,Kiran,Apple Juice,PID0051212,https://www.facebook.com/vukkarvibes,1397040301789471,Fresh and tasty.,Negative,-0.674,2
cous__.1213,Pooja,Green Tea,PID0051213,https://www.facebook.com/vukkarvibes,1397040301789472,Loved the taste!,Negative,-0.674,1
cous__.1214,Pooja,Coffee,PID0051214,https://www.facebook.com/vukkarvibes,1397040301789473,"Too spicy, not for me.",Negative,-0.674,5
cous__.1215,Suman,Soft Drink,PID0051215,https://www.facebook.com/vukkarvibes,1397040301789474,"Too spicy, not for me.",Positive,0.885,3
cous__.1216,Rahul,Black Tea,PID0051216,https://www.facebook.com/vukkarvibes,1397040301789475,Fresh and tasty.,Positive,0.885,5
cous__.1217,Arjun,Herbal Tea,PID0051217,https://www.facebook.com/vukkarvibes,1397040301789476,Not satisfied.,Positive,0.885,4
cous__.1218,Amit,Sparkling Water,PID0051218,https://www.facebook.com/vukkarvibes,1397040301789477,Worth the price.,Negative,-0.674,3
cous__.1219,Raju,Ready-to-Eat Pasta,PID0051219,https://www.facebook.com/vukkarvibes,1397040301789478,Fresh and tasty.,Neutral,0.0,1
cous__.1220,Kunal,Frozen Pizza,PID0051220,https://www.facebook.com/vukkarvibes,1397040301789479,"Not good, expected better.",Neutral,0.0,4
cous__.1221,Suman,Frozen Burritos,PID0051221,https://www.facebook.com/vukkarvibes,1397040301789480,Loved the taste!,Neutral,0.0,1
cous__.1222,Suman,Frozen Lasagna,PID0051222,https://www.facebook.com/vukkarvibes,1397040301789481,Fresh and tasty.,Positive,0.885,2
cous__.1223,Kiran,Instant Noodles,PID0051223,https://www.facebook.com/vukkarvibes,1397040301789482,Bad packaging.,Negative,-0.674,3
cous__.1224,Sneha,Whole Wheat Bread,PID0051224,https://www.facebook.com/vukkarvibes,1397040301789483,Bad packaging.,Negative,-0.674,1
cous__.1225,Pooja,Bagels,PID0051225,https://www.facebook.com/vukkarvibes,1397040301789484,"Not good, expected better.",Negative,-0.674,1
cous__.1226,Rohan,Croissants,PID0051226,https://www.facebook.com/vukkarvibes,1397040301789485,Highly recommended!,Neutral,0.0,5
cous__.1227,Raju,English Muffins,PID0051227,https://www.facebook.com/vukkarvibes,1397040301789486,"Not good, expected better.",Neutral,0.0,1
cous__.1228,Arjun,Pita Bread,PID0051228,https://www.facebook.com/vukkarvibes,1397040301789487,Very delicious!,Positive,0.885,5
cous__.1229,Suman,Sourdough Bread,PID0051229,https://www.facebook.com/vukkarvibes,1397040301789488,Not satisfied.,Positive,0.885,5
cous__.1230,Aditya,Multigrain Cereal,PID0051230,https://www.facebook.com/vukkarvibes,1397040301789489,"Too spicy, not for me.",Neutral,0.0,1
cous__.1231,Pooja,Oatmeal,PID0051231,https://www.facebook.com/vukkarvibes,1397040301789490,Average experience.,Neutral,0.0,3
cous__.1232,Sneha,Granola Bars,PID0051232,https://www.facebook.com/vukkarvibes,1397040301789491,Fresh and tasty.,Negative,-0.674,5
cous__.1233,Sneha,Protein Bars,PID0051233,https://www.facebook.com/vukkarvibes,1397040301789492,Highly recommended!,Neutral,0.0,3
cous__.1234,Rohan,Raisin Bran Cereal,PID0051234,https://www.facebook.com/vukkarvibes,1397040301789493,"Not good, expected better.",Negative,-0.674,5
cous__.1235,Rahul,Frozen Vegetables,PID0051235,https://www.facebook.com/vukkarvibes,1397040301789494,Worth the price.,Neutral,0.0,4
cous__.1236,Varun,Frozen French Fries,PID0051236,https://www.facebook.com/vukkarvibes,1397040301789495,Highly recommended!,Negative,-0.674,1
cous__.1237,Priya,Frozen Chicken Nuggets,PID0051237,https://www.facebook.com/vukkarvibes,1397040301789496,Average experience.,Negative,-0.674,3
cous__.1238,Swati,Frozen Fish Sticks,PID0051238,https://www.facebook.com/vukkarvibes,1397040301789497,"Too spicy, not for me.",Negative,-0.674,2
cous__.1239,Raju,Frozen Dumplings,PID0051239,https://www.facebook.com/vukkarvibes,1397040301789498,Fresh and tasty.,Negative,-0.674,5
cous__.1240,Mira,Frozen Spring Rolls,PID0051240,https://www.facebook.com/vukkarvibes,1397040301789499,Loved the taste!,Positive,0.885,5
cous__.1241,Swati,Frozen Waffles,PID0051241,https://www.facebook.com/vukkarvibes,1397040301789500,Average experience.,Neutral,0.0,3
cous__.1242,Swati,Frozen Berries,PID0051242,https://www.facebook.com/vukkarvibes,1397040301789501,Highly recommended!,Negative,-0.674,5
cous__.1243,Varun,Tofu,PID0051243,https://www.facebook.com/vukkarvibes,1397040301789502,Worth the price.,Positive,0.885,5
cous__.1244,Kiran,Dried Fruits,PID0051244,https://www.facebook.com/vukkarvibes,1397040301789503,Fresh and tasty.,Neutral,0.0,2
cous__.1245,Mira,Canned Soup,PID0051245,https://www.facebook.com/vukkarvibes,1397040301789504,Very delicious!,Positive,0.885,2
cous__.1246,Suman,Nut Mix,PID0051246,https://www.facebook.com/vukkarvibes,1397040301789505,Worth the price.,Negative,-0.674,5
cous__.1247,Aditya,Rice Cakes,PID0051247,https://www.facebook.com/vukkarvibes,1397040301789506,"Not good, expected better.",Negative,-0.674,2
cous__.1248,Sneha,Pancake Mix,PID0051248,https://www.facebook.com/vukkarvibes,1397040301789507,Not satisfied.,Negative,-0.674,1
cous__.1249,Sneha,Potato Chips,PID0051249,https://www.facebook.com/vukkarvibes,1397040301789508,"Not good, expected better.",Neutral,0.0,2
cous__.1250,Amit,Corn Chips,PID0051250,https://www.facebook.com/vukkarvibes,1397040301789509,Worth the price.,Neutral,0.0,4
cous__.1251,Raju,Tortilla Chips,PID0051251,https://www.facebook.com/vukkarvibes,1397040301789510,"Not good, expected better.",Neutral,0.0,1
cous__.1252,Raju,Veggie Chips,PID0051252,https://www.facebook.com/vukkarvibes,1397040301789511,"Too spicy, not for me.",Negative,-0.674,2
cous__.1253,Sneha,Pretzels,PID0051253,https://www.facebook.com/vukkarvibes,1397040301789512,Fresh and tasty.,Positive,0.885,4
cous__.1254,Divya,Popcorn,PID0051254,https://www.facebook.com/vukkarvibes,1397040301789513,Highly recommended!,Neutral,0.0,3
cous__.1255,Aditya,Milk,PID0051255,https://www.facebook.com/vukkarvibes,1397040301789514,Bad packaging.,Positive,0.885,2
cous__.1256,Meera,Yogurt,PID0051256,https://www.facebook.com/vukkarvibes,1397040301789515,Average experience.,Positive,0.885,5
cous__.1257,Meera,Cheddar Cheese,PID0051257,https://www.facebook.com/vukkarvibes,1397040301789516,"Not good, expected better.",Neutral,0.0,2
cous__.1258,Varun,Mozzarella Cheese,PID0051258,https://www.facebook.com/vukkarvibes,1397040301789517,Loved the taste!,Neutral,0.0,2
cous__.1259,Kiran,Greek Yogurt,PID0051259,https://www.facebook.com/vukkarvibes,1397040301789518,Highly recommended!,Negative,-0.674,4
cous__.1260,Aditya,Butter,PID0051260,https://www.facebook.com/vukkarvibes,1397040301789519,Very delicious!,Positive,0.885,3
cous__.1261,Kunal,Cream Cheese,PID0051261,https://www.facebook.com/vukkarvibes,1397040301789520,Not satisfied.,Positive,0.885,4
cous__.1262,Aditya,Cottage Cheese,PID0051262,https://www.facebook.com/vukkarvibes,1397040301789521,Worth the price.,Neutral,0.0,3
cous__.1263,Rahul,Orange Juice,PID0051263,https://www.facebook.com/vukkarvibes,1397040301789522,Highly recommended!,Negative,-0.674,1
cous__.1264,Priya,Apple Juice,PID0051264,https://www.facebook.com/vukkarvibes,1397040301789523,Fresh and tasty.,Neutral,0.0,5
cous__.1265,Priya,Green Tea,PID0051265,https://www.facebook.com/vukkarvibes,1397040301789524,"Too spicy, not for me.",Positive,0.885,3
cous__.1266,Kunal,Coffee,PID0051266,https://www.facebook.com/vukkarvibes,1397040301789525,Highly recommended!,Negative,-0.674,1
cous__.1267,Varun,Soft Drink,PID0051267,https://www.facebook.com/vukkarvibes,1397040301789526,Bad packaging.,Positive,0.885,3
cous__.1268,Aditya,Black Tea,PID0051268,https://www.facebook.com/vukkarvibes,1397040301789527,Not satisfied.,Neutral,0.0,3
cous__.1269,Pooja,Herbal Tea,PID0051269,https://www.facebook.com/vukkarvibes,1397040301789528,Worth the price.,Positive,0.885,5
cous__.1270,Amit,Sparkling Water,PID0051270,https://www.facebook.com/vukkarvibes,1397040301789529,Loved the taste!,Neutral,0.0,1
cous__.1271,Mira,Ready-to-Eat Pasta,PID0051271,https://www.facebook.com/vukkarvibes,1397040301789530,Highly recommended!,Neutral,0.0,2
cous__.1272,Meera,Frozen Pizza,PID0051272,https://www.facebook.com/vukkarvibes,1397040301789531,Highly recommended!,Neutral,0.0,1
cous__.1273,Amit,Frozen Burritos,PID0051273,https://www.facebook.com/vukkarvibes,1397040301789532,Loved the taste!,Neutral,0.0,5
cous__.1274,Aditya,Frozen Lasagna,PID0051274,https://www.facebook.com/vukkarvibes,1397040301789533,Not satisfied.,Positive,0.885,2
cous__.1275,Raju,Instant Noodles,PID0051275,https://www.facebook.com/vukkarvibes,1397040301789534,Fresh and tasty.,Positive,0.885,2
cous__.1276,Rohan,Whole Wheat Bread,PID0051276,https://www.facebook.com/vukkarvibes,1397040301789535,Fresh and tasty.,Negative,-0.674,5
cous__.1277,Suman,Bagels,PID0051277,https://www.facebook.com/vukkarvibes,1397040301789536,"Too spicy, not for me.",Positive,0.885,2
cous__.1278,Kunal,Croissants,PID0051278,https://www.facebook.com/vukkarvibes,1397040301789537,Loved the taste!,Positive,0.885,5
cous__.1279,Arjun,English Muffins,PID0051279,https://www.facebook.com/vukkarvibes,1397040301789538,Not satisfied.,Positive,0.885,4
cous__.1280,Pooja,Pita Bread,PID0051280,https://www.facebook.com/vukkarvibes,1397040301789539,Bad packaging.,Negative,-0.674,5
cous__.1281,Mira,Sourdough Bread,PID0051281,https://www.facebook.com/vukkarvibes,1397040301789540,Loved the taste!,Positive,0.885,1
cous__.1282,Varun,Multigrain Cereal,PID0051282,https://www.facebook.com/vukkarvibes,1397040301789541,Loved the taste!,Neutral,0.0,2
cous__.1283,Rahul,Oatmeal,PID0051283,https://www.facebook.com/vukkarvibes,1397040301789542,"Not good, expected better.",Neutral,0.0,5
cous__.1284,Pooja,Granola Bars,PID0051284,https://www.facebook.com/vukkarvibes,1397040301789543,Fresh and tasty.,Neutral,0.0,3
cous__.1285,Raju,Protein Bars,PID0051285,https://www.facebook.com/vukkarvibes,1397040301789544,Not satisfied.,Negative,-0.674,3
cous__.1286,Amit,Raisin Bran Cereal,PID0051286,https://www.facebook.com/vukkarvibes,1397040301789545,Loved the taste!,Negative,-0.674,1
cous__.1287,Mira,Frozen Vegetables,PID0051287,https://www.facebook.com/vukkarvibes,1397040301789546,"Too spicy, not for me.",Neutral,0.0,1
cous__.1288,Meera,Frozen French Fries,PID0051288,https://www.facebook.com/vukkarvibes,1397040301789547,Very delicious!,Negative,-0.674,4
cous__.1289,Suman,Frozen Chicken Nuggets,PID0051289,https://www.facebook.com/vukkarvibes,1397040301789548,Worth the price.,Negative,-0.674,3
cous__.1290,Kiran,Frozen Fish Sticks,PID0051290,https://www.facebook.com/vukkarvibes,1397040301789549,Highly recommended!,Negative,-0.674,3
cous__.1291,Rohan,Frozen Dumplings,PID0051291,https://www.facebook.com/vukkarvibes,1397040301789550,"Not good, expected better.",Negative,-0.674,4
cous__.1292,Sita,Frozen Spring Rolls,PID0051292,https://www.facebook.com/vukkarvibes,1397040301789551,Fresh and tasty.,Negative,-0.674,4
cous__.1293,Pooja,Frozen Waffles,PID0051293,https://www.facebook.com/vukkarvibes,1397040301789552,Average experience.,Positive,0.885,3
cous__.1294,Divya,Frozen Berries,PID0051294,https://www.facebook.com/vukkarvibes,1397040301789553,Bad packaging.,Positive,0.885,1
cous__.1295,Suman,Tofu,PID0051295,https://www.facebook.com/vukkarvibes,1397040301789554,"Too spicy, not for me.",Neutral,0.0,4
cous__.1296,Mira,Dried Fruits,PID0051296,https://www.facebook.com/vukkarvibes,1397040301789555,Highly recommended!,Negative,-0.674,2
cous__.1297,Mira,Canned Soup,PID0051297,https://www.facebook.com/vukkarvibes,1397040301789556,"Too spicy, not for me.",Negative,-0.674,3
cous__.1298,Mira,Nut Mix,PID0051298,https://www.facebook.com/vukkarvibes,1397040301789557,Loved the taste!,Neutral,0.0,5
cous__.1299,Meera,Rice Cakes,PID0051299,https://www.facebook.com/vukkarvibes,1397040301789558,Loved the taste!,Neutral,0.0,1
cous__.1300,Swati,Pancake Mix,PID0051300,https://www.facebook.com/vukkarvibes,1397040301789559,"Not good, expected better.",Negative,-0.674,1
cous__.1301,Divya,Potato Chips,PID0051301,https://www.facebook.com/vukkarvibes,1397040301789560,Fresh and tasty.,Neutral,0.0,2
cous__.1302,Priya,Corn Chips,PID0051302,https://www.facebook.com/vukkarvibes,1397040301789561,Highly recommended!,Neutral,0.0,1
cous__.1303,Rahul,Tortilla Chips,PID0051303,https://www.facebook.com/vukkarvibes,1397040301789562,Very delicious!,Negative,-0.674,2
cous__.1304,Arjun,Veggie Chips,PID0051304,https://www.facebook.com/vukkarvibes,1397040301789563,Average experience.,Neutral,0.0,2
cous__.1305,Arjun,Pretzels,PID0051305,https://www.facebook.com/vukkarvibes,1397040301789564,Very delicious!,Neutral,0.0,4
cous__.1306,Amit,Popcorn,PID0051306,https://www.facebook.com/vukkarvibes,1397040301789565,Not satisfied.,Positive,0.885,3
cous__.1307,Divya,Milk,PID0051307,https://www.facebook.com/vukkarvibes,1397040301789566,Very delicious!,Positive,0.885,2
cous__.1308,Amit,Yogurt,PID0051308,https://www.facebook.com/vukkarvibes,1397040301789567,Highly recommended!,Neutral,0.0,2
cous__.1309,Suman,Cheddar Cheese,PID0051309,https://www.facebook.com/vukkarvibes,1397040301789568,Not satisfied.,Negative,-0.674,1
cous__.1310,Priya,Mozzarella Cheese,PID0051310,https://www.facebook.com/vukkarvibes,1397040301789569,Fresh and tasty.,Positive,0.885,5
cous__.1311,Raju,Greek Yogurt,PID0051311,https://www.facebook.com/vukkarvibes,1397040301789570,Not satisfied.,Positive,0.885,5
cous__.1312,Raju,Butter,PID0051312,https://www.facebook.com/vukkarvibes,1397040301789571,"Not good, expected better.",Positive,0.885,2
cous__.1313,Suman,Cream Cheese,PID0051313,https://www.facebook.com/vukkarvibes,1397040301789572,"Too spicy, not for me.",Neutral,0.0,2
cous__.1314,Sneha,Cottage Cheese,PID0051314,https://www.facebook.com/vukkarvibes,1397040301789573,"Not good, expected better.",Negative,-0.674,5
cous__.1315,Raju,Orange Juice,PID0051315,https://www.facebook.com/vukkarvibes,1397040301789574,"Too spicy, not for me.",Negative,-0.674,5
cous__.1316,Priya,Apple Juice,PID0051316,https://www.facebook.com/vukkarvibes,1397040301789575,Very delicious!,Neutral,0.0,1
cous__.1317,Sita,Green Tea,PID0051317,https://www.facebook.com/vukkarvibes,1397040301789576,Worth the price.,Negative,-0.674,3
cous__.1318,Meera,Coffee,PID0051318,https://www.facebook.com/vukkarvibes,1397040301789577,Fresh and tasty.,Positive,0.885,3
cous__.1319,Amit,Soft Drink,PID0051319,https://www.facebook.com/vukkarvibes,1397040301789578,"Too spicy, not for me.",Neutral,0.0,1
cous__.1320,Arjun,Black Tea,PID0051320,https://www.facebook.com/vukkarvibes,1397040301789579,Bad packaging.,Positive,0.885,3
cous__.1321,Arjun,Herbal Tea,PID0051321,https://www.facebook.com/vukkarvibes,1397040301789580,Very delicious!,Neutral,0.0,2
cous__.1322,Arjun,Sparkling Water,PID0051322,https://www.facebook.com/vukkarvibes,1397040301789581,Fresh and tasty.,Negative,-0.674,1
cous__.1323,Priya,Ready-to-Eat Pasta,PID0051323,https://www.facebook.com/vukkarvibes,1397040301789582,Very delicious!,Negative,-0.674,5
cous__.1324,Kunal,Frozen Pizza,PID0051324,https://www.facebook.com/vukkarvibes,1397040301789583,Very delicious!,Positive,0.885,3
cous__.1325,Kunal,Frozen Burritos,PID0051325,https://www.facebook.com/vukkarvibes,1397040301789584,Very delicious!,Negative,-0.674,4
cous__.1326,Swati,Frozen Lasagna,PID0051326,https://www.facebook.com/vukkarvibes,1397040301789585,Worth the price.,Positive,0.885,2
cous__.1327,Divya,Instant Noodles,PID0051327,https://www.facebook.com/vukkarvibes,1397040301789586,Worth the price.,Positive,0.885,4
cous__.1328,Mira,Whole Wheat Bread,PID0051328,https://www.facebook.com/vukkarvibes,1397040301789587,Bad packaging.,Positive,0.885,2
cous__.1329,Arjun,Bagels,PID0051329,https://www.facebook.com/vukkarvibes,1397040301789588,Worth the price.,Positive,0.885,4
cous__.1330,Rohan,Croissants,PID0051330,https://www.facebook.com/vukkarvibes,1397040301789589,Highly recommended!,Neutral,0.0,5
cous__.1331,Raju,English Muffins,PID0051331,https://www.facebook.com/vukkarvibes,1397040301789590,Highly recommended!,Positive,0.885,2
cous__.1332,Suman,Pita Bread,PID0051332,https://www.facebook.com/vukkarvibes,1397040301789591,"Not good, expected better.",Neutral,0.0,5
cous__.1333,Meera,Sourdough Bread,PID0051333,https://www.facebook.com/vukkarvibes,1397040301789592,Average experience.,Negative,-0.674,1
cous__.1334,Kiran,Multigrain Cereal,PID0051334,https://www.facebook.com/vukkarvibes,1397040301789593,Fresh and tasty.,Negative,-0.674,2
cous__.1335,Rahul,Oatmeal,PID0051335,https://www.facebook.com/vukkarvibes,1397040301789594,"Not good, expected better.",Neutral,0.0,4
cous__.1336,Swati,Granola Bars,PID0051336,https://www.facebook.com/vukkarvibes,1397040301789595,Loved the taste!,Negative,-0.674,2
cous__.1337,Meera,Protein Bars,PID0051337,https://www.facebook.com/vukkarvibes,1397040301789596,Average experience.,Negative,-0.674,5
cous__.1338,Divya,Raisin Bran Cereal,PID0051338,https://www.facebook.com/vukkarvibes,1397040301789597,Highly recommended!,Positive,0.885,3
cous__.1339,Sita,Frozen Vegetables,PID0051339,https://www.facebook.com/vukkarvibes,1397040301789598,Fresh and tasty.,Positive,0.885,1
cous__.1340,Rahul,Frozen French Fries,PID0051340,https://www.facebook.com/vukkarvibes,1397040301789599,Not satisfied.,Positive,0.885,3
cous__.1341,Divya,Frozen Chicken Nuggets,PID0051341,https://www.facebook.com/vukkarvibes,1397040301789600,Average experience.,Negative,-0.674,1
cous__.1342,Kiran,Frozen Fish Sticks,PID0051342,https://www.facebook.com/vukkarvibes,1397040301789601,Not satisfied.,Negative,-0.674,3
cous__.1343,Raju,Frozen Dumplings,PID0051343,https://www.facebook.com/vukkarvibes,1397040301789602,Average experience.,Neutral,0.0,2
cous__.1344,Priya,Frozen Spring Rolls,PID0051344,https://www.facebook.com/vukkarvibes,1397040301789603,Loved the taste!,Negative,-0.674,1
cous__.1345,Divya,Frozen Waffles,PID0051345,https://www.facebook.com/vukkarvibes,1397040301789604,Fresh and tasty.,Positive,0.885,1
cous__.1346,Aditya,Frozen Berries,PID0051346,https://www.facebook.com/vukkarvibes,1397040301789605,Worth the price.,Neutral,0.0,5
cous__.1347,Varun,Tofu,PID0051347,https://www.facebook.com/vukkarvibes,1397040301789606,Worth the price.,Positive,0.885,3
cous__.1348,Swati,Dried Fruits,PID0051348,https://www.facebook.com/vukkarvibes,1397040301789607,Bad packaging.,Positive,0.885,2
cous__.1349,Kunal,Canned Soup,PID0051349,https://www.facebook.com/vukkarvibes,1397040301789608,Loved the taste!,Positive,0.885,3
cous__.1350,Meera,Nut Mix,PID0051350,https://www.facebook.com/vukkarvibes,1397040301789609,Very delicious!,Positive,0.885,2
cous__.1351,Swati,Rice Cakes,PID0051351,https://www.facebook.com/vukkarvibes,1397040301789610,Bad packaging.,Neutral,0.0,2
cous__.1352,Meera,Pancake Mix,PID0051352,https://www.facebook.com/vukkarvibes,1397040301789611,"Too spicy, not for me.",Negative,-0.674,1
cous__.1353,Sita,Potato Chips,PID0051353,https://www.facebook.com/vukkarvibes,1397040301789612,Highly recommended!,Neutral,0.0,5
cous__.1354,Swati,Corn Chips,PID0051354,https://www.facebook.com/vukkarvibes,1397040301789613,Average experience.,Positive,0.885,2
cous__.1355,Varun,Tortilla Chips,PID0051355,https://www.facebook.com/vukkarvibes,1397040301789614,Not satisfied.,Neutral,0.0,5
cous__.1356,Swati,Veggie Chips,PID0051356,https://www.facebook.com/vukkarvibes,1397040301789615,Worth the price.,Positive,0.885,1
cous__.1357,Amit,Pretzels,PID0051357,https://www.facebook.com/vukkarvibes,1397040301789616,Average experience.,Negative,-0.674,5
cous__.1358,Suman,Popcorn,PID0051358,https://www.facebook.com/vukkarvibes,1397040301789617,"Not good, expected better.",Negative,-0.674,1
cous__.1359,Sita,Milk,PID0051359,https://www.facebook.com/vukkarvibes,1397040301789618,Bad packaging.,Neutral,0.0,2
cous__.1360,Rahul,Yogurt,PID0051360,https://www.facebook.com/vukkarvibes,1397040301789619,Loved the taste!,Negative,-0.674,2
cous__.1361,Amit,Cheddar Cheese,PID0051361,https://www.facebook.com/vukkarvibes,1397040301789620,Average experience.,Positive,0.885,5
cous__.1362,Pooja,Mozzarella Cheese,PID0051362,https://www.facebook.com/vukkarvibes,1397040301789621,"Too spicy, not for me.",Negative,-0.674,2
cous__.1363,Sita,Greek Yogurt,PID0051363,https://www.facebook.com/vukkarvibes,1397040301789622,Worth the price.,Neutral,0.0,5
cous__.1364,Arjun,Butter,PID0051364,https://www.facebook.com/vukkarvibes,1397040301789623,"Not good, expected better.",Neutral,0.0,4
cous__.1365,Rahul,Cream Cheese,PID0051365,https://www.facebook.com/vukkarvibes,1397040301789624,Loved the taste!,Positive,0.885,2
cous__.1366,Pooja,Cottage Cheese,PID0051366,https://www.facebook.com/vukkarvibes,1397040301789625,Average experience.,Positive,0.885,2
cous__.1367,Divya,Orange Juice,PID0051367,https://www.facebook.com/vukkarvibes,1397040301789626,Average experience.,Positive,0.885,4
cous__.1368,Sita,Apple Juice,PID0051368,https://www.facebook.com/vukkarvibes,1397040301789627,Fresh and tasty.,Neutral,0.0,4
cous__.1369,Swati,Green Tea,PID0051369,https://www.facebook.com/vukkarvibes,1397040301789628,"Too spicy, not for me.",Positive,0.885,4
cous__.1370,Rohan,Coffee,PID0051370,https://www.facebook.com/vukkarvibes,1397040301789629,Very delicious!,Positive,0.885,2
cous__.1371,Amit,Soft Drink,PID0051371,https://www.facebook.com/vukkarvibes,1397040301789630,Average experience.,Negative,-0.674,5
cous__.1372,Sneha,Black Tea,PID0051372,https://www.facebook.com/vukkarvibes,1397040301789631,Loved the taste!,Positive,0.885,2
cous__.1373,Pooja,Herbal Tea,PID0051373,https://www.facebook.com/vukkarvibes,1397040301789632,Very delicious!,Positive,0.885,4
cous__.1374,Divya,Sparkling Water,PID0051374,https://www.facebook.com/vukkarvibes,1397040301789633,"Too spicy, not for me.",Negative,-0.674,2
cous__.1375,Rahul,Ready-to-Eat Pasta,PID0051375,https://www.facebook.com/vukkarvibes,1397040301789634,Not satisfied.,Negative,-0.674,2
cous__.1376,Raju,Frozen Pizza,PID0051376,https://www.facebook.com/vukkarvibes,1397040301789635,Fresh and tasty.,Negative,-0.674,3
cous__.1377,Aditya,Frozen Burritos,PID0051377,https://www.facebook.com/vukkarvibes,1397040301789636,"Not good, expected better.",Negative,-0.674,3
cous__.1378,Rahul,Frozen Lasagna,PID0051378,https://www.facebook.com/vukkarvibes,1397040301789637,Average experience.,Neutral,0.0,3
cous__.1379,Amit,Instant Noodles,PID0051379,https://www.facebook.com/vukkarvibes,1397040301789638,Highly recommended!,Positive,0.885,4
cous__.1380,Suman,Whole Wheat Bread,PID0051380,https://www.facebook.com/vukkarvibes,1397040301789639,Very delicious!,Negative,-0.674,5
cous__.1381,Mira,Bagels,PID0051381,https://www.facebook.com/vukkarvibes,1397040301789640,Worth the price.,Neutral,0.0,1
cous__.1382,Kunal,Croissants,PID0051382,https://www.facebook.com/vukkarvibes,1397040301789641,Highly recommended!,Neutral,0.0,1
cous__.1383,Pooja,English Muffins,PID0051383,https://www.facebook.com/vukkarvibes,1397040301789642,Bad packaging.,Neutral,0.0,1
cous__.1384,Rohan,Pita Bread,PID0051384,https://www.facebook.com/vukkarvibes,1397040301789643,"Not good, expected better.",Negative,-0.674,4
cous__.1385,Meera,Sourdough Bread,PID0051385,https://www.facebook.com/vukkarvibes,1397040301789644,Highly recommended!,Neutral,0.0,3
cous__.1386,Sneha,Multigrain Cereal,PID0051386,https://www.facebook.com/vukkarvibes,1397040301789645,"Too spicy, not for me.",Positive,0.885,2
cous__.1387,Aditya,Oatmeal,PID0051387,https://www.facebook.com/vukkarvibes,1397040301789646,Bad packaging.,Negative,-0.674,3
cous__.1388,Amit,Granola Bars,PID0051388,https://www.facebook.com/vukkarvibes,1397040301789647,Loved the taste!,Positive,0.885,4
cous__.1389,Divya,Protein Bars,PID0051389,https://www.facebook.com/vukkarvibes,1397040301789648,Worth the price.,Negative,-0.674,2
cous__.1390,Divya,Raisin Bran Cereal,PID0051390,https://www.facebook.com/vukkarvibes,1397040301789649,Not satisfied.,Negative,-0.674,5
cous__.1391,Sneha,Frozen Vegetables,PID0051391,https://www.facebook.com/vukkarvibes,1397040301789650,Highly recommended!,Negative,-0.674,3
cous__.1392,Aditya,Frozen French Fries,PID0051392,https://www.facebook.com/vukkarvibes,1397040301789651,Very delicious!,Positive,0.885,4
cous__.1393,Priya,Frozen Chicken Nuggets,PID0051393,https://www.facebook.com/vukkarvibes,1397040301789652,Average experience.,Negative,-0.674,5
cous__.1394,Raju,Frozen Fish Sticks,PID0051394,https://www.facebook.com/vukkarvibes,1397040301789653,Worth the price.,Negative,-0.674,2
cous__.1395,Aditya,Frozen Dumplings,PID0051395,https://www.facebook.com/vukkarvibes,1397040301789654,Loved the taste!,Neutral,0.0,5
cous__.1396,Kiran,Frozen Spring Rolls,PID0051396,https://www.facebook.com/vukkarvibes,1397040301789655,"Too spicy, not for me.",Neutral,0.0,5
cous__.1397,Rohan,Frozen Waffles,PID0051397,https://www.facebook.com/vukkarvibes,1397040301789656,Average experience.,Negative,-0.674,1
cous__.1398,Swati,Frozen Berries,PID0051398,https://www.facebook.com/vukkarvibes,1397040301789657,Worth the price.,Negative,-0.674,2
cous__.1399,Rahul,Tofu,PID0051399,https://www.facebook.com/vukkarvibes,1397040301789658,Bad packaging.,Neutral,0.0,4
cous__.1400,Swati,Dried Fruits,PID0051400,https://www.facebook.com/vukkarvibes,1397040301789659,Not satisfied.,Neutral,0.0,1
cous__.1401,Swati,Canned Soup,PID0051401,https://www.facebook.com/vukkarvibes,1397040301789660,"Too spicy, not for me.",Neutral,0.0,4
cous__.1402,Priya,Nut Mix,PID0051402,https://www.facebook.com/vukkarvibes,1397040301789661,"Not good, expected better.",Neutral,0.0,4
cous__.1403,Mira,Rice Cakes,PID0051403,https://www.facebook.com/vukkarvibes,1397040301789662,Highly recommended!,Positive,0.885,1
cous__.1404,Arjun,Pancake Mix,PID0051404,https://www.facebook.com/vukkarvibes,1397040301789663,Loved the taste!,Negative,-0.674,1
cous__.1405,Swati,Potato Chips,PID0051405,https://www.facebook.com/vukkarvibes,1397040301789664,Not satisfied.,Neutral,0.0,3
cous__.1406,Rahul,Corn Chips,PID0051406,https://www.facebook.com/vukkarvibes,1397040301789665,Not satisfied.,Negative,-0.674,5
cous__.1407,Meera,Tortilla Chips,PID0051407,https://www.facebook.com/vukkarvibes,1397040301789666,Highly recommended!,Positive,0.885,4
cous__.1408,Raju,Veggie Chips,PID0051408,https://www.facebook.com/vukkarvibes,1397040301789667,Average experience.,Neutral,0.0,1
cous__.1409,Raju,Pretzels,PID0051409,https://www.facebook.com/vukkarvibes,1397040301789668,"Not good, expected better.",Neutral,0.0,3
cous__.1410,Aditya,Popcorn,PID0051410,https://www.facebook.com/vukkarvibes,1397040301789669,"Too spicy, not for me.",Positive,0.885,1
cous__.1411,Sneha,Milk,PID0051411,https://www.facebook.com/vukkarvibes,1397040301789670,Very delicious!,Negative,-0.674,2
cous__.1412,Kunal,Yogurt,PID0051412,https://www.facebook.com/vukkarvibes,1397040301789671,"Not good, expected better.",Negative,-0.674,1
cous__.1413,Meera,Cheddar Cheese,PID0051413,https://www.facebook.com/vukkarvibes,1397040301789672,Highly recommended!,Negative,-0.674,5
cous__.1414,Pooja,Mozzarella Cheese,PID0051414,https://www.facebook.com/vukkarvibes,1397040301789673,Fresh and tasty.,Positive,0.885,4
cous__.1415,Pooja,Greek Yogurt,PID0051415,https://www.facebook.com/vukkarvibes,1397040301789674,Bad packaging.,Negative,-0.674,5
cous__.1416,Priya,Butter,PID0051416,https://www.facebook.com/vukkarvibes,1397040301789675,Highly recommended!,Positive,0.885,5
cous__.1417,Swati,Cream Cheese,PID0051417,https://www.facebook.com/vukkarvibes,1397040301789676,Worth the price.,Positive,0.885,4
cous__.1418,Sita,Cottage Cheese,PID0051418,https://www.facebook.com/vukkarvibes,1397040301789677,Very delicious!,Neutral,0.0,5
cous__.1419,Amit,Orange Juice,PID0051419,https://www.facebook.com/vukkarvibes,1397040301789678,Average experience.,Neutral,0.0,1
cous__.1420,Sneha,Apple Juice,PID0051420,https://www.facebook.com/vukkarvibes,1397040301789679,Fresh and tasty.,Negative,-0.674,1
cous__.1421,Rahul,Green Tea,PID0051421,https://www.facebook.com/vukkarvibes,1397040301789680,Highly recommended!,Negative,-0.674,2
cous__.1422,Divya,Coffee,PID0051422,https://www.facebook.com/vukkarvibes,1397040301789681,"Too spicy, not for me.",Neutral,0.0,5
cous__.1423,Aditya,Soft Drink,PID0051423,https://www.facebook.com/vukkarvibes,1397040301789682,Highly recommended!,Positive,0.885,1
cous__.1424,Aditya,Black Tea,PID0051424,https://www.facebook.com/vukkarvibes,1397040301789683,Not satisfied.,Neutral,0.0,3
cous__.1425,Varun,Herbal Tea,PID0051425,https://www.facebook.com/vukkarvibes,1397040301789684,Not satisfied.,Negative,-0.674,1
cous__.1426,Sita,Sparkling Water,PID0051426,https://www.facebook.com/vukkarvibes,1397040301789685,"Not good, expected better.",Neutral,0.0,4
cous__.1427,Sneha,Ready-to-Eat Pasta,PID0051427,https://www.facebook.com/vukkarvibes,1397040301789686,Bad packaging.,Positive,0.885,1
cous__.1428,Sneha,Frozen Pizza,PID0051428,https://www.facebook.com/vukkarvibes,1397040301789687,"Not good, expected better.",Negative,-0.674,1
cous__.1429,Varun,Frozen Burritos,PID0051429,https://www.facebook.com/vukkarvibes,1397040301789688,Bad packaging.,Negative,-0.674,4
cous__.1430,Amit,Frozen Lasagna,PID0051430,https://www.facebook.com/vukkarvibes,1397040301789689,"Not good, expected better.",Neutral,0.0,2
cous__.1431,Priya,Instant Noodles,PID0051431,https://www.facebook.com/vukkarvibes,1397040301789690,Not satisfied.,Positive,0.885,5
cous__.1432,Kunal,Whole Wheat Bread,PID0051432,https://www.facebook.com/vukkarvibes,1397040301789691,Bad packaging.,Neutral,0.0,5
cous__.1433,Amit,Bagels,PID0051433,https://www.facebook.com/vukkarvibes,1397040301789692,Highly recommended!,Neutral,0.0,3
cous__.1434,Arjun,Croissants,PID0051434,https://www.facebook.com/vukkarvibes,1397040301789693,Bad packaging.,Positive,0.885,1
cous__.1435,Swati,English Muffins,PID0051435,https://www.facebook.com/vukkarvibes,1397040301789694,Very delicious!,Negative,-0.674,1
cous__.1436,Raju,Pita Bread,PID0051436,https://www.facebook.com/vukkarvibes,1397040301789695,"Not good, expected better.",Neutral,0.0,1
cous__.1437,Priya,Sourdough Bread,PID0051437,https://www.facebook.com/vukkarvibes,1397040301789696,Highly recommended!,Positive,0.885,1
cous__.1438,Kunal,Multigrain Cereal,PID0051438,https://www.facebook.com/vukkarvibes,1397040301789697,Not satisfied.,Positive,0.885,2
cous__.1439,Meera,Oatmeal,PID0051439,https://www.facebook.com/vukkarvibes,1397040301789698,"Not good, expected better.",Neutral,0.0,3
cous__.1440,Suman,Granola Bars,PID0051440,https://www.facebook.com/vukkarvibes,1397040301789699,"Not good, expected better.",Positive,0.885,3
cous__.1441,Mira,Protein Bars,PID0051441,https://www.facebook.com/vukkarvibes,1397040301789700,Loved the taste!,Negative,-0.674,5
cous__.1442,Arjun,Raisin Bran Cereal,PID0051442,https://www.facebook.com/vukkarvibes,1397040301789701,Fresh and tasty.,Neutral,0.0,4
cous__.1443,Sneha,Frozen Vegetables,PID0051443,https://www.facebook.com/vukkarvibes,1397040301789702,"Too spicy, not for me.",Positive,0.885,2
cous__.1444,Sita,Frozen French Fries,PID0051444,https://www.facebook.com/vukkarvibes,1397040301789703,Average experience.,Positive,0.885,5
cous__.1445,Kunal,Frozen Chicken Nuggets,PID0051445,https://www.facebook.com/vukkarvibes,1397040301789704,Very delicious!,Neutral,0.0,2
cous__.1446,Rahul,Frozen Fish Sticks,PID0051446,https://www.facebook.com/vukkarvibes,1397040301789705,Average experience.,Negative,-0.674,5
cous__.1447,Kunal,Frozen Dumplings,PID0051447,https://www.facebook.com/vukkarvibes,1397040301789706,Average experience.,Positive,0.885,1
cous__.1448,Kiran,Frozen Spring Rolls,PID0051448,https://www.facebook.com/vukkarvibes,1397040301789707,Very delicious!,Positive,0.885,5
cous__.1449,Sneha,Frozen Waffles,PID0051449,https://www.facebook.com/vukkarvibes,1397040301789708,Bad packaging.,Positive,0.885,2
cous__.1450,Amit,Frozen Berries,PID0051450,https://www.facebook.com/vukkarvibes,1397040301789709,Average experience.,Negative,-0.674,5
cous__.1451,Kunal,Tofu,PID0051451,https://www.facebook.com/vukkarvibes,1397040301789710,"Too spicy, not for me.",Negative,-0.674,3
cous__.1452,Suman,Dried Fruits,PID0051452,https://www.facebook.com/vukkarvibes,1397040301789711,"Too spicy, not for me.",Neutral,0.0,1
cous__.1453,Amit,Canned Soup,PID0051453,https://www.facebook.com/vukkarvibes,1397040301789712,"Too spicy, not for me.",Positive,0.885,1
cous__.1454,Swati,Nut Mix,PID0051454,https://www.facebook.com/vukkarvibes,1397040301789713,Fresh and tasty.,Negative,-0.674,5
cous__.1455,Amit,Rice Cakes,PID0051455,https://www.facebook.com/vukkarvibes,1397040301789714,"Not good, expected better.",Neutral,0.0,3
cous__.1456,Pooja,Pancake Mix,PID0051456,https://www.facebook.com/vukkarvibes,1397040301789715,Very delicious!,Neutral,0.0,1
cous__.1457,Priya,Potato Chips,PID0051457,https://www.facebook.com/vukkarvibes,1397040301789716,"Not good, expected better.",Neutral,0.0,5
cous__.1458,Divya,Corn Chips,PID0051458,https://www.facebook.com/vukkarvibes,1397040301789717,Very delicious!,Neutral,0.0,3
cous__.1459,Meera,Tortilla Chips,PID0051459,https://www.facebook.com/vukkarvibes,1397040301789718,Average experience.,Negative,-0.674,2
cous__.1460,Pooja,Veggie Chips,PID0051460,https://www.facebook.com/vukkarvibes,1397040301789719,Bad packaging.,Positive,0.885,1
cous__.1461,Arjun,Pretzels,PID0051461,https://www.facebook.com/vukkarvibes,1397040301789720,"Too spicy, not for me.",Negative,-0.674,4
cous__.1462,Sneha,Popcorn,PID0051462,https://www.facebook.com/vukkarvibes,1397040301789721,Loved the taste!,Negative,-0.674,5
cous__.1463,Amit,Milk,PID0051463,https://www.facebook.com/vukkarvibes,1397040301789722,"Too spicy, not for me.",Positive,0.885,5
cous__.1464,Swati,Yogurt,PID0051464,https://www.facebook.com/vukkarvibes,1397040301789723,Worth the price.,Positive,0.885,1
cous__.1465,Rahul,Cheddar Cheese,PID0051465,https://www.facebook.com/vukkarvibes,1397040301789724,Average experience.,Positive,0.885,2
cous__.1466,Varun,Mozzarella Cheese,PID0051466,https://www.facebook.com/vukkarvibes,1397040301789725,Average experience.,Negative,-0.674,5
cous__.1467,Arjun,Greek Yogurt,PID0051467,https://www.facebook.com/vukkarvibes,1397040301789726,Highly recommended!,Positive,0.885,4
cous__.1468,Meera,Butter,PID0051468,https://www.facebook.com/vukkarvibes,1397040301789727,Not satisfied.,Positive,0.885,5
cous__.1469,Aditya,Cream Cheese,PID0051469,https://www.facebook.com/vukkarvibes,1397040301789728,Not satisfied.,Neutral,0.0,4
cous__.1470,Rahul,Cottage Cheese,PID0051470,https://www.facebook.com/vukkarvibes,1397040301789729,Not satisfied.,Positive,0.885,1
cous__.1471,Mira,Orange Juice,PID0051471,https://www.facebook.com/vukkarvibes,1397040301789730,"Not good, expected better.",Negative,-0.674,3
cous__.1472,Pooja,Apple Juice,PID0051472,https://www.facebook.com/vukkarvibes,1397040301789731,Not satisfied.,Neutral,0.0,4
cous__.1473,Raju,Green Tea,PID0051473,https://www.facebook.com/vukkarvibes,1397040301789732,Loved the taste!,Negative,-0.674,1
cous__.1474,Varun,Coffee,PID0051474,https://www.facebook.com/vukkarvibes,1397040301789733,Loved the taste!,Positive,0.885,1
cous__.1475,Varun,Soft Drink,PID0051475,https://www.facebook.com/vukkarvibes,1397040301789734,"Too spicy, not for me.",Positive,0.885,5
cous__.1476,Raju,Black Tea,PID0051476,https://www.facebook.com/vukkarvibes,1397040301789735,Very delicious!,Neutral,0.0,1
cous__.1477,Kunal,Herbal Tea,PID0051477,https://www.facebook.com/vukkarvibes,1397040301789736,Bad packaging.,Neutral,0.0,5
cous__.1478,Varun,Sparkling Water,PID0051478,https://www.facebook.com/vukkarvibes,1397040301789737,Not satisfied.,Negative,-0.674,2
cous__.1479,Kunal,Ready-to-Eat Pasta,PID0051479,https://www.facebook.com/vukkarvibes,1397040301789738,Average experience.,Negative,-0.674,2
cous__.1480,Sita,Frozen Pizza,PID0051480,https://www.facebook.com/vukkarvibes,1397040301789739,Worth the price.,Negative,-0.674,2
cous__.1481,Rohan,Frozen Burritos,PID0051481,https://www.facebook.com/vukkarvibes,1397040301789740,"Too spicy, not for me.",Positive,0.885,5
cous__.1482,Aditya,Frozen Lasagna,PID0051482,https://www.facebook.com/vukkarvibes,1397040301789741,"Not good, expected better.",Positive,0.885,1
cous__.1483,Varun,Instant Noodles,PID0051483,https://www.facebook.com/vukkarvibes,1397040301789742,Average experience.,Negative,-0.674,5
cous__.1484,Pooja,Whole Wheat Bread,PID0051484,https://www.facebook.com/vukkarvibes,1397040301789743,Fresh and tasty.,Positive,0.885,3
cous__.1485,Sneha,Bagels,PID0051485,https://www.facebook.com/vukkarvibes,1397040301789744,Fresh and tasty.,Positive,0.885,2
cous__.1486,Raju,Croissants,PID0051486,https://www.facebook.com/vukkarvibes,1397040301789745,Average experience.,Neutral,0.0,5
cous__.1487,Pooja,English Muffins,PID0051487,https://www.facebook.com/vukkarvibes,1397040301789746,Average experience.,Negative,-0.674,3
cous__.1488,Aditya,Pita Bread,PID0051488,https://www.facebook.com/vukkarvibes,1397040301789747,Bad packaging.,Positive,0.885,2
cous__.1489,Kiran,Sourdough Bread,PID0051489,https://www.facebook.com/vukkarvibes,1397040301789748,Fresh and tasty.,Negative,-0.674,1
cous__.1490,Sita,Multigrain Cereal,PID0051490,https://www.facebook.com/vukkarvibes,1397040301789749,Worth the price.,Neutral,0.0,1
cous__.1491,Pooja,Oatmeal,PID0051491,https://www.facebook.com/vukkarvibes,1397040301789750,Not satisfied.,Positive,0.885,5
cous__.1492,Sita,Granola Bars,PID0051492,https://www.facebook.com/vukkarvibes,1397040301789751,Loved the taste!,Positive,0.885,5
cous__.1493,Rahul,Protein Bars,PID0051493,https://www.facebook.com/vukkarvibes,1397040301789752,Not satisfied.,Positive,0.885,3
cous__.1494,Raju,Raisin Bran Cereal,PID0051494,https://www.facebook.com/vukkarvibes,1397040301789753,Average experience.,Negative,-0.674,1
cous__.1495,Meera,Frozen Vegetables,PID0051495,https://www.facebook.com/vukkarvibes,1397040301789754,Not satisfied.,Neutral,0.0,3
cous__.1496,Aditya,Frozen French Fries,PID0051496,https://www.facebook.com/vukkarvibes,1397040301789755,Highly recommended!,Negative,-0.674,5
cous__.1497,Mira,Frozen Chicken Nuggets,PID0051497,https://www.facebook.com/vukkarvibes,1397040301789756,Highly recommended!,Negative,-0.674,2
cous__.1498,Pooja,Frozen Fish Sticks,PID0051498,https://www.facebook.com/vukkarvibes,1397040301789757,Bad packaging.,Negative,-0.674,5
cous__.1499,Pooja,Frozen Dumplings,PID0051499,https://www.facebook.com/vukkarvibes,1397040301789758,Fresh and tasty.,Positive,0.885,2
cous__.1500,Mira,Frozen Spring Rolls,PID0051500,https://www.facebook.com/vukkarvibes,1397040301789759,Not satisfied.,Negative,-0.674,2
cous__.1501,Swati,Frozen Waffles,PID0051501,https://www.facebook.com/vukkarvibes,1397040301789760,Bad packaging.,Neutral,0.0,1
cous__.1502,Sita,Frozen Berries,PID0051502,https://www.facebook.com/vukkarvibes,1397040301789761,Loved the taste!,Negative,-0.674,5
cous__.1503,Priya,Tofu,PID0051503,https://www.facebook.com/vukkarvibes,1397040301789762,Highly recommended!,Negative,-0.674,5
cous__.1504,Meera,Dried Fruits,PID0051504,https://www.facebook.com/vukkarvibes,1397040301789763,Highly recommended!,Neutral,0.0,1
cous__.1505,Sita,Canned Soup,PID0051505,https://www.facebook.com/vukkarvibes,1397040301789764,"Not good, expected better.",Negative,-0.674,2
cous__.1506,Meera,Nut Mix,PID0051506,https://www.facebook.com/vukkarvibes,1397040301789765,"Too spicy, not for me.",Neutral,0.0,3
cous__.1507,Meera,Rice Cakes,PID0051507,https://www.facebook.com/vukkarvibes,1397040301789766,Worth the price.,Neutral,0.0,4
cous__.1508,Pooja,Pancake Mix,PID0051508,https://www.facebook.com/vukkarvibes,1397040301789767,Worth the price.,Positive,0.885,4
cous__.1509,Raju,Potato Chips,PID0051509,https://www.facebook.com/vukkarvibes,1397040301789768,Average experience.,Neutral,0.0,1
cous__.1510,Swati,Corn Chips,PID0051510,https://www.facebook.com/vukkarvibes,1397040301789769,"Not good, expected better.",Positive,0.885,3
cous__.1511,Amit,Tortilla Chips,PID0051511,https://www.facebook.com/vukkarvibes,1397040301789770,"Too spicy, not for me.",Neutral,0.0,5
cous__.1512,Aditya,Veggie Chips,PID0051512,https://www.facebook.com/vukkarvibes,1397040301789771,Highly recommended!,Positive,0.885,3
cous__.1513,Priya,Pretzels,PID0051513,https://www.facebook.com/vukkarvibes,1397040301789772,"Too spicy, not for me.",Negative,-0.674,4
cous__.1514,Kunal,Popcorn,PID0051514,https://www.facebook.com/vukkarvibes,1397040301789773,Very delicious!,Positive,0.885,3
cous__.1515,Rahul,Milk,PID0051515,https://www.facebook.com/vukkarvibes,1397040301789774,"Too spicy, not for me.",Negative,-0.674,2
cous__.1516,Suman,Yogurt,PID0051516,https://www.facebook.com/vukkarvibes,1397040301789775,Loved the taste!,Positive,0.885,5
cous__.1517,Mira,Cheddar Cheese,PID0051517,https://www.facebook.com/vukkarvibes,1397040301789776,Not satisfied.,Positive,0.885,4
cous__.1518,Aditya,Mozzarella Cheese,PID0051518,https://www.facebook.com/vukkarvibes,1397040301789777,"Not good, expected better.",Positive,0.885,4
cous__.1519,Aditya,Greek Yogurt,PID0051519,https://www.facebook.com/vukkarvibes,1397040301789778,Not satisfied.,Negative,-0.674,2
cous__.1520,Sneha,Butter,PID0051520,https://www.facebook.com/vukkarvibes,1397040301789779,Bad packaging.,Positive,0.885,4
cous__.1521,Swati,Cream Cheese,PID0051521,https://www.facebook.com/vukkarvibes,1397040301789780,Very delicious!,Negative,-0.674,5
cous__.1522,Priya,Cottage Cheese,PID0051522,https://www.facebook.com/vukkarvibes,1397040301789781,Very delicious!,Negative,-0.674,2
cous__.1523,Varun,Orange Juice,PID0051523,https://www.facebook.com/vukkarvibes,1397040301789782,Highly recommended!,Neutral,0.0,3
cous__.1524,Kiran,Apple Juice,PID0051524,https://www.facebook.com/vukkarvibes,1397040301789783,Bad packaging.,Positive,0.885,2
cous__.1525,Rohan,Green Tea,PID0051525,https://www.facebook.com/vukkarvibes,1397040301789784,Loved the taste!,Positive,0.885,4
cous__.1526,Swati,Coffee,PID0051526,https://www.facebook.com/vukkarvibes,1397040301789785,Average experience.,Neutral,0.0,3
cous__.1527,Rohan,Soft Drink,PID0051527,https://www.facebook.com/vukkarvibes,1397040301789786,Bad packaging.,Positive,0.885,1
cous__.1528,Rahul,Black Tea,PID0051528,https://www.facebook.com/vukkarvibes,1397040301789787,"Not good, expected better.",Neutral,0.0,1
cous__.1529,Meera,Herbal Tea,PID0051529,https://www.facebook.com/vukkarvibes,1397040301789788,Average experience.,Negative,-0.674,3
cous__.1530,Amit,Sparkling Water,PID0051530,https://www.facebook.com/vukkarvibes,1397040301789789,"Not good, expected better.",Neutral,0.0,4
cous__.1531,Pooja,Ready-to-Eat Pasta,PID0051531,https://www.facebook.com/vukkarvibes,1397040301789790,Loved the taste!,Positive,0.885,5
cous__.1532,Priya,Frozen Pizza,PID0051532,https://www.facebook.com/vukkarvibes,1397040301789791,Loved the taste!,Positive,0.885,5
cous__.1533,Mira,Frozen Burritos,PID0051533,https://www.facebook.com/vukkarvibes,1397040301789792,Fresh and tasty.,Positive,0.885,2
cous__.1534,Pooja,Frozen Lasagna,PID0051534,https://www.facebook.com/vukkarvibes,1397040301789793,"Too spicy, not for me.",Positive,0.885,4
cous__.1535,Mira,Instant Noodles,PID0051535,https://www.facebook.com/vukkarvibes,1397040301789794,Not satisfied.,Neutral,0.0,5
cous__.1536,Pooja,Whole Wheat Bread,PID0051536,https://www.facebook.com/vukkarvibes,1397040301789795,Highly recommended!,Neutral,0.0,4
cous__.1537,Rohan,Bagels,PID0051537,https://www.facebook.com/vukkarvibes,1397040301789796,Fresh and tasty.,Neutral,0.0,4
cous__.1538,Suman,Croissants,PID0051538,https://www.facebook.com/vukkarvibes,1397040301789797,"Too spicy, not for me.",Neutral,0.0,3
cous__.1539,Kunal,English Muffins,PID0051539,https://www.facebook.com/vukkarvibes,1397040301789798,Worth the price.,Neutral,0.0,4
cous__.1540,Arjun,Pita Bread,PID0051540,https://www.facebook.com/vukkarvibes,1397040301789799,Fresh and tasty.,Positive,0.885,2
cous__.1541,Amit,Sourdough Bread,PID0051541,https://www.facebook.com/vukkarvibes,1397040301789800,Not satisfied.,Positive,0.885,4
cous__.1542,Swati,Multigrain Cereal,PID0051542,https://www.facebook.com/vukkarvibes,1397040301789801,Bad packaging.,Positive,0.885,2
cous__.1543,Rahul,Oatmeal,PID0051543,https://www.facebook.com/vukkarvibes,1397040301789802,"Too spicy, not for me.",Positive,0.885,1
cous__.1544,Arjun,Granola Bars,PID0051544,https://www.facebook.com/vukkarvibes,1397040301789803,"Too spicy, not for me.",Negative,-0.674,1
cous__.1545,Sneha,Protein Bars,PID0051545,https://www.facebook.com/vukkarvibes,1397040301789804,Average experience.,Negative,-0.674,3
cous__.1546,Rahul,Raisin Bran Cereal,PID0051546,https://www.facebook.com/vukkarvibes,1397040301789805,"Too spicy, not for me.",Neutral,0.0,2
cous__.1547,Amit,Frozen Vegetables,PID0051547,https://www.facebook.com/vukkarvibes,1397040301789806,Loved the taste!,Negative,-0.674,2
cous__.1548,Kiran,Frozen French Fries,PID0051548,https://www.facebook.com/vukkarvibes,1397040301789807,Very delicious!,Neutral,0.0,3
cous__.1549,Pooja,Frozen Chicken Nuggets,PID0051549,https://www.facebook.com/vukkarvibes,1397040301789808,Highly recommended!,Positive,0.885,3
cous__.1550,Varun,Frozen Fish Sticks,PID0051550,https://www.facebook.com/vukkarvibes,1397040301789809,"Too spicy, not for me.",Neutral,0.0,5
cous__.1551,Kunal,Frozen Dumplings,PID0051551,https://www.facebook.com/vukkarvibes,1397040301789810,Loved the taste!,Neutral,0.0,4
cous__.1552,Rohan,Frozen Spring Rolls,PID0051552,https://www.facebook.com/vukkarvibes,1397040301789811,Worth the price.,Neutral,0.0,1
cous__.1553,Kiran,Frozen Waffles,PID0051553,https://www.facebook.com/vukkarvibes,1397040301789812,Very delicious!,Negative,-0.674,5
cous__.1554,Rohan,Frozen Berries,PID0051554,https://www.facebook.com/vukkarvibes,1397040301789813,"Not good, expected better.",Neutral,0.0,5
cous__.1555,Sneha,Tofu,PID0051555,https://www.facebook.com/vukkarvibes,1397040301789814,Highly recommended!,Positive,0.885,5
cous__.1556,Arjun,Dried Fruits,PID0051556,https://www.facebook.com/vukkarvibes,1397040301789815,Bad packaging.,Positive,0.885,5
cous__.1557,Mira,Canned Soup,PID0051557,https://www.facebook.com/vukkarvibes,1397040301789816,Not satisfied.,Negative,-0.674,4
cous__.1558,Arjun,Nut Mix,PID0051558,https://www.facebook.com/vukkarvibes,1397040301789817,Highly recommended!,Negative,-0.674,4
cous__.1559,Aditya,Rice Cakes,PID0051559,https://www.facebook.com/vukkarvibes,1397040301789818,Very delicious!,Positive,0.885,5
cous__.1560,Arjun,Pancake Mix,PID0051560,https://www.facebook.com/vukkarvibes,1397040301789819,Average experience.,Positive,0.885,2
cous__.1561,Suman,Potato Chips,PID0051561,https://www.facebook.com/vukkarvibes,1397040301789820,Very delicious!,Negative,-0.674,3
cous__.1562,Mira,Corn Chips,PID0051562,https://www.facebook.com/vukkarvibes,1397040301789821,Loved the taste!,Negative,-0.674,4
cous__.1563,Rohan,Tortilla Chips,PID0051563,https://www.facebook.com/vukkarvibes,1397040301789822,Average experience.,Neutral,0.0,5
cous__.1564,Rahul,Veggie Chips,PID0051564,https://www.facebook.com/vukkarvibes,1397040301789823,Fresh and tasty.,Negative,-0.674,4
cous__.1565,Sita,Pretzels,PID0051565,https://www.facebook.com/vukkarvibes,1397040301789824,"Too spicy, not for me.",Negative,-0.674,5
cous__.1566,Pooja,Popcorn,PID0051566,https://www.facebook.com/vukkarvibes,1397040301789825,"Not good, expected better.",Neutral,0.0,1
cous__.1567,Sita,Milk,PID0051567,https://www.facebook.com/vukkarvibes,1397040301789826,Average experience.,Positive,0.885,5
cous__.1568,Rahul,Yogurt,PID0051568,https://www.facebook.com/vukkarvibes,1397040301789827,"Not good, expected better.",Neutral,0.0,1
cous__.1569,Varun,Cheddar Cheese,PID0051569,https://www.facebook.com/vukkarvibes,1397040301789828,Bad packaging.,Negative,-0.674,5
cous__.1570,Arjun,Mozzarella Cheese,PID0051570,https://www.facebook.com/vukkarvibes,1397040301789829,Average experience.,Positive,0.885,4
cous__.1571,Kunal,Greek Yogurt,PID0051571,https://www.facebook.com/vukkarvibes,1397040301789830,Worth the price.,Positive,0.885,5
cous__.1572,Sneha,Butter,PID0051572,https://www.facebook.com/vukkarvibes,1397040301789831,Not satisfied.,Negative,-0.674,5
cous__.1573,Pooja,Cream Cheese,PID0051573,https://www.facebook.com/vukkarvibes,1397040301789832,"Too spicy, not for me.",Neutral,0.0,1
cous__.1574,Varun,Cottage Cheese,PID0051574,https://www.facebook.com/vukkarvibes,1397040301789833,Highly recommended!,Negative,-0.674,4
cous__.1575,Swati,Orange Juice,PID0051575,https://www.facebook.com/vukkarvibes,1397040301789834,Average experience.,Positive,0.885,3
cous__.1576,Pooja,Apple Juice,PID0051576,https://www.facebook.com/vukkarvibes,1397040301789835,Worth the price.,Negative,-0.674,3
cous__.1577,Kiran,Green Tea,PID0051577,https://www.facebook.com/vukkarvibes,1397040301789836,Worth the price.,Neutral,0.0,4
cous__.1578,Arjun,Coffee,PID0051578,https://www.facebook.com/vukkarvibes,1397040301789837,Very delicious!,Negative,-0.674,3
cous__.1579,Divya,Soft Drink,PID0051579,https://www.facebook.com/vukkarvibes,1397040301789838,"Too spicy, not for me.",Neutral,0.0,1
cous__.1580,Rahul,Black Tea,PID0051580,https://www.facebook.com/vukkarvibes,1397040301789839,Not satisfied.,Positive,0.885,4
cous__.1581,Rohan,Herbal Tea,PID0051581,https://www.facebook.com/vukkarvibes,1397040301789840,Loved the taste!,Neutral,0.0,3
cous__.1582,Priya,Sparkling Water,PID0051582,https://www.facebook.com/vukkarvibes,1397040301789841,Bad packaging.,Negative,-0.674,5
cous__.1583,Sita,Ready-to-Eat Pasta,PID0051583,https://www.facebook.com/vukkarvibes,1397040301789842,Not satisfied.,Negative,-0.674,2
cous__.1584,Priya,Frozen Pizza,PID0051584,https://www.facebook.com/vukkarvibes,1397040301789843,"Not good, expected better.",Neutral,0.0,5
cous__.1585,Kiran,Frozen Burritos,PID0051585,https://www.facebook.com/vukkarvibes,1397040301789844,Very delicious!,Positive,0.885,2
cous__.1586,Sneha,Frozen Lasagna,PID0051586,https://www.facebook.com/vukkarvibes,1397040301789845,Not satisfied.,Neutral,0.0,5
cous__.1587,Varun,Instant Noodles,PID0051587,https://www.facebook.com/vukkarvibes,1397040301789846,Highly recommended!,Negative,-0.674,3
cous__.1588,Pooja,Whole Wheat Bread,PID0051588,https://www.facebook.com/vukkarvibes,1397040301789847,Worth the price.,Neutral,0.0,1
cous__.1589,Suman,Bagels,PID0051589,https://www.facebook.com/vukkarvibes,1397040301789848,"Too spicy, not for me.",Negative,-0.674,1
cous__.1590,Sneha,Croissants,PID0051590,https://www.facebook.com/vukkarvibes,1397040301789849,Very delicious!,Positive,0.885,3
cous__.1591,Rahul,English Muffins,PID0051591,https://www.facebook.com/vukkarvibes,1397040301789850,Not satisfied.,Negative,-0.674,2
cous__.1592,Swati,Pita Bread,PID0051592,https://www.facebook.com/vukkarvibes,1397040301789851,Not satisfied.,Positive,0.885,3
cous__.1593,Priya,Sourdough Bread,PID0051593,https://www.facebook.com/vukkarvibes,1397040301789852,"Not good, expected better.",Positive,0.885,3
cous__.1594,Rohan,Multigrain Cereal,PID0051594,https://www.facebook.com/vukkarvibes,1397040301789853,Average experience.,Neutral,0.0,3
cous__.1595,Varun,Oatmeal,PID0051595,https://www.facebook.com/vukkarvibes,1397040301789854,Not satisfied.,Positive,0.885,5
cous__.1596,Rohan,Granola Bars,PID0051596,https://www.facebook.com/vukkarvibes,1397040301789855,Average experience.,Neutral,0.0,4
cous__.1597,Amit,Protein Bars,PID0051597,https://www.facebook.com/vukkarvibes,1397040301789856,Not satisfied.,Neutral,0.0,4
cous__.1598,Sneha,Raisin Bran Cereal,PID0051598,https://www.facebook.com/vukkarvibes,1397040301789857,Fresh and tasty.,Neutral,0.0,3
cous__.1599,Rahul,Frozen Vegetables,PID0051599,https://www.facebook.com/vukkarvibes,1397040301789858,Fresh and tasty.,Positive,0.885,4
cous__.1600,Kiran,Frozen French Fries,PID0051600,https://www.facebook.com/vukkarvibes,1397040301789859,Loved the taste!,Negative,-0.674,5
cous__.1601,Divya,Frozen Chicken Nuggets,PID0051601,https://www.facebook.com/vukkarvibes,1397040301789860,Bad packaging.,Positive,0.885,3
cous__.1602,Arjun,Frozen Fish Sticks,PID0051602,https://www.facebook.com/vukkarvibes,1397040301789861,Highly recommended!,Positive,0.885,3
cous__.1603,Amit,Frozen Dumplings,PID0051603,https://www.facebook.com/vukkarvibes,1397040301789862,Highly recommended!,Neutral,0.0,4
cous__.1604,Meera,Frozen Spring Rolls,PID0051604,https://www.facebook.com/vukkarvibes,1397040301789863,"Too spicy, not for me.",Neutral,0.0,3
cous__.1605,Suman,Frozen Waffles,PID0051605,https://www.facebook.com/vukkarvibes,1397040301789864,Not satisfied.,Negative,-0.674,4
cous__.1606,Suman,Frozen Berries,PID0051606,https://www.facebook.com/vukkarvibes,1397040301789865,Bad packaging.,Positive,0.885,3
cous__.1607,Swati,Tofu,PID0051607,https://www.facebook.com/vukkarvibes,1397040301789866,Fresh and tasty.,Negative,-0.674,1
cous__.1608,Swati,Dried Fruits,PID0051608,https://www.facebook.com/vukkarvibes,1397040301789867,"Not good, expected better.",Neutral,0.0,5
cous__.1609,Arjun,Canned Soup,PID0051609,https://www.facebook.com/vukkarvibes,1397040301789868,Loved the taste!,Neutral,0.0,2
cous__.1610,Sneha,Nut Mix,PID0051610,https://www.facebook.com/vukkarvibes,1397040301789869,"Not good, expected better.",Negative,-0.674,3
cous__.1611,Mira,Rice Cakes,PID0051611,https://www.facebook.com/vukkarvibes,1397040301789870,"Not good, expected better.",Negative,-0.674,1
cous__.1612,Suman,Pancake Mix,PID0051612,https://www.facebook.com/vukkarvibes,1397040301789871,Fresh and tasty.,Neutral,0.0,4
cous__.1613,Swati,Potato Chips,PID0051613,https://www.facebook.com/vukkarvibes,1397040301789872,Average experience.,Positive,0.885,5
cous__.1614,Varun,Corn Chips,PID0051614,https://www.facebook.com/vukkarvibes,1397040301789873,Fresh and tasty.,Negative,-0.674,4
cous__.1615,Sneha,Tortilla Chips,PID0051615,https://www.facebook.com/vukkarvibes,1397040301789874,Fresh and tasty.,Positive,0.885,3
cous__.1616,Aditya,Veggie Chips,PID0051616,https://www.facebook.com/vukkarvibes,1397040301789875,Fresh and tasty.,Positive,0.885,4
cous__.1617,Kunal,Pretzels,PID0051617,https://www.facebook.com/vukkarvibes,1397040301789876,"Too spicy, not for me.",Neutral,0.0,3
cous__.1618,Kiran,Popcorn,PID0051618,https://www.facebook.com/vukkarvibes,1397040301789877,Highly recommended!,Negative,-0.674,4
cous__.1619,Swati,Milk,PID0051619,https://www.facebook.com/vukkarvibes,1397040301789878,Bad packaging.,Neutral,0.0,5
cous__.1620,Kiran,Yogurt,PID0051620,https://www.facebook.com/vukkarvibes,1397040301789879,Highly recommended!,Neutral,0.0,3
cous__.1621,Swati,Cheddar Cheese,PID0051621,https://www.facebook.com/vukkarvibes,1397040301789880,Very delicious!,Negative,-0.674,4
cous__.1622,Amit,Mozzarella Cheese,PID0051622,https://www.facebook.com/vukkarvibes,1397040301789881,"Too spicy, not for me.",Neutral,0.0,3
cous__.1623,Mira,Greek Yogurt,PID0051623,https://www.facebook.com/vukkarvibes,1397040301789882,"Too spicy, not for me.",Positive,0.885,4
cous__.1624,Mira,Butter,PID0051624,https://www.facebook.com/vukkarvibes,1397040301789883,"Too spicy, not for me.",Positive,0.885,4
cous__.1625,Arjun,Cream Cheese,PID0051625,https://www.facebook.com/vukkarvibes,1397040301789884,"Too spicy, not for me.",Neutral,0.0,4
cous__.1626,Rohan,Cottage Cheese,PID0051626,https://www.facebook.com/vukkarvibes,1397040301789885,Average experience.,Neutral,0.0,5
cous__.1627,Raju,Orange Juice,PID0051627,https://www.facebook.com/vukkarvibes,1397040301789886,Worth the price.,Neutral,0.0,4
cous__.1628,Aditya,Apple Juice,PID0051628,https://www.facebook.com/vukkarvibes,1397040301789887,Very delicious!,Neutral,0.0,1
cous__.1629,Rohan,Green Tea,PID0051629,https://www.facebook.com/vukkarvibes,1397040301789888,Worth the price.,Positive,0.885,4
cous__.1630,Amit,Coffee,PID0051630,https://www.facebook.com/vukkarvibes,1397040301789889,Fresh and tasty.,Neutral,0.0,2
cous__.1631,Swati,Soft Drink,PID0051631,https://www.facebook.com/vukkarvibes,1397040301789890,Bad packaging.,Negative,-0.674,5
cous__.1632,Aditya,Black Tea,PID0051632,https://www.facebook.com/vukkarvibes,1397040301789891,Bad packaging.,Neutral,0.0,3
cous__.1633,Sita,Herbal Tea,PID0051633,https://www.facebook.com/vukkarvibes,1397040301789892,Bad packaging.,Negative,-0.674,5
cous__.1634,Sita,Sparkling Water,PID0051634,https://www.facebook.com/vukkarvibes,1397040301789893,Loved the taste!,Negative,-0.674,1
cous__.1635,Priya,Ready-to-Eat Pasta,PID0051635,https://www.facebook.com/vukkarvibes,1397040301789894,Bad packaging.,Negative,-0.674,1
cous__.1636,Varun,Frozen Pizza,PID0051636,https://www.facebook.com/vukkarvibes,1397040301789895,"Not good, expected better.",Negative,-0.674,5
cous__.1637,Divya,Frozen Burritos,PID0051637,https://www.facebook.com/vukkarvibes,1397040301789896,Bad packaging.,Neutral,0.0,4
cous__.1638,Rahul,Frozen Lasagna,PID0051638,https://www.facebook.com/vukkarvibes,1397040301789897,Very delicious!,Neutral,0.0,2
cous__.1639,Rahul,Instant Noodles,PID0051639,https://www.facebook.com/vukkarvibes,1397040301789898,Bad packaging.,Neutral,0.0,4
cous__.1640,Kiran,Whole Wheat Bread,PID0051640,https://www.facebook.com/vukkarvibes,1397040301789899,Bad packaging.,Negative,-0.674,5
cous__.1641,Amit,Bagels,PID0051641,https://www.facebook.com/vukkarvibes,1397040301789900,Fresh and tasty.,Positive,0.885,2
cous__.1642,Sneha,Croissants,PID0051642,https://www.facebook.com/vukkarvibes,1397040301789901,Bad packaging.,Negative,-0.674,4
cous__.1643,Amit,English Muffins,PID0051643,https://www.facebook.com/vukkarvibes,1397040301789902,Loved the taste!,Negative,-0.674,2
cous__.1644,Arjun,Pita Bread,PID0051644,https://www.facebook.com/vukkarvibes,1397040301789903,Loved the taste!,Positive,0.885,5
cous__.1645,Arjun,Sourdough Bread,PID0051645,https://www.facebook.com/vukkarvibes,1397040301789904,Not satisfied.,Negative,-0.674,1
cous__.1646,Kiran,Multigrain Cereal,PID0051646,https://www.facebook.com/vukkarvibes,1397040301789905,Average experience.,Neutral,0.0,1
cous__.1647,Pooja,Oatmeal,PID0051647,https://www.facebook.com/vukkarvibes,1397040301789906,Highly recommended!,Positive,0.885,3
cous__.1648,Divya,Granola Bars,PID0051648,https://www.facebook.com/vukkarvibes,1397040301789907,Bad packaging.,Negative,-0.674,3
cous__.1649,Suman,Protein Bars,PID0051649,https://www.facebook.com/vukkarvibes,1397040301789908,Very delicious!,Positive,0.885,2
cous__.1650,Sneha,Raisin Bran Cereal,PID0051650,https://www.facebook.com/vukkarvibes,1397040301789909,"Not good, expected better.",Neutral,0.0,4
cous__.1651,Varun,Frozen Vegetables,PID0051651,https://www.facebook.com/vukkarvibes,1397040301789910,Worth the price.,Positive,0.885,4
cous__.1652,Sita,Frozen French Fries,PID0051652,https://www.facebook.com/vukkarvibes,1397040301789911,"Not good, expected better.",Neutral,0.0,5
cous__.1653,Swati,Frozen Chicken Nuggets,PID0051653,https://www.facebook.com/vukkarvibes,1397040301789912,Not satisfied.,Negative,-0.674,5
cous__.1654,Varun,Frozen Fish Sticks,PID0051654,https://www.facebook.com/vukkarvibes,1397040301789913,"Not good, expected better.",Neutral,0.0,3
cous__.1655,Divya,Frozen Dumplings,PID0051655,https://www.facebook.com/vukkarvibes,1397040301789914,Bad packaging.,Negative,-0.674,5
cous__.1656,Divya,Frozen Spring Rolls,PID0051656,https://www.facebook.com/vukkarvibes,1397040301789915,Worth the price.,Neutral,0.0,1
cous__.1657,Amit,Frozen Waffles,PID0051657,https://www.facebook.com/vukkarvibes,1397040301789916,Fresh and tasty.,Negative,-0.674,5
cous__.1658,Raju,Frozen Berries,PID0051658,https://www.facebook.com/vukkarvibes,1397040301789917,Not satisfied.,Positive,0.885,4
cous__.1659,Pooja,Tofu,PID0051659,https://www.facebook.com/vukkarvibes,1397040301789918,Bad packaging.,Neutral,0.0,1
cous__.1660,Aditya,Dried Fruits,PID0051660,https://www.facebook.com/vukkarvibes,1397040301789919,Average experience.,Negative,-0.674,3
cous__.1661,Suman,Canned Soup,PID0051661,https://www.facebook.com/vukkarvibes,1397040301789920,Fresh and tasty.,Neutral,0.0,5
cous__.1662,Raju,Nut Mix,PID0051662,https://www.facebook.com/vukkarvibes,1397040301789921,"Too spicy, not for me.",Negative,-0.674,3
cous__.1663,Amit,Rice Cakes,PID0051663,https://www.facebook.com/vukkarvibes,1397040301789922,"Not good, expected better.",Positive,0.885,4
cous__.1664,Priya,Pancake Mix,PID0051664,https://www.facebook.com/vukkarvibes,1397040301789923,Bad packaging.,Neutral,0.0,2
cous__.1665,Sita,Potato Chips,PID0051665,https://www.facebook.com/vukkarvibes,1397040301789924,Highly recommended!,Positive,0.885,3
cous__.1666,Amit,Corn Chips,PID0051666,https://www.facebook.com/vukkarvibes,1397040301789925,Loved the taste!,Neutral,0.0,3
cous__.1667,Kiran,Tortilla Chips,PID0051667,https://www.facebook.com/vukkarvibes,1397040301789926,Very delicious!,Negative,-0.674,4
cous__.1668,Aditya,Veggie Chips,PID0051668,https://www.facebook.com/vukkarvibes,1397040301789927,Highly recommended!,Negative,-0.674,2
cous__.1669,Meera,Pretzels,PID0051669,https://www.facebook.com/vukkarvibes,1397040301789928,Loved the taste!,Positive,0.885,3
cous__.1670,Rohan,Popcorn,PID0051670,https://www.facebook.com/vukkarvibes,1397040301789929,Loved the taste!,Neutral,0.0,2
cous__.1671,Swati,Milk,PID0051671,https://www.facebook.com/vukkarvibes,1397040301789930,"Too spicy, not for me.",Neutral,0.0,5
cous__.1672,Varun,Yogurt,PID0051672,https://www.facebook.com/vukkarvibes,1397040301789931,"Too spicy, not for me.",Neutral,0.0,4
cous__.1673,Kunal,Cheddar Cheese,PID0051673,https://www.facebook.com/vukkarvibes,1397040301789932,Bad packaging.,Positive,0.885,2
cous__.1674,Suman,Mozzarella Cheese,PID0051674,https://www.facebook.com/vukkarvibes,1397040301789933,"Not good, expected better.",Negative,-0.674,4
cous__.1675,Sita,Greek Yogurt,PID0051675,https://www.facebook.com/vukkarvibes,1397040301789934,Highly recommended!,Neutral,0.0,5
cous__.1676,Rahul,Butter,PID0051676,https://www.facebook.com/vukkarvibes,1397040301789935,Fresh and tasty.,Positive,0.885,2
cous__.1677,Varun,Cream Cheese,PID0051677,https://www.facebook.com/vukkarvibes,1397040301789936,"Not good, expected better.",Neutral,0.0,4
cous__.1678,Amit,Cottage Cheese,PID0051678,https://www.facebook.com/vukkarvibes,1397040301789937,"Too spicy, not for me.",Positive,0.885,5
cous__.1679,Rahul,Orange Juice,PID0051679,https://www.facebook.com/vukkarvibes,1397040301789938,Loved the taste!,Negative,-0.674,2
cous__.1680,Rahul,Apple Juice,PID0051680,https://www.facebook.com/vukkarvibes,1397040301789939,Highly recommended!,Positive,0.885,4
cous__.1681,Meera,Green Tea,PID0051681,https://www.facebook.com/vukkarvibes,1397040301789940,"Not good, expected better.",Positive,0.885,3
cous__.1682,Meera,Coffee,PID0051682,https://www.facebook.com/vukkarvibes,1397040301789941,Worth the price.,Neutral,0.0,5
cous__.1683,Amit,Soft Drink,PID0051683,https://www.facebook.com/vukkarvibes,1397040301789942,Not satisfied.,Negative,-0.674,2
cous__.1684,Divya,Black Tea,PID0051684,https://www.facebook.com/vukkarvibes,1397040301789943,Bad packaging.,Neutral,0.0,3
cous__.1685,Kiran,Herbal Tea,PID0051685,https://www.facebook.com/vukkarvibes,1397040301789944,Worth the price.,Neutral,0.0,1
cous__.1686,Raju,Sparkling Water,PID0051686,https://www.facebook.com/vukkarvibes,1397040301789945,"Not good, expected better.",Positive,0.885,3
cous__.1687,Varun,Ready-to-Eat Pasta,PID0051687,https://www.facebook.com/vukkarvibes,1397040301789946,Fresh and tasty.,Neutral,0.0,2
cous__.1688,Raju,Frozen Pizza,PID0051688,https://www.facebook.com/vukkarvibes,1397040301789947,Not satisfied.,Negative,-0.674,2
cous__.1689,Pooja,Frozen Burritos,PID0051689,https://www.facebook.com/vukkarvibes,1397040301789948,"Too spicy, not for me.",Negative,-0.674,5
cous__.1690,Sita,Frozen Lasagna,PID0051690,https://www.facebook.com/vukkarvibes,1397040301789949,Fresh and tasty.,Neutral,0.0,5
cous__.1691,Sita,Instant Noodles,PID0051691,https://www.facebook.com/vukkarvibes,1397040301789950,"Too spicy, not for me.",Positive,0.885,2
cous__.1692,Kunal,Whole Wheat Bread,PID0051692,https://www.facebook.com/vukkarvibes,1397040301789951,Bad packaging.,Neutral,0.0,4
cous__.1693,Aditya,Bagels,PID0051693,https://www.facebook.com/vukkarvibes,1397040301789952,Average experience.,Positive,0.885,4
cous__.1694,Divya,Croissants,PID0051694,https://www.facebook.com/vukkarvibes,1397040301789953,Fresh and tasty.,Neutral,0.0,2
cous__.1695,Rahul,English Muffins,PID0051695,https://www.facebook.com/vukkarvibes,1397040301789954,Highly recommended!,Neutral,0.0,1
cous__.1696,Aditya,Pita Bread,PID0051696,https://www.facebook.com/vukkarvibes,1397040301789955,Not satisfied.,Neutral,0.0,4
cous__.1697,Kiran,Sourdough Bread,PID0051697,https://www.facebook.com/vukkarvibes,1397040301789956,Worth the price.,Neutral,0.0,5
cous__.1698,Kiran,Multigrain Cereal,PID0051698,https://www.facebook.com/vukkarvibes,1397040301789957,Worth the price.,Neutral,0.0,2
cous__.1699,Kiran,Oatmeal,PID0051699,https://www.facebook.com/vukkarvibes,1397040301789958,"Not good, expected better.",Positive,0.885,4
cous__.1700,Sneha,Granola Bars,PID0051700,https://www.facebook.com/vukkarvibes,1397040301789959,Fresh and tasty.,Negative,-0.674,2
cous__.1701,Amit,Protein Bars,PID0051701,https://www.facebook.com/vukkarvibes,1397040301789960,"Not good, expected better.",Negative,-0.674,3
cous__.1702,Amit,Raisin Bran Cereal,PID0051702,https://www.facebook.com/vukkarvibes,1397040301789961,Bad packaging.,Positive,0.885,5
cous__.1703,Meera,Frozen Vegetables,PID0051703,https://www.facebook.com/vukkarvibes,1397040301789962,Worth the price.,Positive,0.885,4
cous__.1704,Sita,Frozen French Fries,PID0051704,https://www.facebook.com/vukkarvibes,1397040301789963,Average experience.,Neutral,0.0,3
cous__.1705,Mira,Frozen Chicken Nuggets,PID0051705,https://www.facebook.com/vukkarvibes,1397040301789964,Fresh and tasty.,Positive,0.885,3
cous__.1706,Aditya,Frozen Fish Sticks,PID0051706,https://www.facebook.com/vukkarvibes,1397040301789965,Average experience.,Neutral,0.0,1
cous__.1707,Pooja,Frozen Dumplings,PID0051707,https://www.facebook.com/vukkarvibes,1397040301789966,Bad packaging.,Neutral,0.0,2
cous__.1708,Swati,Frozen Spring Rolls,PID0051708,https://www.facebook.com/vukkarvibes,1397040301789967,Bad packaging.,Neutral,0.0,2
cous__.1709,Rahul,Frozen Waffles,PID0051709,https://www.facebook.com/vukkarvibes,1397040301789968,Bad packaging.,Negative,-0.674,2
cous__.1710,Rohan,Frozen Berries,PID0051710,https://www.facebook.com/vukkarvibes,1397040301789969,"Not good, expected better.",Negative,-0.674,4
cous__.1711,Rohan,Tofu,PID0051711,https://www.facebook.com/vukkarvibes,1397040301789970,"Not good, expected better.",Negative,-0.674,5
cous__.1712,Swati,Dried Fruits,PID0051712,https://www.facebook.com/vukkarvibes,1397040301789971,Loved the taste!,Negative,-0.674,5
cous__.1713,Kiran,Canned Soup,PID0051713,https://www.facebook.com/vukkarvibes,1397040301789972,Highly recommended!,Negative,-0.674,5
cous__.1714,Divya,Nut Mix,PID0051714,https://www.facebook.com/vukkarvibes,1397040301789973,Not satisfied.,Negative,-0.674,2
cous__.1715,Raju,Rice Cakes,PID0051715,https://www.facebook.com/vukkarvibes,1397040301789974,Highly recommended!,Positive,0.885,2
cous__.1716,Mira,Pancake Mix,PID0051716,https://www.facebook.com/vukkarvibes,1397040301789975,Very delicious!,Negative,-0.674,5
cous__.1717,Sita,Potato Chips,PID0051717,https://www.facebook.com/vukkarvibes,1397040301789976,Bad packaging.,Neutral,0.0,4
cous__.1718,Sita,Corn Chips,PID0051718,https://www.facebook.com/vukkarvibes,1397040301789977,Not satisfied.,Negative,-0.674,4
cous__.1719,Priya,Tortilla Chips,PID0051719,https://www.facebook.com/vukkarvibes,1397040301789978,Average experience.,Negative,-0.674,5
cous__.1720,Amit,Veggie Chips,PID0051720,https://www.facebook.com/vukkarvibes,1397040301789979,"Too spicy, not for me.",Neutral,0.0,3
cous__.1721,Swati,Pretzels,PID0051721,https://www.facebook.com/vukkarvibes,1397040301789980,Worth the price.,Neutral,0.0,3
cous__.1722,Amit,Popcorn,PID0051722,https://www.facebook.com/vukkarvibes,1397040301789981,"Not good, expected better.",Positive,0.885,4
cous__.1723,Pooja,Milk,PID0051723,https://www.facebook.com/vukkarvibes,1397040301789982,"Too spicy, not for me.",Positive,0.885,1
cous__.1724,Rahul,Yogurt,PID0051724,https://www.facebook.com/vukkarvibes,1397040301789983,Bad packaging.,Neutral,0.0,5
cous__.1725,Aditya,Cheddar Cheese,PID0051725,https://www.facebook.com/vukkarvibes,1397040301789984,Worth the price.,Positive,0.885,2
cous__.1726,Aditya,Mozzarella Cheese,PID0051726,https://www.facebook.com/vukkarvibes,1397040301789985,Not satisfied.,Neutral,0.0,2
cous__.1727,Amit,Greek Yogurt,PID0051727,https://www.facebook.com/vukkarvibes,1397040301789986,"Too spicy, not for me.",Positive,0.885,4
cous__.1728,Rohan,Butter,PID0051728,https://www.facebook.com/vukkarvibes,1397040301789987,Fresh and tasty.,Neutral,0.0,5
cous__.1729,Varun,Cream Cheese,PID0051729,https://www.facebook.com/vukkarvibes,1397040301789988,Average experience.,Neutral,0.0,5
cous__.1730,Kiran,Cottage Cheese,PID0051730,https://www.facebook.com/vukkarvibes,1397040301789989,Average experience.,Neutral,0.0,4
cous__.1731,Kiran,Orange Juice,PID0051731,https://www.facebook.com/vukkarvibes,1397040301789990,Fresh and tasty.,Neutral,0.0,1
cous__.1732,Raju,Apple Juice,PID0051732,https://www.facebook.com/vukkarvibes,1397040301789991,"Not good, expected better.",Negative,-0.674,2
cous__.1733,Suman,Green Tea,PID0051733,https://www.facebook.com/vukkarvibes,1397040301789992,Very delicious!,Neutral,0.0,4
cous__.1734,Rohan,Coffee,PID0051734,https://www.facebook.com/vukkarvibes,1397040301789993,Bad packaging.,Positive,0.885,1
cous__.1735,Varun,Soft Drink,PID0051735,https://www.facebook.com/vukkarvibes,1397040301789994,Very delicious!,Neutral,0.0,1
cous__.1736,Rahul,Black Tea,PID0051736,https://www.facebook.com/vukkarvibes,1397040301789995,Average experience.,Negative,-0.674,1
cous__.1737,Kiran,Herbal Tea,PID0051737,https://www.facebook.com/vukkarvibes,1397040301789996,Fresh and tasty.,Neutral,0.0,2
cous__.1738,Varun,Sparkling Water,PID0051738,https://www.facebook.com/vukkarvibes,1397040301789997,Very delicious!,Positive,0.885,1
cous__.1739,Aditya,Ready-to-Eat Pasta,PID0051739,https://www.facebook.com/vukkarvibes,1397040301789998,Average experience.,Neutral,0.0,4
cous__.1740,Sneha,Frozen Pizza,PID0051740,https://www.facebook.com/vukkarvibes,1397040301789999,Bad packaging.,Negative,-0.674,5
cous__.1741,Arjun,Frozen Burritos,PID0051741,https://www.facebook.com/vukkarvibes,1397040301790000,"Too spicy, not for me.",Positive,0.885,4
cous__.1742,Mira,Frozen Lasagna,PID0051742,https://www.facebook.com/vukkarvibes,1397040301790001,Loved the taste!,Negative,-0.674,2
cous__.1743,Priya,Instant Noodles,PID0051743,https://www.facebook.com/vukkarvibes,1397040301790002,Not satisfied.,Negative,-0.674,1
cous__.1744,Sneha,Whole Wheat Bread,PID0051744,https://www.facebook.com/vukkarvibes,1397040301790003,Average experience.,Positive,0.885,2
cous__.1745,Amit,Bagels,PID0051745,https://www.facebook.com/vukkarvibes,1397040301790004,Average experience.,Neutral,0.0,4
cous__.1746,Kiran,Croissants,PID0051746,https://www.facebook.com/vukkarvibes,1397040301790005,"Too spicy, not for me.",Positive,0.885,5
cous__.1747,Kunal,English Muffins,PID0051747,https://www.facebook.com/vukkarvibes,1397040301790006,Average experience.,Positive,0.885,1
cous__.1748,Pooja,Pita Bread,PID0051748,https://www.facebook.com/vukkarvibes,1397040301790007,"Not good, expected better.",Positive,0.885,4
cous__.1749,Sneha,Sourdough Bread,PID0051749,https://www.facebook.com/vukkarvibes,1397040301790008,Loved the taste!,Positive,0.885,3
cous__.1750,Kunal,Multigrain Cereal,PID0051750,https://www.facebook.com/vukkarvibes,1397040301790009,"Not good, expected better.",Neutral,0.0,4
cous__.1751,Priya,Oatmeal,PID0051751,https://www.facebook.com/vukkarvibes,1397040301790010,Fresh and tasty.,Positive,0.885,3
cous__.1752,Sita,Granola Bars,PID0051752,https://www.facebook.com/vukkarvibes,1397040301790011,Bad packaging.,Neutral,0.0,1
cous__.1753,Kiran,Protein Bars,PID0051753,https://www.facebook.com/vukkarvibes,1397040301790012,Highly recommended!,Positive,0.885,5
cous__.1754,Aditya,Raisin Bran Cereal,PID0051754,https://www.facebook.com/vukkarvibes,1397040301790013,Worth the price.,Positive,0.885,4
cous__.1755,Raju,Frozen Vegetables,PID0051755,https://www.facebook.com/vukkarvibes,1397040301790014,Average experience.,Positive,0.885,5
cous__.1756,Divya,Frozen French Fries,PID0051756,https://www.facebook.com/vukkarvibes,1397040301790015,Fresh and tasty.,Positive,0.885,5
cous__.1757,Arjun,Frozen Chicken Nuggets,PID0051757,https://www.facebook.com/vukkarvibes,1397040301790016,Very delicious!,Negative,-0.674,1
cous__.1758,Rahul,Frozen Fish Sticks,PID0051758,https://www.facebook.com/vukkarvibes,1397040301790017,Very delicious!,Positive,0.885,3
cous__.1759,Swati,Frozen Dumplings,PID0051759,https://www.facebook.com/vukkarvibes,1397040301790018,Bad packaging.,Positive,0.885,4
cous__.1760,Sneha,Frozen Spring Rolls,PID0051760,https://www.facebook.com/vukkarvibes,1397040301790019,Fresh and tasty.,Negative,-0.674,3
cous__.1761,Rahul,Frozen Waffles,PID0051761,https://www.facebook.com/vukkarvibes,1397040301790020,Highly recommended!,Negative,-0.674,4
cous__.1762,Sneha,Frozen Berries,PID0051762,https://www.facebook.com/vukkarvibes,1397040301790021,Average experience.,Negative,-0.674,1
cous__.1763,Rahul,Tofu,PID0051763,https://www.facebook.com/vukkarvibes,1397040301790022,Loved the taste!,Positive,0.885,4
cous__.1764,Arjun,Dried Fruits,PID0051764,https://www.facebook.com/vukkarvibes,1397040301790023,Loved the taste!,Positive,0.885,2
cous__.1765,Kiran,Canned Soup,PID0051765,https://www.facebook.com/vukkarvibes,1397040301790024,Fresh and tasty.,Neutral,0.0,3
cous__.1766,Arjun,Nut Mix,PID0051766,https://www.facebook.com/vukkarvibes,1397040301790025,Average experience.,Positive,0.885,4
cous__.1767,Aditya,Rice Cakes,PID0051767,https://www.facebook.com/vukkarvibes,1397040301790026,Very delicious!,Neutral,0.0,3
cous__.1768,Arjun,Pancake Mix,PID0051768,https://www.facebook.com/vukkarvibes,1397040301790027,Worth the price.,Neutral,0.0,1
cous__.1769,Amit,Potato Chips,PID0051769,https://www.facebook.com/vukkarvibes,1397040301790028,Bad packaging.,Positive,0.885,2
cous__.1770,Varun,Corn Chips,PID0051770,https://www.facebook.com/vukkarvibes,1397040301790029,"Not good, expected better.",Neutral,0.0,4
cous__.1771,Sneha,Tortilla Chips,PID0051771,https://www.facebook.com/vukkarvibes,1397040301790030,Average experience.,Positive,0.885,4
cous__.1772,Aditya,Veggie Chips,PID0051772,https://www.facebook.com/vukkarvibes,1397040301790031,Fresh and tasty.,Positive,0.885,1
cous__.1773,Sita,Pretzels,PID0051773,https://www.facebook.com/vukkarvibes,1397040301790032,Worth the price.,Negative,-0.674,3
cous__.1774,Kunal,Popcorn,PID0051774,https://www.facebook.com/vukkarvibes,1397040301790033,Not satisfied.,Positive,0.885,1
cous__.1775,Sneha,Milk,PID0051775,https://www.facebook.com/vukkarvibes,1397040301790034,Worth the price.,Positive,0.885,4
cous__.1776,Pooja,Yogurt,PID0051776,https://www.facebook.com/vukkarvibes,1397040301790035,Bad packaging.,Neutral,0.0,3
cous__.1777,Divya,Cheddar Cheese,PID0051777,https://www.facebook.com/vukkarvibes,1397040301790036,"Too spicy, not for me.",Positive,0.885,2
cous__.1778,Kiran,Mozzarella Cheese,PID0051778,https://www.facebook.com/vukkarvibes,1397040301790037,Worth the price.,Negative,-0.674,5
cous__.1779,Varun,Greek Yogurt,PID0051779,https://www.facebook.com/vukkarvibes,1397040301790038,Loved the taste!,Negative,-0.674,1
cous__.1780,Mira,Butter,PID0051780,https://www.facebook.com/vukkarvibes,1397040301790039,"Too spicy, not for me.",Positive,0.885,2
cous__.1781,Pooja,Cream Cheese,PID0051781,https://www.facebook.com/vukkarvibes,1397040301790040,Very delicious!,Positive,0.885,3
cous__.1782,Priya,Cottage Cheese,PID0051782,https://www.facebook.com/vukkarvibes,1397040301790041,Worth the price.,Neutral,0.0,2
cous__.1783,Rahul,Orange Juice,PID0051783,https://www.facebook.com/vukkarvibes,1397040301790042,"Too spicy, not for me.",Positive,0.885,2
cous__.1784,Swati,Apple Juice,PID0051784,https://www.facebook.com/vukkarvibes,1397040301790043,Highly recommended!,Positive,0.885,2
cous__.1785,Divya,Green Tea,PID0051785,https://www.facebook.com/vukkarvibes,1397040301790044,Very delicious!,Positive,0.885,3
cous__.1786,Raju,Coffee,PID0051786,https://www.facebook.com/vukkarvibes,1397040301790045,Highly recommended!,Neutral,0.0,5
cous__.1787,Sneha,Soft Drink,PID0051787,https://www.facebook.com/vukkarvibes,1397040301790046,Fresh and tasty.,Negative,-0.674,3
cous__.1788,Swati,Black Tea,PID0051788,https://www.facebook.com/vukkarvibes,1397040301790047,Fresh and tasty.,Positive,0.885,5
cous__.1789,Swati,Herbal Tea,PID0051789,https://www.facebook.com/vukkarvibes,1397040301790048,Very delicious!,Positive,0.885,5
cous__.1790,Kunal,Sparkling Water,PID0051790,https://www.facebook.com/vukkarvibes,1397040301790049,Very delicious!,Neutral,0.0,4
cous__.1791,Divya,Ready-to-Eat Pasta,PID0051791,https://www.facebook.com/vukkarvibes,1397040301790050,"Not good, expected better.",Neutral,0.0,4
cous__.1792,Meera,Frozen Pizza,PID0051792,https://www.facebook.com/vukkarvibes,1397040301790051,Bad packaging.,Positive,0.885,2
cous__.1793,Arjun,Frozen Burritos,PID0051793,https://www.facebook.com/vukkarvibes,1397040301790052,Worth the price.,Positive,0.885,2
cous__.1794,Swati,Frozen Lasagna,PID0051794,https://www.facebook.com/vukkarvibes,1397040301790053,Not satisfied.,Positive,0.885,4
cous__.1795,Kiran,Instant Noodles,PID0051795,https://www.facebook.com/vukkarvibes,1397040301790054,Loved the taste!,Neutral,0.0,2
cous__.1796,Arjun,Whole Wheat Bread,PID0051796,https://www.facebook.com/vukkarvibes,1397040301790055,Fresh and tasty.,Positive,0.885,4
cous__.1797,Sneha,Bagels,PID0051797,https://www.facebook.com/vukkarvibes,1397040301790056,"Not good, expected better.",Positive,0.885,5
cous__.1798,Varun,Croissants,PID0051798,https://www.facebook.com/vukkarvibes,1397040301790057,Average experience.,Negative,-0.674,4
cous__.1799,Sneha,English Muffins,PID0051799,https://www.facebook.com/vukkarvibes,1397040301790058,Loved the taste!,Positive,0.885,5
cous__.1800,Priya,Pita Bread,PID0051800,https://www.facebook.com/vukkarvibes,1397040301790059,"Too spicy, not for me.",Negative,-0.674,5
cous__.1801,Kiran,Sourdough Bread,PID0051801,https://www.facebook.com/vukkarvibes,1397040301790060,Worth the price.,Neutral,0.0,5
cous__.1802,Suman,Multigrain Cereal,PID0051802,https://www.facebook.com/vukkarvibes,1397040301790061,Not satisfied.,Negative,-0.674,2
cous__.1803,Meera,Oatmeal,PID0051803,https://www.facebook.com/vukkarvibes,1397040301790062,Highly recommended!,Neutral,0.0,1
cous__.1804,Sneha,Granola Bars,PID0051804,https://www.facebook.com/vukkarvibes,1397040301790063,Fresh and tasty.,Negative,-0.674,3
cous__.1805,Pooja,Protein Bars,PID0051805,https://www.facebook.com/vukkarvibes,1397040301790064,Worth the price.,Negative,-0.674,1
cous__.1806,Suman,Raisin Bran Cereal,PID0051806,https://www.facebook.com/vukkarvibes,1397040301790065,Bad packaging.,Positive,0.885,2
cous__.1807,Swati,Frozen Vegetables,PID0051807,https://www.facebook.com/vukkarvibes,1397040301790066,"Not good, expected better.",Positive,0.885,5
cous__.1808,Varun,Frozen French Fries,PID0051808,https://www.facebook.com/vukkarvibes,1397040301790067,Highly recommended!,Negative,-0.674,3
cous__.1809,Rahul,Frozen Chicken Nuggets,PID0051809,https://www.facebook.com/vukkarvibes,1397040301790068,"Too spicy, not for me.",Positive,0.885,1
cous__.1810,Mira,Frozen Fish Sticks,PID0051810,https://www.facebook.com/vukkarvibes,1397040301790069,Loved the taste!,Neutral,0.0,5
cous__.1811,Mira,Frozen Dumplings,PID0051811,https://www.facebook.com/vukkarvibes,1397040301790070,Highly recommended!,Positive,0.885,3
cous__.1812,Rahul,Frozen Spring Rolls,PID0051812,https://www.facebook.com/vukkarvibes,1397040301790071,Average experience.,Neutral,0.0,1
cous__.1813,Rohan,Frozen Waffles,PID0051813,https://www.facebook.com/vukkarvibes,1397040301790072,Worth the price.,Neutral,0.0,3
cous__.1814,Raju,Frozen Berries,PID0051814,https://www.facebook.com/vukkarvibes,1397040301790073,Not satisfied.,Negative,-0.674,4
cous__.1815,Rohan,Tofu,PID0051815,https://www.facebook.com/vukkarvibes,1397040301790074,Loved the taste!,Negative,-0.674,1
cous__.1816,Meera,Dried Fruits,PID0051816,https://www.facebook.com/vukkarvibes,1397040301790075,Very delicious!,Positive,0.885,1
cous__.1817,Arjun,Canned Soup,PID0051817,https://www.facebook.com/vukkarvibes,1397040301790076,Bad packaging.,Neutral,0.0,3
cous__.1818,Meera,Nut Mix,PID0051818,https://www.facebook.com/vukkarvibes,1397040301790077,"Not good, expected better.",Neutral,0.0,5
cous__.1819,Pooja,Rice Cakes,PID0051819,https://www.facebook.com/vukkarvibes,1397040301790078,Very delicious!,Negative,-0.674,2
cous__.1820,Aditya,Pancake Mix,PID0051820,https://www.facebook.com/vukkarvibes,1397040301790079,Loved the taste!,Positive,0.885,2
cous__.1821,Aditya,Potato Chips,PID0051821,https://www.facebook.com/vukkarvibes,1397040301790080,"Not good, expected better.",Neutral,0.0,1
cous__.1822,Rohan,Corn Chips,PID0051822,https://www.facebook.com/vukkarvibes,1397040301790081,Loved the taste!,Positive,0.885,5
cous__.1823,Meera,Tortilla Chips,PID0051823,https://www.facebook.com/vukkarvibes,1397040301790082,Not satisfied.,Negative,-0.674,1
cous__.1824,Suman,Veggie Chips,PID0051824,https://www.facebook.com/vukkarvibes,1397040301790083,Very delicious!,Positive,0.885,5
cous__.1825,Varun,Pretzels,PID0051825,https://www.facebook.com/vukkarvibes,1397040301790084,Loved the taste!,Positive,0.885,1
cous__.1826,Pooja,Popcorn,PID0051826,https://www.facebook.com/vukkarvibes,1397040301790085,Loved the taste!,Positive,0.885,3
cous__.1827,Varun,Milk,PID0051827,https://www.facebook.com/vukkarvibes,1397040301790086,Average experience.,Positive,0.885,2
cous__.1828,Arjun,Yogurt,PID0051828,https://www.facebook.com/vukkarvibes,1397040301790087,Fresh and tasty.,Neutral,0.0,3
cous__.1829,Swati,Cheddar Cheese,PID0051829,https://www.facebook.com/vukkarvibes,1397040301790088,"Not good, expected better.",Positive,0.885,3
cous__.1830,Varun,Mozzarella Cheese,PID0051830,https://www.facebook.com/vukkarvibes,1397040301790089,Highly recommended!,Neutral,0.0,2
cous__.1831,Varun,Greek Yogurt,PID0051831,https://www.facebook.com/vukkarvibes,1397040301790090,Bad packaging.,Neutral,0.0,2
cous__.1832,Varun,Butter,PID0051832,https://www.facebook.com/vukkarvibes,1397040301790091,Not satisfied.,Neutral,0.0,3
cous__.1833,Meera,Cream Cheese,PID0051833,https://www.facebook.com/vukkarvibes,1397040301790092,Highly recommended!,Positive,0.885,1
cous__.1834,Swati,Cottage Cheese,PID0051834,https://www.facebook.com/vukkarvibes,1397040301790093,Fresh and tasty.,Positive,0.885,2
cous__.1835,Meera,Orange Juice,PID0051835,https://www.facebook.com/vukkarvibes,1397040301790094,Worth the price.,Neutral,0.0,2
cous__.1836,Rohan,Apple Juice,PID0051836,https://www.facebook.com/vukkarvibes,1397040301790095,Loved the taste!,Positive,0.885,5
cous__.1837,Divya,Green Tea,PID0051837,https://www.facebook.com/vukkarvibes,1397040301790096,Average experience.,Positive,0.885,4
cous__.1838,Pooja,Coffee,PID0051838,https://www.facebook.com/vukkarvibes,1397040301790097,Fresh and tasty.,Neutral,0.0,1
cous__.1839,Aditya,Soft Drink,PID0051839,https://www.facebook.com/vukkarvibes,1397040301790098,"Too spicy, not for me.",Positive,0.885,4
cous__.1840,Meera,Black Tea,PID0051840,https://www.facebook.com/vukkarvibes,1397040301790099,Average experience.,Neutral,0.0,4
cous__.1841,Raju,Herbal Tea,PID0051841,https://www.facebook.com/vukkarvibes,1397040301790100,Loved the taste!,Negative,-0.674,3
cous__.1842,Priya,Sparkling Water,PID0051842,https://www.facebook.com/vukkarvibes,1397040301790101,Bad packaging.,Positive,0.885,1
cous__.1843,Suman,Ready-to-Eat Pasta,PID0051843,https://www.facebook.com/vukkarvibes,1397040301790102,"Too spicy, not for me.",Neutral,0.0,1
cous__.1844,Rahul,Frozen Pizza,PID0051844,https://www.facebook.com/vukkarvibes,1397040301790103,Not satisfied.,Positive,0.885,1
cous__.1845,Pooja,Frozen Burritos,PID0051845,https://www.facebook.com/vukkarvibes,1397040301790104,Worth the price.,Neutral,0.0,1
cous__.1846,Rahul,Frozen Lasagna,PID0051846,https://www.facebook.com/vukkarvibes,1397040301790105,Not satisfied.,Negative,-0.674,2
cous__.1847,Sita,Instant Noodles,PID0051847,https://www.facebook.com/vukkarvibes,1397040301790106,Fresh and tasty.,Negative,-0.674,5
cous__.1848,Sita,Whole Wheat Bread,PID0051848,https://www.facebook.com/vukkarvibes,1397040301790107,Bad packaging.,Neutral,0.0,4
cous__.1849,Divya,Bagels,PID0051849,https://www.facebook.com/vukkarvibes,1397040301790108,Highly recommended!,Neutral,0.0,5
cous__.1850,Mira,Croissants,PID0051850,https://www.facebook.com/vukkarvibes,1397040301790109,Bad packaging.,Negative,-0.674,1
cous__.1851,Sita,English Muffins,PID0051851,https://www.facebook.com/vukkarvibes,1397040301790110,Not satisfied.,Positive,0.885,1
cous__.1852,Sita,Pita Bread,PID0051852,https://www.facebook.com/vukkarvibes,1397040301790111,Highly recommended!,Neutral,0.0,2
cous__.1853,Kiran,Sourdough Bread,PID0051853,https://www.facebook.com/vukkarvibes,1397040301790112,"Too spicy, not for me.",Negative,-0.674,2
cous__.1854,Meera,Multigrain Cereal,PID0051854,https://www.facebook.com/vukkarvibes,1397040301790113,Bad packaging.,Negative,-0.674,2
cous__.1855,Divya,Oatmeal,PID0051855,https://www.facebook.com/vukkarvibes,1397040301790114,Bad packaging.,Negative,-0.674,4
cous__.1856,Varun,Granola Bars,PID0051856,https://www.facebook.com/vukkarvibes,1397040301790115,Very delicious!,Negative,-0.674,2
cous__.1857,Amit,Protein Bars,PID0051857,https://www.facebook.com/vukkarvibes,1397040301790116,Very delicious!,Positive,0.885,3
cous__.1858,Varun,Raisin Bran Cereal,PID0051858,https://www.facebook.com/vukkarvibes,1397040301790117,Fresh and tasty.,Neutral,0.0,3
cous__.1859,Rahul,Frozen Vegetables,PID0051859,https://www.facebook.com/vukkarvibes,1397040301790118,"Too spicy, not for me.",Negative,-0.674,4
cous__.1860,Amit,Frozen French Fries,PID0051860,https://www.facebook.com/vukkarvibes,1397040301790119,Loved the taste!,Neutral,0.0,3
cous__.1861,Mira,Frozen Chicken Nuggets,PID0051861,https://www.facebook.com/vukkarvibes,1397040301790120,"Too spicy, not for me.",Negative,-0.674,2
cous__.1862,Varun,Frozen Fish Sticks,PID0051862,https://www.facebook.com/vukkarvibes,1397040301790121,"Not good, expected better.",Neutral,0.0,5
cous__.1863,Sneha,Frozen Dumplings,PID0051863,https://www.facebook.com/vukkarvibes,1397040301790122,Loved the taste!,Neutral,0.0,3
cous__.1864,Rahul,Frozen Spring Rolls,PID0051864,https://www.facebook.com/vukkarvibes,1397040301790123,Highly recommended!,Negative,-0.674,4
cous__.1865,Raju,Frozen Waffles,PID0051865,https://www.facebook.com/vukkarvibes,1397040301790124,Not satisfied.,Neutral,0.0,1
cous__.1866,Pooja,Frozen Berries,PID0051866,https://www.facebook.com/vukkarvibes,1397040301790125,Not satisfied.,Negative,-0.674,2
cous__.1867,Arjun,Tofu,PID0051867,https://www.facebook.com/vukkarvibes,1397040301790126,Very delicious!,Neutral,0.0,5
cous__.1868,Amit,Dried Fruits,PID0051868,https://www.facebook.com/vukkarvibes,1397040301790127,"Too spicy, not for me.",Negative,-0.674,2
cous__.1869,Sita,Canned Soup,PID0051869,https://www.facebook.com/vukkarvibes,1397040301790128,Highly recommended!,Negative,-0.674,3
cous__.1870,Mira,Nut Mix,PID0051870,https://www.facebook.com/vukkarvibes,1397040301790129,"Too spicy, not for me.",Positive,0.885,5
cous__.1871,Swati,Rice Cakes,PID0051871,https://www.facebook.com/vukkarvibes,1397040301790130,Average experience.,Positive,0.885,1
cous__.1872,Aditya,Pancake Mix,PID0051872,https://www.facebook.com/vukkarvibes,1397040301790131,Fresh and tasty.,Negative,-0.674,2
cous__.1873,Varun,Potato Chips,PID0051873,https://www.facebook.com/vukkarvibes,1397040301790132,Very delicious!,Negative,-0.674,3
cous__.1874,Rahul,Corn Chips,PID0051874,https://www.facebook.com/vukkarvibes,1397040301790133,Highly recommended!,Neutral,0.0,4
cous__.1875,Swati,Tortilla Chips,PID0051875,https://www.facebook.com/vukkarvibes,1397040301790134,Average experience.,Neutral,0.0,2
cous__.1876,Sita,Veggie Chips,PID0051876,https://www.facebook.com/vukkarvibes,1397040301790135,Average experience.,Neutral,0.0,3
cous__.1877,Aditya,Pretzels,PID0051877,https://www.facebook.com/vukkarvibes,1397040301790136,"Not good, expected better.",Negative,-0.674,1
cous__.1878,Pooja,Popcorn,PID0051878,https://www.facebook.com/vukkarvibes,1397040301790137,Highly recommended!,Positive,0.885,2
cous__.1879,Amit,Milk,PID0051879,https://www.facebook.com/vukkarvibes,1397040301790138,"Not good, expected better.",Negative,-0.674,3
cous__.1880,Aditya,Yogurt,PID0051880,https://www.facebook.com/vukkarvibes,1397040301790139,Bad packaging.,Positive,0.885,2
cous__.1881,Amit,Cheddar Cheese,PID0051881,https://www.facebook.com/vukkarvibes,1397040301790140,Worth the price.,Neutral,0.0,4
cous__.1882,Suman,Mozzarella Cheese,PID0051882,https://www.facebook.com/vukkarvibes,1397040301790141,"Too spicy, not for me.",Neutral,0.0,2
cous__.1883,Suman,Greek Yogurt,PID0051883,https://www.facebook.com/vukkarvibes,1397040301790142,Worth the price.,Positive,0.885,3
cous__.1884,Raju,Butter,PID0051884,https://www.facebook.com/vukkarvibes,1397040301790143,Bad packaging.,Neutral,0.0,2
cous__.1885,Swati,Cream Cheese,PID0051885,https://www.facebook.com/vukkarvibes,1397040301790144,Not satisfied.,Positive,0.885,3
cous__.1886,Swati,Cottage Cheese,PID0051886,https://www.facebook.com/vukkarvibes,1397040301790145,Fresh and tasty.,Neutral,0.0,4
cous__.1887,Mira,Orange Juice,PID0051887,https://www.facebook.com/vukkarvibes,1397040301790146,Very delicious!,Positive,0.885,3
cous__.1888,Kunal,Apple Juice,PID0051888,https://www.facebook.com/vukkarvibes,1397040301790147,Worth the price.,Negative,-0.674,2
cous__.1889,Swati,Green Tea,PID0051889,https://www.facebook.com/vukkarvibes,1397040301790148,Very delicious!,Neutral,0.0,3
cous__.1890,Sita,Coffee,PID0051890,https://www.facebook.com/vukkarvibes,1397040301790149,Worth the price.,Neutral,0.0,1
cous__.1891,Suman,Soft Drink,PID0051891,https://www.facebook.com/vukkarvibes,1397040301790150,"Not good, expected better.",Negative,-0.674,4
cous__.1892,Sneha,Black Tea,PID0051892,https://www.facebook.com/vukkarvibes,1397040301790151,"Not good, expected better.",Negative,-0.674,2
cous__.1893,Amit,Herbal Tea,PID0051893,https://www.facebook.com/vukkarvibes,1397040301790152,Average experience.,Negative,-0.674,1
cous__.1894,Rohan,Sparkling Water,PID0051894,https://www.facebook.com/vukkarvibes,1397040301790153,Highly recommended!,Positive,0.885,5
cous__.1895,Priya,Ready-to-Eat Pasta,PID0051895,https://www.facebook.com/vukkarvibes,1397040301790154,Highly recommended!,Positive,0.885,5
cous__.1896,Sneha,Frozen Pizza,PID0051896,https://www.facebook.com/vukkarvibes,1397040301790155,Average experience.,Positive,0.885,1
cous__.1897,Aditya,Frozen Burritos,PID0051897,https://www.facebook.com/vukkarvibes,1397040301790156,Average experience.,Positive,0.885,4
cous__.1898,Sita,Frozen Lasagna,PID0051898,https://www.facebook.com/vukkarvibes,1397040301790157,Fresh and tasty.,Positive,0.885,1
cous__.1899,Mira,Instant Noodles,PID0051899,https://www.facebook.com/vukkarvibes,1397040301790158,Bad packaging.,Neutral,0.0,3
cous__.1900,Meera,Whole Wheat Bread,PID0051900,https://www.facebook.com/vukkarvibes,1397040301790159,Fresh and tasty.,Negative,-0.674,2
cous__.1901,Kunal,Bagels,PID0051901,https://www.facebook.com/vukkarvibes,1397040301790160,Loved the taste!,Neutral,0.0,2
cous__.1902,Raju,Croissants,PID0051902,https://www.facebook.com/vukkarvibes,1397040301790161,Fresh and tasty.,Negative,-0.674,1
cous__.1903,Raju,English Muffins,PID0051903,https://www.facebook.com/vukkarvibes,1397040301790162,Loved the taste!,Negative,-0.674,3
cous__.1904,Swati,Pita Bread,PID0051904,https://www.facebook.com/vukkarvibes,1397040301790163,Highly recommended!,Negative,-0.674,3
cous__.1905,Arjun,Sourdough Bread,PID0051905,https://www.facebook.com/vukkarvibes,1397040301790164,Fresh and tasty.,Positive,0.885,3
cous__.1906,Varun,Multigrain Cereal,PID0051906,https://www.facebook.com/vukkarvibes,1397040301790165,"Not good, expected better.",Negative,-0.674,2
cous__.1907,Meera,Oatmeal,PID0051907,https://www.facebook.com/vukkarvibes,1397040301790166,Loved the taste!,Positive,0.885,1
cous__.1908,Kiran,Granola Bars,PID0051908,https://www.facebook.com/vukkarvibes,1397040301790167,Average experience.,Neutral,0.0,3
cous__.1909,Amit,Protein Bars,PID0051909,https://www.facebook.com/vukkarvibes,1397040301790168,Worth the price.,Neutral,0.0,1
cous__.1910,Swati,Raisin Bran Cereal,PID0051910,https://www.facebook.com/vukkarvibes,1397040301790169,Loved the taste!,Negative,-0.674,2
cous__.1911,Rohan,Frozen Vegetables,PID0051911,https://www.facebook.com/vukkarvibes,1397040301790170,Bad packaging.,Positive,0.885,5
cous__.1912,Varun,Frozen French Fries,PID0051912,https://www.facebook.com/vukkarvibes,1397040301790171,Not satisfied.,Positive,0.885,3
cous__.1913,Aditya,Frozen Chicken Nuggets,PID0051913,https://www.facebook.com/vukkarvibes,1397040301790172,"Too spicy, not for me.",Positive,0.885,4
cous__.1914,Aditya,Frozen Fish Sticks,PID0051914,https://www.facebook.com/vukkarvibes,1397040301790173,Loved the taste!,Positive,0.885,1
cous__.1915,Rahul,Frozen Dumplings,PID0051915,https://www.facebook.com/vukkarvibes,1397040301790174,Bad packaging.,Neutral,0.0,3
cous__.1916,Sneha,Frozen Spring Rolls,PID0051916,https://www.facebook.com/vukkarvibes,1397040301790175,Very delicious!,Positive,0.885,3
cous__.1917,Sita,Frozen Waffles,PID0051917,https://www.facebook.com/vukkarvibes,1397040301790176,"Not good, expected better.",Neutral,0.0,4
cous__.1918,Mira,Frozen Berries,PID0051918,https://www.facebook.com/vukkarvibes,1397040301790177,Loved the taste!,Negative,-0.674,3
cous__.1919,Sneha,Tofu,PID0051919,https://www.facebook.com/vukkarvibes,1397040301790178,"Too spicy, not for me.",Neutral,0.0,1
cous__.1920,Pooja,Dried Fruits,PID0051920,https://www.facebook.com/vukkarvibes,1397040301790179,Average experience.,Positive,0.885,4
cous__.1921,Rohan,Canned Soup,PID0051921,https://www.facebook.com/vukkarvibes,1397040301790180,"Not good, expected better.",Positive,0.885,2
cous__.1922,Sita,Nut Mix,PID0051922,https://www.facebook.com/vukkarvibes,1397040301790181,Very delicious!,Negative,-0.674,2
cous__.1923,Meera,Rice Cakes,PID0051923,https://www.facebook.com/vukkarvibes,1397040301790182,Bad packaging.,Neutral,0.0,4
cous__.1924,Rohan,Pancake Mix,PID0051924,https://www.facebook.com/vukkarvibes,1397040301790183,Loved the taste!,Negative,-0.674,5
cous__.1925,Meera,Potato Chips,PID0051925,https://www.facebook.com/vukkarvibes,1397040301790184,Bad packaging.,Negative,-0.674,3
cous__.1926,Arjun,Corn Chips,PID0051926,https://www.facebook.com/vukkarvibes,1397040301790185,Not satisfied.,Positive,0.885,2
cous__.1927,Varun,Tortilla Chips,PID0051927,https://www.facebook.com/vukkarvibes,1397040301790186,Loved the taste!,Neutral,0.0,2
cous__.1928,Sneha,Veggie Chips,PID0051928,https://www.facebook.com/vukkarvibes,1397040301790187,Average experience.,Negative,-0.674,3
cous__.1929,Rahul,Pretzels,PID0051929,https://www.facebook.com/vukkarvibes,1397040301790188,Highly recommended!,Neutral,0.0,1
cous__.1930,Mira,Popcorn,PID0051930,https://www.facebook.com/vukkarvibes,1397040301790189,Not satisfied.,Neutral,0.0,5
cous__.1931,Varun,Milk,PID0051931,https://www.facebook.com/vukkarvibes,1397040301790190,Worth the price.,Neutral,0.0,4
cous__.1932,Meera,Yogurt,PID0051932,https://www.facebook.com/vukkarvibes,1397040301790191,Loved the taste!,Neutral,0.0,3
cous__.1933,Pooja,Cheddar Cheese,PID0051933,https://www.facebook.com/vukkarvibes,1397040301790192,Fresh and tasty.,Neutral,0.0,4
cous__.1934,Aditya,Mozzarella Cheese,PID0051934,https://www.facebook.com/vukkarvibes,1397040301790193,Average experience.,Negative,-0.674,3
cous__.1935,Raju,Greek Yogurt,PID0051935,https://www.facebook.com/vukkarvibes,1397040301790194,Loved the taste!,Neutral,0.0,2
cous__.1936,Kiran,Butter,PID0051936,https://www.facebook.com/vukkarvibes,1397040301790195,Fresh and tasty.,Negative,-0.674,2
cous__.1937,Arjun,Cream Cheese,PID0051937,https://www.facebook.com/vukkarvibes,1397040301790196,"Too spicy, not for me.",Neutral,0.0,3
cous__.1938,Mira,Cottage Cheese,PID0051938,https://www.facebook.com/vukkarvibes,1397040301790197,Highly recommended!,Neutral,0.0,4
cous__.1939,Raju,Orange Juice,PID0051939,https://www.facebook.com/vukkarvibes,1397040301790198,"Too spicy, not for me.",Negative,-0.674,1
cous__.1940,Raju,Apple Juice,PID0051940,https://www.facebook.com/vukkarvibes,1397040301790199,Highly recommended!,Positive,0.885,1
cous__.1941,Priya,Green Tea,PID0051941,https://www.facebook.com/vukkarvibes,1397040301790200,Loved the taste!,Negative,-0.674,3
cous__.1942,Varun,Coffee,PID0051942,https://www.facebook.com/vukkarvibes,1397040301790201,Fresh and tasty.,Positive,0.885,4
cous__.1943,Priya,Soft Drink,PID0051943,https://www.facebook.com/vukkarvibes,1397040301790202,Not satisfied.,Negative,-0.674,5
cous__.1944,Meera,Black Tea,PID0051944,https://www.facebook.com/vukkarvibes,1397040301790203,Fresh and tasty.,Neutral,0.0,2
cous__.1945,Sita,Herbal Tea,PID0051945,https://www.facebook.com/vukkarvibes,1397040301790204,"Not good, expected better.",Neutral,0.0,5
cous__.1946,Suman,Sparkling Water,PID0051946,https://www.facebook.com/vukkarvibes,1397040301790205,Very delicious!,Neutral,0.0,1
cous__.1947,Kiran,Ready-to-Eat Pasta,PID0051947,https://www.facebook.com/vukkarvibes,1397040301790206,Average experience.,Neutral,0.0,1
cous__.1948,Rohan,Frozen Pizza,PID0051948,https://www.facebook.com/vukkarvibes,1397040301790207,Highly recommended!,Neutral,0.0,5
cous__.1949,Raju,Frozen Burritos,PID0051949,https://www.facebook.com/vukkarvibes,1397040301790208,Highly recommended!,Neutral,0.0,2
cous__.1950,Sneha,Frozen Lasagna,PID0051950,https://www.facebook.com/vukkarvibes,1397040301790209,Not satisfied.,Neutral,0.0,3
cous__.1951,Rahul,Instant Noodles,PID0051951,https://www.facebook.com/vukkarvibes,1397040301790210,Average experience.,Negative,-0.674,5
cous__.1952,Suman,Whole Wheat Bread,PID0051952,https://www.facebook.com/vukkarvibes,1397040301790211,Fresh and tasty.,Neutral,0.0,2
cous__.1953,Sita,Bagels,PID0051953,https://www.facebook.com/vukkarvibes,1397040301790212,Very delicious!,Neutral,0.0,3
cous__.1954,Raju,Croissants,PID0051954,https://www.facebook.com/vukkarvibes,1397040301790213,Bad packaging.,Positive,0.885,3
cous__.1955,Swati,English Muffins,PID0051955,https://www.facebook.com/vukkarvibes,1397040301790214,Bad packaging.,Positive,0.885,3
cous__.1956,Priya,Pita Bread,PID0051956,https://www.facebook.com/vukkarvibes,1397040301790215,Highly recommended!,Neutral,0.0,5
cous__.1957,Priya,Sourdough Bread,PID0051957,https://www.facebook.com/vukkarvibes,1397040301790216,Highly recommended!,Positive,0.885,5
cous__.1958,Varun,Multigrain Cereal,PID0051958,https://www.facebook.com/vukkarvibes,1397040301790217,Fresh and tasty.,Neutral,0.0,5
cous__.1959,Priya,Oatmeal,PID0051959,https://www.facebook.com/vukkarvibes,1397040301790218,Worth the price.,Negative,-0.674,1
cous__.1960,Sneha,Granola Bars,PID0051960,https://www.facebook.com/vukkarvibes,1397040301790219,Very delicious!,Positive,0.885,2
cous__.1961,Pooja,Protein Bars,PID0051961,https://www.facebook.com/vukkarvibes,1397040301790220,Average experience.,Negative,-0.674,4
cous__.1962,Pooja,Raisin Bran Cereal,PID0051962,https://www.facebook.com/vukkarvibes,1397040301790221,Loved the taste!,Negative,-0.674,4
cous__.1963,Sita,Frozen Vegetables,PID0051963,https://www.facebook.com/vukkarvibes,1397040301790222,"Too spicy, not for me.",Neutral,0.0,5
cous__.1964,Kunal,Frozen French Fries,PID0051964,https://www.facebook.com/vukkarvibes,1397040301790223,Bad packaging.,Neutral,0.0,2
cous__.1965,Aditya,Frozen Chicken Nuggets,PID0051965,https://www.facebook.com/vukkarvibes,1397040301790224,Not satisfied.,Positive,0.885,5
cous__.1966,Suman,Frozen Fish Sticks,PID0051966,https://www.facebook.com/vukkarvibes,1397040301790225,Average experience.,Neutral,0.0,5
cous__.1967,Swati,Frozen Dumplings,PID0051967,https://www.facebook.com/vukkarvibes,1397040301790226,Not satisfied.,Neutral,0.0,5
cous__.1968,Arjun,Frozen Spring Rolls,PID0051968,https://www.facebook.com/vukkarvibes,1397040301790227,Not satisfied.,Neutral,0.0,4
cous__.1969,Amit,Frozen Waffles,PID0051969,https://www.facebook.com/vukkarvibes,1397040301790228,Average experience.,Negative,-0.674,3
cous__.1970,Amit,Frozen Berries,PID0051970,https://www.facebook.com/vukkarvibes,1397040301790229,Highly recommended!,Positive,0.885,4
cous__.1971,Raju,Tofu,PID0051971,https://www.facebook.com/vukkarvibes,1397040301790230,Fresh and tasty.,Neutral,0.0,5
cous__.1972,Swati,Dried Fruits,PID0051972,https://www.facebook.com/vukkarvibes,1397040301790231,Fresh and tasty.,Negative,-0.674,5
cous__.1973,Mira,Canned Soup,PID0051973,https://www.facebook.com/vukkarvibes,1397040301790232,Loved the taste!,Neutral,0.0,4
cous__.1974,Kunal,Nut Mix,PID0051974,https://www.facebook.com/vukkarvibes,1397040301790233,Average experience.,Neutral,0.0,4
cous__.1975,Suman,Rice Cakes,PID0051975,https://www.facebook.com/vukkarvibes,1397040301790234,Bad packaging.,Negative,-0.674,3
cous__.1976,Rahul,Pancake Mix,PID0051976,https://www.facebook.com/vukkarvibes,1397040301790235,Loved the taste!,Negative,-0.674,2
cous__.1977,Sita,Potato Chips,PID0051977,https://www.facebook.com/vukkarvibes,1397040301790236,"Not good, expected better.",Positive,0.885,3
cous__.1978,Kiran,Corn Chips,PID0051978,https://www.facebook.com/vukkarvibes,1397040301790237,Bad packaging.,Positive,0.885,1
cous__.1979,Divya,Tortilla Chips,PID0051979,https://www.facebook.com/vukkarvibes,1397040301790238,"Not good, expected better.",Negative,-0.674,2
cous__.1980,Sita,Veggie Chips,PID0051980,https://www.facebook.com/vukkarvibes,1397040301790239,"Not good, expected better.",Neutral,0.0,1
cous__.1981,Arjun,Pretzels,PID0051981,https://www.facebook.com/vukkarvibes,1397040301790240,Bad packaging.,Negative,-0.674,1
cous__.1982,Kunal,Popcorn,PID0051982,https://www.facebook.com/vukkarvibes,1397040301790241,Not satisfied.,Neutral,0.0,1
cous__.1983,Priya,Milk,PID0051983,https://www.facebook.com/vukkarvibes,1397040301790242,Fresh and tasty.,Positive,0.885,3
cous__.1984,Varun,Yogurt,PID0051984,https://www.facebook.com/vukkarvibes,1397040301790243,"Too spicy, not for me.",Neutral,0.0,2
cous__.1985,Kunal,Cheddar Cheese,PID0051985,https://www.facebook.com/vukkarvibes,1397040301790244,"Too spicy, not for me.",Positive,0.885,3
cous__.1986,Aditya,Mozzarella Cheese,PID0051986,https://www.facebook.com/vukkarvibes,1397040301790245,"Not good, expected better.",Negative,-0.674,2
cous__.1987,Aditya,Greek Yogurt,PID0051987,https://www.facebook.com/vukkarvibes,1397040301790246,Bad packaging.,Negative,-0.674,3
cous__.1988,Sneha,Butter,PID0051988,https://www.facebook.com/vukkarvibes,1397040301790247,Fresh and tasty.,Neutral,0.0,5
cous__.1989,Suman,Cream Cheese,PID0051989,https://www.facebook.com/vukkarvibes,1397040301790248,Fresh and tasty.,Negative,-0.674,3
cous__.1990,Rohan,Cottage Cheese,PID0051990,https://www.facebook.com/vukkarvibes,1397040301790249,"Not good, expected better.",Neutral,0.0,3
cous__.1991,Varun,Orange Juice,PID0051991,https://www.facebook.com/vukkarvibes,1397040301790250,Not satisfied.,Positive,0.885,3
cous__.1992,Raju,Apple Juice,PID0051992,https://www.facebook.com/vukkarvibes,1397040301790251,Loved the taste!,Negative,-0.674,5
cous__.1993,Priya,Green Tea,PID0051993,https://www.facebook.com/vukkarvibes,1397040301790252,Fresh and tasty.,Neutral,0.0,1
cous__.1994,Amit,Coffee,PID0051994,https://www.facebook.com/vukkarvibes,1397040301790253,Fresh and tasty.,Positive,0.885,3
cous__.1995,Arjun,Soft Drink,PID0051995,https://www.facebook.com/vukkarvibes,1397040301790254,Fresh and tasty.,Positive,0.885,4
cous__.1996,Swati,Black Tea,PID0051996,https://www.facebook.com/vukkarvibes,1397040301790255,Very delicious!,Negative,-0.674,2
cous__.1997,Divya,Herbal Tea,PID0051997,https://www.facebook.com/vukkarvibes,1397040301790256,Worth the price.,Negative,-0.674,5
cous__.1998,Arjun,Sparkling Water,PID0051998,https://www.facebook.com/vukkarvibes,1397040301790257,Very delicious!,Negative,-0.674,1
cous__.1999,Varun,Ready-to-Eat Pasta,PID0051999,https://www.facebook.com/vukkarvibes,1397040301790258,"Too spicy, not for me.",Positive,0.885,5
cous__.2000,Priya,Frozen Pizza,PID0052000,https://www.facebook.com/vukkarvibes,1397040301790259,Fresh and tasty.,Neutral,0.0,4
