Customer_ID,User_Name,Product_Name,Product_ID,User_ID,Facebook_ID,Comment,Sentiment,Sentimental_Score,Rating
cous__.01,Mira,prod__.01,PID005001,https://www.facebook.com/vukkarvibes,1397040301788260,Not satisfied.,Neutral,0.0,5
cous__.02,Sita,prod__.02,PID005002,https://www.facebook.com/vukkarvibes,1397040301788261,"Not good, expected better.",Negative,-0.674,1
cous__.03,Rohan,prod__.03,PID005003,https://www.facebook.com/vukkarvibes,1397040301788262,"Not good, expected better.",Positive,0.885,5
cous__.04,Priya,prod__.04,PID005004,https://www.facebook.com/vukkarvibes,1397040301788263,Fresh and tasty.,Neutral,0.0,2
cous__.05,Sneha,prod__.05,PID005005,https://www.facebook.com/vukkarvibes,1397040301788264,Fresh and tasty.,Positive,0.885,4
cous__.06,Amit,prod__.06,PID005006,https://www.facebook.com/vukkarvibes,1397040301788265,"Not good, expected better.",Negative,-0.674,5
cous__.07,Mira,prod__.07,PID005007,https://www.facebook.com/vukkarvibes,1397040301788266,Not satisfied.,Neutral,0.0,2
cous__.08,Divya,prod__.08,PID005008,https://www.facebook.com/vukkarvibes,1397040301788267,Highly recommended!,Negative,-0.674,2
cous__.09,Arjun,prod__.09,PID005009,https://www.facebook.com/vukkarvibes,1397040301788268,Worth the price.,Positive,0.885,3
cous__.10,Kunal,prod__.10,PID005010,https://www.facebook.com/vukkarvibes,1397040301788269,Very delicious!,Neutral,0.0,3
cous__.11,Priya,prod__.11,PID005011,https://www.facebook.com/vukkarvibes,1397040301788270,Worth the price.,Neutral,0.0,2
cous__.12,Mira,prod__.12,PID005012,https://www.facebook.com/vukkarvibes,1397040301788271,"Too spicy, not for me.",Negative,-0.674,4
cous__.13,Rohan,prod__.13,PID005013,https://www.facebook.com/vukkarvibes,1397040301788272,Average experience.,Negative,-0.674,2
cous__.14,Amit,prod__.14,PID005014,https://www.facebook.com/vukkarvibes,1397040301788273,Worth the price.,Neutral,0.0,1
cous__.15,Meera,prod__.15,PID005015,https://www.facebook.com/vukkarvibes,1397040301788274,Very delicious!,Neutral,0.0,3
cous__.16,Rohan,prod__.16,PID005016,https://www.facebook.com/vukkarvibes,1397040301788275,Not satisfied.,Negative,-0.674,2
cous__.17,Varun,prod__.17,PID005017,https://www.facebook.com/vukkarvibes,1397040301788276,"Too spicy, not for me.",Positive,0.885,5
cous__.18,Priya,prod__.18,PID005018,https://www.facebook.com/vukkarvibes,1397040301788277,Loved the taste!,Neutral,0.0,4
cous__.19,Aditya,prod__.19,PID005019,https://www.facebook.com/vukkarvibes,1397040301788278,Very delicious!,Negative,-0.674,5
cous__.20,Kunal,prod__.20,PID005020,https://www.facebook.com/vukkarvibes,1397040301788279,"Too spicy, not for me.",Positive,0.885,3
cous__.21,Amit,prod__.21,PID005021,https://www.facebook.com/vukkarvibes,1397040301788280,Worth the price.,Neutral,0.0,1
cous__.22,Meera,prod__.22,PID005022,https://www.facebook.com/vukkarvibes,1397040301788281,"Too spicy, not for me.",Neutral,0.0,2
cous__.23,Sneha,prod__.23,PID005023,https://www.facebook.com/vukkarvibes,1397040301788282,Fresh and tasty.,Neutral,0.0,5
cous__.24,Aditya,prod__.24,PID005024,https://www.facebook.com/vukkarvibes,1397040301788283,Highly recommended!,Neutral,0.0,1
cous__.25,Amit,prod__.25,PID005025,https://www.facebook.com/vukkarvibes,1397040301788284,Bad packaging.,Neutral,0.0,5
cous__.26,Kiran,prod__.26,PID005026,https://www.facebook.com/vukkarvibes,1397040301788285,"Not good, expected better.",Positive,0.885,4
cous__.27,Priya,prod__.27,PID005027,https://www.facebook.com/vukkarvibes,1397040301788286,Bad packaging.,Positive,0.885,5
cous__.28,Rohan,prod__.28,PID005028,https://www.facebook.com/vukkarvibes,1397040301788287,"Not good, expected better.",Neutral,0.0,3
cous__.29,Arjun,prod__.29,PID005029,https://www.facebook.com/vukkarvibes,1397040301788288,Very delicious!,Negative,-0.674,2
cous__.30,Suman,prod__.30,PID005030,https://www.facebook.com/vukkarvibes,1397040301788289,Not satisfied.,Positive,0.885,2
cous__.31,Aditya,prod__.31,PID005031,https://www.facebook.com/vukkarvibes,1397040301788290,Fresh and tasty.,Positive,0.885,2
cous__.32,Kunal,prod__.32,PID005032,https://www.facebook.com/vukkarvibes,1397040301788291,"Too spicy, not for me.",Negative,-0.674,4
cous__.33,Amit,prod__.33,PID005033,https://www.facebook.com/vukkarvibes,1397040301788292,Fresh and tasty.,Negative,-0.674,1
cous__.34,Mira,prod__.34,PID005034,https://www.facebook.com/vukkarvibes,1397040301788293,Bad packaging.,Positive,0.885,1
cous__.35,Meera,prod__.35,PID005035,https://www.facebook.com/vukkarvibes,1397040301788294,Average experience.,Neutral,0.0,2
cous__.36,Kiran,prod__.36,PID005036,https://www.facebook.com/vukkarvibes,1397040301788295,"Not good, expected better.",Negative,-0.674,5
cous__.37,Divya,prod__.37,PID005037,https://www.facebook.com/vukkarvibes,1397040301788296,Fresh and tasty.,Positive,0.885,5
cous__.38,Kiran,prod__.38,PID005038,https://www.facebook.com/vukkarvibes,1397040301788297,Highly recommended!,Neutral,0.0,2
cous__.39,Swati,prod__.39,PID005039,https://www.facebook.com/vukkarvibes,1397040301788298,Loved the taste!,Negative,-0.674,2
cous__.40,Rahul,prod__.40,PID005040,https://www.facebook.com/vukkarvibes,1397040301788299,Not satisfied.,Neutral,0.0,5
cous__.41,Varun,prod__.41,PID005041,https://www.facebook.com/vukkarvibes,1397040301788300,Very delicious!,Neutral,0.0,1
cous__.42,Varun,prod__.42,PID005042,https://www.facebook.com/vukkarvibes,1397040301788301,Very delicious!,Neutral,0.0,2
cous__.43,Priya,prod__.43,PID005043,https://www.facebook.com/vukkarvibes,1397040301788302,Very delicious!,Positive,0.885,2
cous__.44,Pooja,prod__.44,PID005044,https://www.facebook.com/vukkarvibes,1397040301788303,Loved the taste!,Neutral,0.0,4
cous__.45,Arjun,prod__.45,PID005045,https://www.facebook.com/vukkarvibes,1397040301788304,Worth the price.,Positive,0.885,4
cous__.46,Kiran,prod__.46,PID005046,https://www.facebook.com/vukkarvibes,1397040301788305,Average experience.,Positive,0.885,4
cous__.47,Pooja,prod__.47,PID005047,https://www.facebook.com/vukkarvibes,1397040301788306,Bad packaging.,Negative,-0.674,2
cous__.48,Swati,prod__.48,PID005048,https://www.facebook.com/vukkarvibes,1397040301788307,"Not good, expected better.",Neutral,0.0,5
cous__.49,Pooja,prod__.49,PID005049,https://www.facebook.com/vukkarvibes,1397040301788308,Fresh and tasty.,Neutral,0.0,5
cous__.50,Raju,prod__.50,PID005050,https://www.facebook.com/vukkarvibes,1397040301788309,Average experience.,Negative,-0.674,1
cous__.51,Amit,prod__.51,PID005051,https://www.facebook.com/vukkarvibes,1397040301788310,"Too spicy, not for me.",Negative,-0.674,4
cous__.52,Priya,prod__.52,PID005052,https://www.facebook.com/vukkarvibes,1397040301788311,Fresh and tasty.,Neutral,0.0,1
cous__.53,Meera,prod__.53,PID005053,https://www.facebook.com/vukkarvibes,1397040301788312,Loved the taste!,Negative,-0.674,4
cous__.54,Raju,prod__.54,PID005054,https://www.facebook.com/vukkarvibes,1397040301788313,Highly recommended!,Negative,-0.674,2
cous__.55,Raju,prod__.55,PID005055,https://www.facebook.com/vukkarvibes,1397040301788314,Not satisfied.,Positive,0.885,3
cous__.56,Kiran,prod__.56,PID005056,https://www.facebook.com/vukkarvibes,1397040301788315,Bad packaging.,Negative,-0.674,3
cous__.57,Rohan,prod__.57,PID005057,https://www.facebook.com/vukkarvibes,1397040301788316,Worth the price.,Neutral,0.0,4
cous__.58,Kunal,prod__.58,PID005058,https://www.facebook.com/vukkarvibes,1397040301788317,Highly recommended!,Positive,0.885,1
cous__.59,Raju,prod__.59,PID005059,https://www.facebook.com/vukkarvibes,1397040301788318,"Not good, expected better.",Neutral,0.0,2
cous__.60,Sneha,prod__.60,PID005060,https://www.facebook.com/vukkarvibes,1397040301788319,Not satisfied.,Positive,0.885,1
cous__.61,Mira,prod__.61,PID005061,https://www.facebook.com/vukkarvibes,1397040301788320,"Too spicy, not for me.",Neutral,0.0,2
cous__.62,Raju,prod__.62,PID005062,https://www.facebook.com/vukkarvibes,1397040301788321,Highly recommended!,Positive,0.885,3
cous__.63,Rohan,prod__.63,PID005063,https://www.facebook.com/vukkarvibes,1397040301788322,Loved the taste!,Negative,-0.674,4
cous__.64,Swati,prod__.64,PID005064,https://www.facebook.com/vukkarvibes,1397040301788323,Not satisfied.,Neutral,0.0,5
cous__.65,Swati,prod__.65,PID005065,https://www.facebook.com/vukkarvibes,1397040301788324,Average experience.,Negative,-0.674,5
cous__.66,Varun,prod__.66,PID005066,https://www.facebook.com/vukkarvibes,1397040301788325,Bad packaging.,Negative,-0.674,3
cous__.67,Mira,prod__.67,PID005067,https://www.facebook.com/vukkarvibes,1397040301788326,"Not good, expected better.",Positive,0.885,5
cous__.68,Kiran,prod__.68,PID005068,https://www.facebook.com/vukkarvibes,1397040301788327,"Too spicy, not for me.",Negative,-0.674,5
cous__.69,Divya,prod__.69,PID005069,https://www.facebook.com/vukkarvibes,1397040301788328,Highly recommended!,Negative,-0.674,4
cous__.70,Meera,prod__.70,PID005070,https://www.facebook.com/vukkarvibes,1397040301788329,"Too spicy, not for me.",Negative,-0.674,3
cous__.71,Sneha,prod__.71,PID005071,https://www.facebook.com/vukkarvibes,1397040301788330,Average experience.,Negative,-0.674,4
cous__.72,Sneha,prod__.72,PID005072,https://www.facebook.com/vukkarvibes,1397040301788331,Worth the price.,Positive,0.885,5
cous__.73,Rohan,prod__.73,PID005073,https://www.facebook.com/vukkarvibes,1397040301788332,Average experience.,Neutral,0.0,1
cous__.74,Priya,prod__.74,PID005074,https://www.facebook.com/vukkarvibes,1397040301788333,Very delicious!,Negative,-0.674,3
cous__.75,Aditya,prod__.75,PID005075,https://www.facebook.com/vukkarvibes,1397040301788334,Average experience.,Neutral,0.0,2
cous__.76,Kunal,prod__.76,PID005076,https://www.facebook.com/vukkarvibes,1397040301788335,Not satisfied.,Positive,0.885,3
cous__.77,Sneha,prod__.77,PID005077,https://www.facebook.com/vukkarvibes,1397040301788336,Loved the taste!,Neutral,0.0,5
cous__.78,Kiran,prod__.78,PID005078,https://www.facebook.com/vukkarvibes,1397040301788337,Average experience.,Positive,0.885,3
cous__.79,Kiran,prod__.79,PID005079,https://www.facebook.com/vukkarvibes,1397040301788338,Worth the price.,Negative,-0.674,2
cous__.80,Arjun,prod__.80,PID005080,https://www.facebook.com/vukkarvibes,1397040301788339,Worth the price.,Positive,0.885,2
cous__.81,Divya,prod__.81,PID005081,https://www.facebook.com/vukkarvibes,1397040301788340,Worth the price.,Positive,0.885,1
cous__.82,Sita,prod__.82,PID005082,https://www.facebook.com/vukkarvibes,1397040301788341,Average experience.,Positive,0.885,2
cous__.83,Raju,prod__.83,PID005083,https://www.facebook.com/vukkarvibes,1397040301788342,Fresh and tasty.,Negative,-0.674,4
cous__.84,Varun,prod__.84,PID005084,https://www.facebook.com/vukkarvibes,1397040301788343,Average experience.,Neutral,0.0,3
cous__.85,Suman,prod__.85,PID005085,https://www.facebook.com/vukkarvibes,1397040301788344,Average experience.,Negative,-0.674,2
cous__.86,Mira,prod__.86,PID005086,https://www.facebook.com/vukkarvibes,1397040301788345,Bad packaging.,Positive,0.885,3
cous__.87,Divya,prod__.87,PID005087,https://www.facebook.com/vukkarvibes,1397040301788346,Worth the price.,Positive,0.885,2
cous__.88,Arjun,prod__.88,PID005088,https://www.facebook.com/vukkarvibes,1397040301788347,Average experience.,Negative,-0.674,1
cous__.89,Varun,prod__.89,PID005089,https://www.facebook.com/vukkarvibes,1397040301788348,"Too spicy, not for me.",Neutral,0.0,3
cous__.90,Raju,prod__.90,PID005090,https://www.facebook.com/vukkarvibes,1397040301788349,Average experience.,Negative,-0.674,1
cous__.91,Raju,prod__.91,PID005091,https://www.facebook.com/vukkarvibes,1397040301788350,Worth the price.,Neutral,0.0,2
cous__.92,Sita,prod__.92,PID005092,https://www.facebook.com/vukkarvibes,1397040301788351,Loved the taste!,Negative,-0.674,1
cous__.93,Sneha,prod__.93,PID005093,https://www.facebook.com/vukkarvibes,1397040301788352,Not satisfied.,Neutral,0.0,3
cous__.94,Divya,prod__.94,PID005094,https://www.facebook.com/vukkarvibes,1397040301788353,Worth the price.,Positive,0.885,4
cous__.95,Amit,prod__.95,PID005095,https://www.facebook.com/vukkarvibes,1397040301788354,Very delicious!,Neutral,0.0,4
cous__.96,Divya,prod__.96,PID005096,https://www.facebook.com/vukkarvibes,1397040301788355,Loved the taste!,Neutral,0.0,2
cous__.97,Rohan,prod__.97,PID005097,https://www.facebook.com/vukkarvibes,1397040301788356,Bad packaging.,Negative,-0.674,5
cous__.98,Kiran,prod__.98,PID005098,https://www.facebook.com/vukkarvibes,1397040301788357,"Too spicy, not for me.",Neutral,0.0,5
cous__.99,Priya,prod__.99,PID005099,https://www.facebook.com/vukkarvibes,1397040301788358,Highly recommended!,Positive,0.885,2
cous__.100,Rohan,prod__.100,PID005100,https://www.facebook.com/vukkarvibes,1397040301788359,Fresh and tasty.,Negative,-0.674,2
cous__.101,Varun,prod__.101,PID005101,https://www.facebook.com/vukkarvibes,1397040301788360,Bad packaging.,Positive,0.885,3
cous__.102,Kunal,prod__.102,PID005102,https://www.facebook.com/vukkarvibes,1397040301788361,Loved the taste!,Positive,0.885,2
cous__.103,Sneha,prod__.103,PID005103,https://www.facebook.com/vukkarvibes,1397040301788362,Loved the taste!,Negative,-0.674,2
cous__.104,Aditya,prod__.104,PID005104,https://www.facebook.com/vukkarvibes,1397040301788363,Bad packaging.,Negative,-0.674,5
cous__.105,Meera,prod__.105,PID005105,https://www.facebook.com/vukkarvibes,1397040301788364,Average experience.,Positive,0.885,4
cous__.106,Varun,prod__.106,PID005106,https://www.facebook.com/vukkarvibes,1397040301788365,Loved the taste!,Positive,0.885,3
cous__.107,Sita,prod__.107,PID005107,https://www.facebook.com/vukkarvibes,1397040301788366,Bad packaging.,Negative,-0.674,2
cous__.108,Pooja,prod__.108,PID005108,https://www.facebook.com/vukkarvibes,1397040301788367,Bad packaging.,Negative,-0.674,2
cous__.109,Raju,prod__.109,PID005109,https://www.facebook.com/vukkarvibes,1397040301788368,Average experience.,Neutral,0.0,3
cous__.110,Sita,prod__.110,PID005110,https://www.facebook.com/vukkarvibes,1397040301788369,Loved the taste!,Neutral,0.0,1
cous__.111,Aditya,prod__.111,PID005111,https://www.facebook.com/vukkarvibes,1397040301788370,Highly recommended!,Positive,0.885,3
cous__.112,Mira,prod__.112,PID005112,https://www.facebook.com/vukkarvibes,1397040301788371,Fresh and tasty.,Neutral,0.0,1
cous__.113,Rohan,prod__.113,PID005113,https://www.facebook.com/vukkarvibes,1397040301788372,"Not good, expected better.",Positive,0.885,5
cous__.114,Swati,prod__.114,PID005114,https://www.facebook.com/vukkarvibes,1397040301788373,Highly recommended!,Neutral,0.0,3
cous__.115,Arjun,prod__.115,PID005115,https://www.facebook.com/vukkarvibes,1397040301788374,Very delicious!,Neutral,0.0,3
cous__.116,Sita,prod__.116,PID005116,https://www.facebook.com/vukkarvibes,1397040301788375,Highly recommended!,Positive,0.885,4
cous__.117,Arjun,prod__.117,PID005117,https://www.facebook.com/vukkarvibes,1397040301788376,"Too spicy, not for me.",Negative,-0.674,5
cous__.118,Amit,prod__.118,PID005118,https://www.facebook.com/vukkarvibes,1397040301788377,Highly recommended!,Negative,-0.674,2
cous__.119,Pooja,prod__.119,PID005119,https://www.facebook.com/vukkarvibes,1397040301788378,Bad packaging.,Positive,0.885,2
cous__.120,Swati,prod__.120,PID005120,https://www.facebook.com/vukkarvibes,1397040301788379,"Too spicy, not for me.",Neutral,0.0,4
cous__.121,Suman,prod__.121,PID005121,https://www.facebook.com/vukkarvibes,1397040301788380,Bad packaging.,Negative,-0.674,3
cous__.122,Swati,prod__.122,PID005122,https://www.facebook.com/vukkarvibes,1397040301788381,Not satisfied.,Neutral,0.0,4
cous__.123,Kunal,prod__.123,PID005123,https://www.facebook.com/vukkarvibes,1397040301788382,Worth the price.,Neutral,0.0,5
cous__.124,Sneha,prod__.124,PID005124,https://www.facebook.com/vukkarvibes,1397040301788383,Highly recommended!,Neutral,0.0,3
cous__.125,Kunal,prod__.125,PID005125,https://www.facebook.com/vukkarvibes,1397040301788384,"Not good, expected better.",Positive,0.885,2
cous__.126,Varun,prod__.126,PID005126,https://www.facebook.com/vukkarvibes,1397040301788385,Loved the taste!,Neutral,0.0,1
cous__.127,Kunal,prod__.127,PID005127,https://www.facebook.com/vukkarvibes,1397040301788386,Bad packaging.,Positive,0.885,1
cous__.128,Suman,prod__.128,PID005128,https://www.facebook.com/vukkarvibes,1397040301788387,Bad packaging.,Positive,0.885,3
cous__.129,Sneha,prod__.129,PID005129,https://www.facebook.com/vukkarvibes,1397040301788388,Highly recommended!,Negative,-0.674,3
cous__.130,Varun,prod__.130,PID005130,https://www.facebook.com/vukkarvibes,1397040301788389,Very delicious!,Negative,-0.674,1
cous__.131,Raju,prod__.131,PID005131,https://www.facebook.com/vukkarvibes,1397040301788390,Not satisfied.,Positive,0.885,1
cous__.132,Meera,prod__.132,PID005132,https://www.facebook.com/vukkarvibes,1397040301788391,Very delicious!,Neutral,0.0,5
cous__.133,Varun,prod__.133,PID005133,https://www.facebook.com/vukkarvibes,1397040301788392,Not satisfied.,Positive,0.885,2
cous__.134,Raju,prod__.134,PID005134,https://www.facebook.com/vukkarvibes,1397040301788393,Very delicious!,Neutral,0.0,1
cous__.135,Divya,prod__.135,PID005135,https://www.facebook.com/vukkarvibes,1397040301788394,Average experience.,Positive,0.885,4
cous__.136,Amit,prod__.136,PID005136,https://www.facebook.com/vukkarvibes,1397040301788395,Very delicious!,Positive,0.885,3
cous__.137,Mira,prod__.137,PID005137,https://www.facebook.com/vukkarvibes,1397040301788396,Average experience.,Positive,0.885,2
cous__.138,Aditya,prod__.138,PID005138,https://www.facebook.com/vukkarvibes,1397040301788397,Not satisfied.,Neutral,0.0,3
cous__.139,Raju,prod__.139,PID005139,https://www.facebook.com/vukkarvibes,1397040301788398,Fresh and tasty.,Positive,0.885,5
cous__.140,Kiran,prod__.140,PID005140,https://www.facebook.com/vukkarvibes,1397040301788399,Bad packaging.,Positive,0.885,2
cous__.141,Suman,prod__.141,PID005141,https://www.facebook.com/vukkarvibes,1397040301788400,Average experience.,Positive,0.885,1
cous__.142,Divya,prod__.142,PID005142,https://www.facebook.com/vukkarvibes,1397040301788401,Not satisfied.,Neutral,0.0,1
cous__.143,Kiran,prod__.143,PID005143,https://www.facebook.com/vukkarvibes,1397040301788402,"Too spicy, not for me.",Negative,-0.674,5
cous__.144,Swati,prod__.144,PID005144,https://www.facebook.com/vukkarvibes,1397040301788403,Not satisfied.,Negative,-0.674,4
cous__.145,Meera,prod__.145,PID005145,https://www.facebook.com/vukkarvibes,1397040301788404,Highly recommended!,Neutral,0.0,5
cous__.146,Mira,prod__.146,PID005146,https://www.facebook.com/vukkarvibes,1397040301788405,Fresh and tasty.,Neutral,0.0,4
cous__.147,Rahul,prod__.147,PID005147,https://www.facebook.com/vukkarvibes,1397040301788406,Not satisfied.,Positive,0.885,2
cous__.148,Raju,prod__.148,PID005148,https://www.facebook.com/vukkarvibes,1397040301788407,Highly recommended!,Positive,0.885,3
cous__.149,Rohan,prod__.149,PID005149,https://www.facebook.com/vukkarvibes,1397040301788408,Worth the price.,Neutral,0.0,3
cous__.150,Suman,prod__.150,PID005150,https://www.facebook.com/vukkarvibes,1397040301788409,"Too spicy, not for me.",Negative,-0.674,4
cous__.151,Swati,prod__.151,PID005151,https://www.facebook.com/vukkarvibes,1397040301788410,Fresh and tasty.,Positive,0.885,1
cous__.152,Mira,prod__.152,PID005152,https://www.facebook.com/vukkarvibes,1397040301788411,Loved the taste!,Neutral,0.0,1
cous__.153,Amit,prod__.153,PID005153,https://www.facebook.com/vukkarvibes,1397040301788412,Loved the taste!,Neutral,0.0,5
cous__.154,Suman,prod__.154,PID005154,https://www.facebook.com/vukkarvibes,1397040301788413,Average experience.,Neutral,0.0,2
cous__.155,Priya,prod__.155,PID005155,https://www.facebook.com/vukkarvibes,1397040301788414,Worth the price.,Negative,-0.674,3
cous__.156,Suman,prod__.156,PID005156,https://www.facebook.com/vukkarvibes,1397040301788415,Highly recommended!,Negative,-0.674,1
cous__.157,Varun,prod__.157,PID005157,https://www.facebook.com/vukkarvibes,1397040301788416,"Too spicy, not for me.",Neutral,0.0,4
cous__.158,Raju,prod__.158,PID005158,https://www.facebook.com/vukkarvibes,1397040301788417,Bad packaging.,Neutral,0.0,4
cous__.159,Rahul,prod__.159,PID005159,https://www.facebook.com/vukkarvibes,1397040301788418,"Not good, expected better.",Negative,-0.674,5
cous__.160,Raju,prod__.160,PID005160,https://www.facebook.com/vukkarvibes,1397040301788419,"Not good, expected better.",Negative,-0.674,1
cous__.161,Sita,prod__.161,PID005161,https://www.facebook.com/vukkarvibes,1397040301788420,Bad packaging.,Positive,0.885,5
cous__.162,Swati,prod__.162,PID005162,https://www.facebook.com/vukkarvibes,1397040301788421,Very delicious!,Neutral,0.0,1
cous__.163,Amit,prod__.163,PID005163,https://www.facebook.com/vukkarvibes,1397040301788422,Very delicious!,Neutral,0.0,1
cous__.164,Rahul,prod__.164,PID005164,https://www.facebook.com/vukkarvibes,1397040301788423,Highly recommended!,Positive,0.885,5
cous__.165,Mira,prod__.165,PID005165,https://www.facebook.com/vukkarvibes,1397040301788424,Not satisfied.,Neutral,0.0,1
cous__.166,Amit,prod__.166,PID005166,https://www.facebook.com/vukkarvibes,1397040301788425,Very delicious!,Neutral,0.0,1
cous__.167,Rohan,prod__.167,PID005167,https://www.facebook.com/vukkarvibes,1397040301788426,"Too spicy, not for me.",Positive,0.885,5
cous__.168,Mira,prod__.168,PID005168,https://www.facebook.com/vukkarvibes,1397040301788427,Not satisfied.,Negative,-0.674,4
cous__.169,Kunal,prod__.169,PID005169,https://www.facebook.com/vukkarvibes,1397040301788428,Very delicious!,Neutral,0.0,5
cous__.170,Amit,prod__.170,PID005170,https://www.facebook.com/vukkarvibes,1397040301788429,Very delicious!,Positive,0.885,4
cous__.171,Suman,prod__.171,PID005171,https://www.facebook.com/vukkarvibes,1397040301788430,Worth the price.,Positive,0.885,5
cous__.172,Kiran,prod__.172,PID005172,https://www.facebook.com/vukkarvibes,1397040301788431,Loved the taste!,Neutral,0.0,3
cous__.173,Divya,prod__.173,PID005173,https://www.facebook.com/vukkarvibes,1397040301788432,Average experience.,Positive,0.885,2
cous__.174,Kunal,prod__.174,PID005174,https://www.facebook.com/vukkarvibes,1397040301788433,Average experience.,Positive,0.885,2
cous__.175,Sita,prod__.175,PID005175,https://www.facebook.com/vukkarvibes,1397040301788434,Very delicious!,Negative,-0.674,2
cous__.176,Varun,prod__.176,PID005176,https://www.facebook.com/vukkarvibes,1397040301788435,Bad packaging.,Negative,-0.674,4
cous__.177,Meera,prod__.177,PID005177,https://www.facebook.com/vukkarvibes,1397040301788436,Worth the price.,Negative,-0.674,1
cous__.178,Arjun,prod__.178,PID005178,https://www.facebook.com/vukkarvibes,1397040301788437,Average experience.,Neutral,0.0,3
cous__.179,Suman,prod__.179,PID005179,https://www.facebook.com/vukkarvibes,1397040301788438,Average experience.,Positive,0.885,5
cous__.180,Suman,prod__.180,PID005180,https://www.facebook.com/vukkarvibes,1397040301788439,"Not good, expected better.",Neutral,0.0,2
cous__.181,Arjun,prod__.181,PID005181,https://www.facebook.com/vukkarvibes,1397040301788440,Worth the price.,Negative,-0.674,1
cous__.182,Arjun,prod__.182,PID005182,https://www.facebook.com/vukkarvibes,1397040301788441,Very delicious!,Positive,0.885,4
cous__.183,Divya,prod__.183,PID005183,https://www.facebook.com/vukkarvibes,1397040301788442,"Not good, expected better.",Positive,0.885,4
cous__.184,Pooja,prod__.184,PID005184,https://www.facebook.com/vukkarvibes,1397040301788443,"Not good, expected better.",Neutral,0.0,2
cous__.185,Swati,prod__.185,PID005185,https://www.facebook.com/vukkarvibes,1397040301788444,Very delicious!,Negative,-0.674,5
cous__.186,Meera,prod__.186,PID005186,https://www.facebook.com/vukkarvibes,1397040301788445,Bad packaging.,Neutral,0.0,2
cous__.187,Swati,prod__.187,PID005187,https://www.facebook.com/vukkarvibes,1397040301788446,Highly recommended!,Positive,0.885,2
cous__.188,Raju,prod__.188,PID005188,https://www.facebook.com/vukkarvibes,1397040301788447,Very delicious!,Negative,-0.674,2
cous__.189,Swati,prod__.189,PID005189,https://www.facebook.com/vukkarvibes,1397040301788448,"Not good, expected better.",Positive,0.885,2
cous__.190,Mira,prod__.190,PID005190,https://www.facebook.com/vukkarvibes,1397040301788449,Loved the taste!,Negative,-0.674,4
cous__.191,Sita,prod__.191,PID005191,https://www.facebook.com/vukkarvibes,1397040301788450,Loved the taste!,Negative,-0.674,2
cous__.192,Rahul,prod__.192,PID005192,https://www.facebook.com/vukkarvibes,1397040301788451,Very delicious!,Neutral,0.0,4
cous__.193,Sita,prod__.193,PID005193,https://www.facebook.com/vukkarvibes,1397040301788452,Not satisfied.,Neutral,0.0,3
cous__.194,Aditya,prod__.194,PID005194,https://www.facebook.com/vukkarvibes,1397040301788453,Bad packaging.,Neutral,0.0,3
cous__.195,Priya,prod__.195,PID005195,https://www.facebook.com/vukkarvibes,1397040301788454,Worth the price.,Neutral,0.0,3
cous__.196,Divya,prod__.196,PID005196,https://www.facebook.com/vukkarvibes,1397040301788455,Fresh and tasty.,Positive,0.885,4
cous__.197,Rahul,prod__.197,PID005197,https://www.facebook.com/vukkarvibes,1397040301788456,"Not good, expected better.",Neutral,0.0,2
cous__.198,Swati,prod__.198,PID005198,https://www.facebook.com/vukkarvibes,1397040301788457,Loved the taste!,Positive,0.885,3
cous__.199,Pooja,prod__.199,PID005199,https://www.facebook.com/vukkarvibes,1397040301788458,Highly recommended!,Neutral,0.0,5
cous__.200,Suman,prod__.200,PID005200,https://www.facebook.com/vukkarvibes,1397040301788459,Not satisfied.,Positive,0.885,5
cous__.201,Sneha,prod__.201,PID005201,https://www.facebook.com/vukkarvibes,1397040301788460,Bad packaging.,Positive,0.885,3
cous__.202,Raju,prod__.202,PID005202,https://www.facebook.com/vukkarvibes,1397040301788461,Fresh and tasty.,Neutral,0.0,4
cous__.203,Divya,prod__.203,PID005203,https://www.facebook.com/vukkarvibes,1397040301788462,Highly recommended!,Positive,0.885,1
cous__.204,Rahul,prod__.204,PID005204,https://www.facebook.com/vukkarvibes,1397040301788463,"Too spicy, not for me.",Neutral,0.0,3
cous__.205,Sita,prod__.205,PID005205,https://www.facebook.com/vukkarvibes,1397040301788464,"Too spicy, not for me.",Neutral,0.0,3
cous__.206,Sita,prod__.206,PID005206,https://www.facebook.com/vukkarvibes,1397040301788465,"Too spicy, not for me.",Positive,0.885,1
cous__.207,Mira,prod__.207,PID005207,https://www.facebook.com/vukkarvibes,1397040301788466,Loved the taste!,Negative,-0.674,2
cous__.208,Sneha,prod__.208,PID005208,https://www.facebook.com/vukkarvibes,1397040301788467,Fresh and tasty.,Neutral,0.0,3
cous__.209,Rohan,prod__.209,PID005209,https://www.facebook.com/vukkarvibes,1397040301788468,"Too spicy, not for me.",Negative,-0.674,3
cous__.210,Kunal,prod__.210,PID005210,https://www.facebook.com/vukkarvibes,1397040301788469,Worth the price.,Negative,-0.674,1
cous__.211,Aditya,prod__.211,PID005211,https://www.facebook.com/vukkarvibes,1397040301788470,"Too spicy, not for me.",Negative,-0.674,2
cous__.212,Amit,prod__.212,PID005212,https://www.facebook.com/vukkarvibes,1397040301788471,"Not good, expected better.",Negative,-0.674,2
cous__.213,Rahul,prod__.213,PID005213,https://www.facebook.com/vukkarvibes,1397040301788472,Worth the price.,Negative,-0.674,3
cous__.214,Raju,prod__.214,PID005214,https://www.facebook.com/vukkarvibes,1397040301788473,Loved the taste!,Neutral,0.0,1
cous__.215,Kiran,prod__.215,PID005215,https://www.facebook.com/vukkarvibes,1397040301788474,Fresh and tasty.,Neutral,0.0,2
cous__.216,Priya,prod__.216,PID005216,https://www.facebook.com/vukkarvibes,1397040301788475,Very delicious!,Negative,-0.674,5
cous__.217,Arjun,prod__.217,PID005217,https://www.facebook.com/vukkarvibes,1397040301788476,Fresh and tasty.,Positive,0.885,1
cous__.218,Sneha,prod__.218,PID005218,https://www.facebook.com/vukkarvibes,1397040301788477,Worth the price.,Negative,-0.674,2
cous__.219,Raju,prod__.219,PID005219,https://www.facebook.com/vukkarvibes,1397040301788478,"Too spicy, not for me.",Neutral,0.0,3
cous__.220,Aditya,prod__.220,PID005220,https://www.facebook.com/vukkarvibes,1397040301788479,Very delicious!,Negative,-0.674,5
cous__.221,Suman,prod__.221,PID005221,https://www.facebook.com/vukkarvibes,1397040301788480,Worth the price.,Neutral,0.0,1
cous__.222,Meera,prod__.222,PID005222,https://www.facebook.com/vukkarvibes,1397040301788481,"Not good, expected better.",Positive,0.885,5
cous__.223,Kunal,prod__.223,PID005223,https://www.facebook.com/vukkarvibes,1397040301788482,Worth the price.,Positive,0.885,5
cous__.224,Kiran,prod__.224,PID005224,https://www.facebook.com/vukkarvibes,1397040301788483,Fresh and tasty.,Neutral,0.0,3
cous__.225,Meera,prod__.225,PID005225,https://www.facebook.com/vukkarvibes,1397040301788484,Loved the taste!,Positive,0.885,5
cous__.226,Kiran,prod__.226,PID005226,https://www.facebook.com/vukkarvibes,1397040301788485,Not satisfied.,Negative,-0.674,3
cous__.227,Priya,prod__.227,PID005227,https://www.facebook.com/vukkarvibes,1397040301788486,Not satisfied.,Negative,-0.674,5
cous__.228,Sita,prod__.228,PID005228,https://www.facebook.com/vukkarvibes,1397040301788487,Worth the price.,Positive,0.885,2
cous__.229,Meera,prod__.229,PID005229,https://www.facebook.com/vukkarvibes,1397040301788488,Worth the price.,Neutral,0.0,4
cous__.230,Priya,prod__.230,PID005230,https://www.facebook.com/vukkarvibes,1397040301788489,"Too spicy, not for me.",Negative,-0.674,5
cous__.231,Aditya,prod__.231,PID005231,https://www.facebook.com/vukkarvibes,1397040301788490,Average experience.,Negative,-0.674,2
cous__.232,Priya,prod__.232,PID005232,https://www.facebook.com/vukkarvibes,1397040301788491,Bad packaging.,Positive,0.885,3
cous__.233,Varun,prod__.233,PID005233,https://www.facebook.com/vukkarvibes,1397040301788492,Highly recommended!,Negative,-0.674,3
cous__.234,Suman,prod__.234,PID005234,https://www.facebook.com/vukkarvibes,1397040301788493,Fresh and tasty.,Negative,-0.674,2
cous__.235,Priya,prod__.235,PID005235,https://www.facebook.com/vukkarvibes,1397040301788494,Fresh and tasty.,Negative,-0.674,4
cous__.236,Suman,prod__.236,PID005236,https://www.facebook.com/vukkarvibes,1397040301788495,Highly recommended!,Negative,-0.674,5
cous__.237,Varun,prod__.237,PID005237,https://www.facebook.com/vukkarvibes,1397040301788496,Highly recommended!,Negative,-0.674,1
cous__.238,Kiran,prod__.238,PID005238,https://www.facebook.com/vukkarvibes,1397040301788497,"Too spicy, not for me.",Positive,0.885,1
cous__.239,Kiran,prod__.239,PID005239,https://www.facebook.com/vukkarvibes,1397040301788498,Bad packaging.,Neutral,0.0,5
cous__.240,Kiran,prod__.240,PID005240,https://www.facebook.com/vukkarvibes,1397040301788499,Very delicious!,Negative,-0.674,1
cous__.241,Suman,prod__.241,PID005241,https://www.facebook.com/vukkarvibes,1397040301788500,Highly recommended!,Neutral,0.0,4
cous__.242,Arjun,prod__.242,PID005242,https://www.facebook.com/vukkarvibes,1397040301788501,Bad packaging.,Neutral,0.0,3
cous__.243,Kunal,prod__.243,PID005243,https://www.facebook.com/vukkarvibes,1397040301788502,Fresh and tasty.,Neutral,0.0,1
cous__.244,Varun,prod__.244,PID005244,https://www.facebook.com/vukkarvibes,1397040301788503,Average experience.,Positive,0.885,3
cous__.245,Kiran,prod__.245,PID005245,https://www.facebook.com/vukkarvibes,1397040301788504,"Not good, expected better.",Negative,-0.674,3
cous__.246,Amit,prod__.246,PID005246,https://www.facebook.com/vukkarvibes,1397040301788505,"Not good, expected better.",Positive,0.885,2
cous__.247,Rahul,prod__.247,PID005247,https://www.facebook.com/vukkarvibes,1397040301788506,Highly recommended!,Negative,-0.674,1
cous__.248,Raju,prod__.248,PID005248,https://www.facebook.com/vukkarvibes,1397040301788507,Highly recommended!,Neutral,0.0,2
cous__.249,Raju,prod__.249,PID005249,https://www.facebook.com/vukkarvibes,1397040301788508,Bad packaging.,Positive,0.885,5
cous__.250,Pooja,prod__.250,PID005250,https://www.facebook.com/vukkarvibes,1397040301788509,Bad packaging.,Neutral,0.0,3
cous__.251,Mira,prod__.251,PID005251,https://www.facebook.com/vukkarvibes,1397040301788510,"Too spicy, not for me.",Positive,0.885,2
cous__.252,Sneha,prod__.252,PID005252,https://www.facebook.com/vukkarvibes,1397040301788511,Highly recommended!,Negative,-0.674,1
cous__.253,Sita,prod__.253,PID005253,https://www.facebook.com/vukkarvibes,1397040301788512,Not satisfied.,Negative,-0.674,5
cous__.254,Sita,prod__.254,PID005254,https://www.facebook.com/vukkarvibes,1397040301788513,Highly recommended!,Positive,0.885,2
cous__.255,Rahul,prod__.255,PID005255,https://www.facebook.com/vukkarvibes,1397040301788514,"Not good, expected better.",Neutral,0.0,4
cous__.256,Pooja,prod__.256,PID005256,https://www.facebook.com/vukkarvibes,1397040301788515,Very delicious!,Positive,0.885,4
cous__.257,Mira,prod__.257,PID005257,https://www.facebook.com/vukkarvibes,1397040301788516,Very delicious!,Neutral,0.0,4
cous__.258,Sita,prod__.258,PID005258,https://www.facebook.com/vukkarvibes,1397040301788517,Fresh and tasty.,Neutral,0.0,1
cous__.259,Kiran,prod__.259,PID005259,https://www.facebook.com/vukkarvibes,1397040301788518,Worth the price.,Neutral,0.0,3
cous__.260,Meera,prod__.260,PID005260,https://www.facebook.com/vukkarvibes,1397040301788519,Average experience.,Neutral,0.0,1
cous__.261,Priya,prod__.261,PID005261,https://www.facebook.com/vukkarvibes,1397040301788520,Very delicious!,Positive,0.885,5
cous__.262,Mira,prod__.262,PID005262,https://www.facebook.com/vukkarvibes,1397040301788521,Worth the price.,Positive,0.885,1
cous__.263,Pooja,prod__.263,PID005263,https://www.facebook.com/vukkarvibes,1397040301788522,"Too spicy, not for me.",Negative,-0.674,3
cous__.264,Rohan,prod__.264,PID005264,https://www.facebook.com/vukkarvibes,1397040301788523,Worth the price.,Positive,0.885,1
cous__.265,Rahul,prod__.265,PID005265,https://www.facebook.com/vukkarvibes,1397040301788524,Loved the taste!,Neutral,0.0,1
cous__.266,Suman,prod__.266,PID005266,https://www.facebook.com/vukkarvibes,1397040301788525,Not satisfied.,Positive,0.885,1
cous__.267,Rohan,prod__.267,PID005267,https://www.facebook.com/vukkarvibes,1397040301788526,Fresh and tasty.,Negative,-0.674,2
cous__.268,Rahul,prod__.268,PID005268,https://www.facebook.com/vukkarvibes,1397040301788527,Very delicious!,Neutral,0.0,3
cous__.269,Kunal,prod__.269,PID005269,https://www.facebook.com/vukkarvibes,1397040301788528,Fresh and tasty.,Positive,0.885,1
cous__.270,Raju,prod__.270,PID005270,https://www.facebook.com/vukkarvibes,1397040301788529,Highly recommended!,Neutral,0.0,3
cous__.271,Kunal,prod__.271,PID005271,https://www.facebook.com/vukkarvibes,1397040301788530,Worth the price.,Positive,0.885,3
cous__.272,Mira,prod__.272,PID005272,https://www.facebook.com/vukkarvibes,1397040301788531,Very delicious!,Positive,0.885,5
cous__.273,Mira,prod__.273,PID005273,https://www.facebook.com/vukkarvibes,1397040301788532,"Too spicy, not for me.",Positive,0.885,2
cous__.274,Kiran,prod__.274,PID005274,https://www.facebook.com/vukkarvibes,1397040301788533,Worth the price.,Positive,0.885,5
cous__.275,Meera,prod__.275,PID005275,https://www.facebook.com/vukkarvibes,1397040301788534,Very delicious!,Negative,-0.674,2
cous__.276,Amit,prod__.276,PID005276,https://www.facebook.com/vukkarvibes,1397040301788535,Very delicious!,Neutral,0.0,1
cous__.277,Kiran,prod__.277,PID005277,https://www.facebook.com/vukkarvibes,1397040301788536,Not satisfied.,Positive,0.885,5
cous__.278,Raju,prod__.278,PID005278,https://www.facebook.com/vukkarvibes,1397040301788537,"Not good, expected better.",Negative,-0.674,4
cous__.279,Swati,prod__.279,PID005279,https://www.facebook.com/vukkarvibes,1397040301788538,Fresh and tasty.,Neutral,0.0,3
cous__.280,Rohan,prod__.280,PID005280,https://www.facebook.com/vukkarvibes,1397040301788539,Bad packaging.,Neutral,0.0,5
cous__.281,Aditya,prod__.281,PID005281,https://www.facebook.com/vukkarvibes,1397040301788540,Average experience.,Neutral,0.0,3
cous__.282,Rahul,prod__.282,PID005282,https://www.facebook.com/vukkarvibes,1397040301788541,"Not good, expected better.",Neutral,0.0,4
cous__.283,Divya,prod__.283,PID005283,https://www.facebook.com/vukkarvibes,1397040301788542,"Too spicy, not for me.",Negative,-0.674,3
cous__.284,Amit,prod__.284,PID005284,https://www.facebook.com/vukkarvibes,1397040301788543,Loved the taste!,Negative,-0.674,3
cous__.285,Meera,prod__.285,PID005285,https://www.facebook.com/vukkarvibes,1397040301788544,Worth the price.,Positive,0.885,4
cous__.286,Varun,prod__.286,PID005286,https://www.facebook.com/vukkarvibes,1397040301788545,Average experience.,Negative,-0.674,2
cous__.287,Swati,prod__.287,PID005287,https://www.facebook.com/vukkarvibes,1397040301788546,Not satisfied.,Positive,0.885,3
cous__.288,Sita,prod__.288,PID005288,https://www.facebook.com/vukkarvibes,1397040301788547,"Too spicy, not for me.",Negative,-0.674,5
cous__.289,Divya,prod__.289,PID005289,https://www.facebook.com/vukkarvibes,1397040301788548,Not satisfied.,Negative,-0.674,5
cous__.290,Divya,prod__.290,PID005290,https://www.facebook.com/vukkarvibes,1397040301788549,Not satisfied.,Positive,0.885,2
cous__.291,Divya,prod__.291,PID005291,https://www.facebook.com/vukkarvibes,1397040301788550,Fresh and tasty.,Negative,-0.674,4
cous__.292,Rohan,prod__.292,PID005292,https://www.facebook.com/vukkarvibes,1397040301788551,Worth the price.,Positive,0.885,4
cous__.293,Swati,prod__.293,PID005293,https://www.facebook.com/vukkarvibes,1397040301788552,Not satisfied.,Neutral,0.0,4
cous__.294,Aditya,prod__.294,PID005294,https://www.facebook.com/vukkarvibes,1397040301788553,Not satisfied.,Positive,0.885,1
cous__.295,Amit,prod__.295,PID005295,https://www.facebook.com/vukkarvibes,1397040301788554,Fresh and tasty.,Negative,-0.674,2
cous__.296,Amit,prod__.296,PID005296,https://www.facebook.com/vukkarvibes,1397040301788555,Bad packaging.,Neutral,0.0,1
cous__.297,Raju,prod__.297,PID005297,https://www.facebook.com/vukkarvibes,1397040301788556,Loved the taste!,Positive,0.885,5
cous__.298,Rahul,prod__.298,PID005298,https://www.facebook.com/vukkarvibes,1397040301788557,Fresh and tasty.,Negative,-0.674,4
cous__.299,Raju,prod__.299,PID005299,https://www.facebook.com/vukkarvibes,1397040301788558,"Too spicy, not for me.",Positive,0.885,3
cous__.300,Raju,prod__.300,PID005300,https://www.facebook.com/vukkarvibes,1397040301788559,Highly recommended!,Negative,-0.674,5
cous__.301,Rohan,prod__.301,PID005301,https://www.facebook.com/vukkarvibes,1397040301788560,Fresh and tasty.,Positive,0.885,2
cous__.302,Kiran,prod__.302,PID005302,https://www.facebook.com/vukkarvibes,1397040301788561,"Too spicy, not for me.",Negative,-0.674,3
cous__.303,Sita,prod__.303,PID005303,https://www.facebook.com/vukkarvibes,1397040301788562,Not satisfied.,Positive,0.885,3
cous__.304,Sneha,prod__.304,PID005304,https://www.facebook.com/vukkarvibes,1397040301788563,Fresh and tasty.,Neutral,0.0,1
cous__.305,Raju,prod__.305,PID005305,https://www.facebook.com/vukkarvibes,1397040301788564,Fresh and tasty.,Neutral,0.0,5
cous__.306,Raju,prod__.306,PID005306,https://www.facebook.com/vukkarvibes,1397040301788565,"Not good, expected better.",Negative,-0.674,4
cous__.307,Varun,prod__.307,PID005307,https://www.facebook.com/vukkarvibes,1397040301788566,Not satisfied.,Positive,0.885,1
cous__.308,Amit,prod__.308,PID005308,https://www.facebook.com/vukkarvibes,1397040301788567,Fresh and tasty.,Negative,-0.674,4
cous__.309,Priya,prod__.309,PID005309,https://www.facebook.com/vukkarvibes,1397040301788568,Worth the price.,Neutral,0.0,3
cous__.310,Priya,prod__.310,PID005310,https://www.facebook.com/vukkarvibes,1397040301788569,Loved the taste!,Positive,0.885,3
cous__.311,Kiran,prod__.311,PID005311,https://www.facebook.com/vukkarvibes,1397040301788570,Highly recommended!,Neutral,0.0,2
cous__.312,Divya,prod__.312,PID005312,https://www.facebook.com/vukkarvibes,1397040301788571,Fresh and tasty.,Neutral,0.0,5
cous__.313,Arjun,prod__.313,PID005313,https://www.facebook.com/vukkarvibes,1397040301788572,Loved the taste!,Negative,-0.674,5
cous__.314,Mira,prod__.314,PID005314,https://www.facebook.com/vukkarvibes,1397040301788573,"Too spicy, not for me.",Neutral,0.0,5
cous__.315,Sita,prod__.315,PID005315,https://www.facebook.com/vukkarvibes,1397040301788574,Worth the price.,Negative,-0.674,5
cous__.316,Varun,prod__.316,PID005316,https://www.facebook.com/vukkarvibes,1397040301788575,Not satisfied.,Positive,0.885,3
cous__.317,Arjun,prod__.317,PID005317,https://www.facebook.com/vukkarvibes,1397040301788576,Average experience.,Positive,0.885,3
cous__.318,Sita,prod__.318,PID005318,https://www.facebook.com/vukkarvibes,1397040301788577,Fresh and tasty.,Positive,0.885,1
cous__.319,Aditya,prod__.319,PID005319,https://www.facebook.com/vukkarvibes,1397040301788578,Very delicious!,Neutral,0.0,4
cous__.320,Mira,prod__.320,PID005320,https://www.facebook.com/vukkarvibes,1397040301788579,Not satisfied.,Negative,-0.674,2
cous__.321,Aditya,prod__.321,PID005321,https://www.facebook.com/vukkarvibes,1397040301788580,Bad packaging.,Negative,-0.674,4
cous__.322,Suman,prod__.322,PID005322,https://www.facebook.com/vukkarvibes,1397040301788581,Bad packaging.,Neutral,0.0,5
cous__.323,Priya,prod__.323,PID005323,https://www.facebook.com/vukkarvibes,1397040301788582,Average experience.,Neutral,0.0,1
cous__.324,Rahul,prod__.324,PID005324,https://www.facebook.com/vukkarvibes,1397040301788583,Bad packaging.,Negative,-0.674,5
cous__.325,Sita,prod__.325,PID005325,https://www.facebook.com/vukkarvibes,1397040301788584,Average experience.,Negative,-0.674,5
cous__.326,Varun,prod__.326,PID005326,https://www.facebook.com/vukkarvibes,1397040301788585,Worth the price.,Positive,0.885,2
cous__.327,Priya,prod__.327,PID005327,https://www.facebook.com/vukkarvibes,1397040301788586,"Too spicy, not for me.",Neutral,0.0,4
cous__.328,Varun,prod__.328,PID005328,https://www.facebook.com/vukkarvibes,1397040301788587,Fresh and tasty.,Negative,-0.674,2
cous__.329,Mira,prod__.329,PID005329,https://www.facebook.com/vukkarvibes,1397040301788588,Bad packaging.,Negative,-0.674,5
cous__.330,Varun,prod__.330,PID005330,https://www.facebook.com/vukkarvibes,1397040301788589,"Too spicy, not for me.",Negative,-0.674,5
cous__.331,Priya,prod__.331,PID005331,https://www.facebook.com/vukkarvibes,1397040301788590,Highly recommended!,Positive,0.885,1
cous__.332,Sneha,prod__.332,PID005332,https://www.facebook.com/vukkarvibes,1397040301788591,Loved the taste!,Neutral,0.0,5
cous__.333,Meera,prod__.333,PID005333,https://www.facebook.com/vukkarvibes,1397040301788592,"Too spicy, not for me.",Negative,-0.674,5
cous__.334,Swati,prod__.334,PID005334,https://www.facebook.com/vukkarvibes,1397040301788593,Fresh and tasty.,Neutral,0.0,4
cous__.335,Pooja,prod__.335,PID005335,https://www.facebook.com/vukkarvibes,1397040301788594,Not satisfied.,Positive,0.885,4
cous__.336,Aditya,prod__.336,PID005336,https://www.facebook.com/vukkarvibes,1397040301788595,"Not good, expected better.",Neutral,0.0,1
cous__.337,Rohan,prod__.337,PID005337,https://www.facebook.com/vukkarvibes,1397040301788596,Worth the price.,Positive,0.885,5
cous__.338,Raju,prod__.338,PID005338,https://www.facebook.com/vukkarvibes,1397040301788597,"Too spicy, not for me.",Neutral,0.0,2
cous__.339,Swati,prod__.339,PID005339,https://www.facebook.com/vukkarvibes,1397040301788598,Highly recommended!,Neutral,0.0,5
cous__.340,Suman,prod__.340,PID005340,https://www.facebook.com/vukkarvibes,1397040301788599,Worth the price.,Positive,0.885,2
cous__.341,Divya,prod__.341,PID005341,https://www.facebook.com/vukkarvibes,1397040301788600,Loved the taste!,Neutral,0.0,5
cous__.342,Sita,prod__.342,PID005342,https://www.facebook.com/vukkarvibes,1397040301788601,Worth the price.,Negative,-0.674,3
cous__.343,Divya,prod__.343,PID005343,https://www.facebook.com/vukkarvibes,1397040301788602,"Not good, expected better.",Positive,0.885,4
cous__.344,Sita,prod__.344,PID005344,https://www.facebook.com/vukkarvibes,1397040301788603,Fresh and tasty.,Positive,0.885,5
cous__.345,Aditya,prod__.345,PID005345,https://www.facebook.com/vukkarvibes,1397040301788604,Fresh and tasty.,Neutral,0.0,2
cous__.346,Aditya,prod__.346,PID005346,https://www.facebook.com/vukkarvibes,1397040301788605,Loved the taste!,Negative,-0.674,5
cous__.347,Meera,prod__.347,PID005347,https://www.facebook.com/vukkarvibes,1397040301788606,"Not good, expected better.",Positive,0.885,3
cous__.348,Rahul,prod__.348,PID005348,https://www.facebook.com/vukkarvibes,1397040301788607,"Not good, expected better.",Positive,0.885,2
cous__.349,Varun,prod__.349,PID005349,https://www.facebook.com/vukkarvibes,1397040301788608,Loved the taste!,Positive,0.885,2
cous__.350,Meera,prod__.350,PID005350,https://www.facebook.com/vukkarvibes,1397040301788609,Highly recommended!,Negative,-0.674,1
cous__.351,Kunal,prod__.351,PID005351,https://www.facebook.com/vukkarvibes,1397040301788610,Worth the price.,Negative,-0.674,1
cous__.352,Suman,prod__.352,PID005352,https://www.facebook.com/vukkarvibes,1397040301788611,Average experience.,Positive,0.885,5
cous__.353,Kunal,prod__.353,PID005353,https://www.facebook.com/vukkarvibes,1397040301788612,Not satisfied.,Neutral,0.0,5
cous__.354,Kiran,prod__.354,PID005354,https://www.facebook.com/vukkarvibes,1397040301788613,Loved the taste!,Neutral,0.0,2
cous__.355,Aditya,prod__.355,PID005355,https://www.facebook.com/vukkarvibes,1397040301788614,Loved the taste!,Negative,-0.674,4
cous__.356,Arjun,prod__.356,PID005356,https://www.facebook.com/vukkarvibes,1397040301788615,Bad packaging.,Neutral,0.0,4
cous__.357,Mira,prod__.357,PID005357,https://www.facebook.com/vukkarvibes,1397040301788616,Highly recommended!,Positive,0.885,3
cous__.358,Priya,prod__.358,PID005358,https://www.facebook.com/vukkarvibes,1397040301788617,Worth the price.,Negative,-0.674,2
cous__.359,Sita,prod__.359,PID005359,https://www.facebook.com/vukkarvibes,1397040301788618,Fresh and tasty.,Neutral,0.0,4
cous__.360,Kunal,prod__.360,PID005360,https://www.facebook.com/vukkarvibes,1397040301788619,"Not good, expected better.",Neutral,0.0,5
cous__.361,Arjun,prod__.361,PID005361,https://www.facebook.com/vukkarvibes,1397040301788620,"Too spicy, not for me.",Positive,0.885,4
cous__.362,Raju,prod__.362,PID005362,https://www.facebook.com/vukkarvibes,1397040301788621,Not satisfied.,Positive,0.885,3
cous__.363,Kunal,prod__.363,PID005363,https://www.facebook.com/vukkarvibes,1397040301788622,Very delicious!,Negative,-0.674,2
cous__.364,Sneha,prod__.364,PID005364,https://www.facebook.com/vukkarvibes,1397040301788623,"Too spicy, not for me.",Neutral,0.0,3
cous__.365,Pooja,prod__.365,PID005365,https://www.facebook.com/vukkarvibes,1397040301788624,Very delicious!,Neutral,0.0,5
cous__.366,Raju,prod__.366,PID005366,https://www.facebook.com/vukkarvibes,1397040301788625,Fresh and tasty.,Positive,0.885,1
cous__.367,Priya,prod__.367,PID005367,https://www.facebook.com/vukkarvibes,1397040301788626,Worth the price.,Positive,0.885,2
cous__.368,Swati,prod__.368,PID005368,https://www.facebook.com/vukkarvibes,1397040301788627,Fresh and tasty.,Positive,0.885,4
cous__.369,Priya,prod__.369,PID005369,https://www.facebook.com/vukkarvibes,1397040301788628,Average experience.,Negative,-0.674,5
cous__.370,Amit,prod__.370,PID005370,https://www.facebook.com/vukkarvibes,1397040301788629,"Too spicy, not for me.",Positive,0.885,3
cous__.371,Pooja,prod__.371,PID005371,https://www.facebook.com/vukkarvibes,1397040301788630,"Not good, expected better.",Positive,0.885,3
cous__.372,Sneha,prod__.372,PID005372,https://www.facebook.com/vukkarvibes,1397040301788631,Worth the price.,Neutral,0.0,4
cous__.373,Suman,prod__.373,PID005373,https://www.facebook.com/vukkarvibes,1397040301788632,Not satisfied.,Neutral,0.0,3
cous__.374,Pooja,prod__.374,PID005374,https://www.facebook.com/vukkarvibes,1397040301788633,"Not good, expected better.",Negative,-0.674,1
cous__.375,Rohan,prod__.375,PID005375,https://www.facebook.com/vukkarvibes,1397040301788634,Average experience.,Neutral,0.0,2
cous__.376,Kunal,prod__.376,PID005376,https://www.facebook.com/vukkarvibes,1397040301788635,Bad packaging.,Negative,-0.674,5
cous__.377,Divya,prod__.377,PID005377,https://www.facebook.com/vukkarvibes,1397040301788636,Not satisfied.,Neutral,0.0,4
cous__.378,Meera,prod__.378,PID005378,https://www.facebook.com/vukkarvibes,1397040301788637,Highly recommended!,Negative,-0.674,2
cous__.379,Sita,prod__.379,PID005379,https://www.facebook.com/vukkarvibes,1397040301788638,Very delicious!,Neutral,0.0,4
cous__.380,Meera,prod__.380,PID005380,https://www.facebook.com/vukkarvibes,1397040301788639,Not satisfied.,Positive,0.885,2
cous__.381,Arjun,prod__.381,PID005381,https://www.facebook.com/vukkarvibes,1397040301788640,Highly recommended!,Positive,0.885,2
cous__.382,Swati,prod__.382,PID005382,https://www.facebook.com/vukkarvibes,1397040301788641,Fresh and tasty.,Positive,0.885,4
cous__.383,Swati,prod__.383,PID005383,https://www.facebook.com/vukkarvibes,1397040301788642,"Too spicy, not for me.",Neutral,0.0,5
cous__.384,Kunal,prod__.384,PID005384,https://www.facebook.com/vukkarvibes,1397040301788643,Very delicious!,Positive,0.885,5
cous__.385,Sneha,prod__.385,PID005385,https://www.facebook.com/vukkarvibes,1397040301788644,Average experience.,Positive,0.885,4
cous__.386,Kiran,prod__.386,PID005386,https://www.facebook.com/vukkarvibes,1397040301788645,Not satisfied.,Positive,0.885,5
cous__.387,Swati,prod__.387,PID005387,https://www.facebook.com/vukkarvibes,1397040301788646,Fresh and tasty.,Positive,0.885,2
cous__.388,Amit,prod__.388,PID005388,https://www.facebook.com/vukkarvibes,1397040301788647,"Too spicy, not for me.",Positive,0.885,2
cous__.389,Raju,prod__.389,PID005389,https://www.facebook.com/vukkarvibes,1397040301788648,Loved the taste!,Positive,0.885,2
cous__.390,Sita,prod__.390,PID005390,https://www.facebook.com/vukkarvibes,1397040301788649,Fresh and tasty.,Negative,-0.674,1
cous__.391,Rohan,prod__.391,PID005391,https://www.facebook.com/vukkarvibes,1397040301788650,Fresh and tasty.,Positive,0.885,2
cous__.392,Amit,prod__.392,PID005392,https://www.facebook.com/vukkarvibes,1397040301788651,Worth the price.,Positive,0.885,2
cous__.393,Kiran,prod__.393,PID005393,https://www.facebook.com/vukkarvibes,1397040301788652,Bad packaging.,Neutral,0.0,4
cous__.394,Varun,prod__.394,PID005394,https://www.facebook.com/vukkarvibes,1397040301788653,"Not good, expected better.",Positive,0.885,1
cous__.395,Divya,prod__.395,PID005395,https://www.facebook.com/vukkarvibes,1397040301788654,Not satisfied.,Neutral,0.0,1
cous__.396,Aditya,prod__.396,PID005396,https://www.facebook.com/vukkarvibes,1397040301788655,Loved the taste!,Neutral,0.0,1
cous__.397,Varun,prod__.397,PID005397,https://www.facebook.com/vukkarvibes,1397040301788656,Not satisfied.,Negative,-0.674,2
cous__.398,Mira,prod__.398,PID005398,https://www.facebook.com/vukkarvibes,1397040301788657,Worth the price.,Negative,-0.674,2
cous__.399,Rohan,prod__.399,PID005399,https://www.facebook.com/vukkarvibes,1397040301788658,Average experience.,Negative,-0.674,1
cous__.400,Divya,prod__.400,PID005400,https://www.facebook.com/vukkarvibes,1397040301788659,Very delicious!,Neutral,0.0,5
cous__.401,Arjun,prod__.401,PID005401,https://www.facebook.com/vukkarvibes,1397040301788660,Worth the price.,Negative,-0.674,3
cous__.402,Varun,prod__.402,PID005402,https://www.facebook.com/vukkarvibes,1397040301788661,"Not good, expected better.",Positive,0.885,1
cous__.403,Meera,prod__.403,PID005403,https://www.facebook.com/vukkarvibes,1397040301788662,"Too spicy, not for me.",Neutral,0.0,4
cous__.404,Sita,prod__.404,PID005404,https://www.facebook.com/vukkarvibes,1397040301788663,Loved the taste!,Positive,0.885,5
cous__.405,Swati,prod__.405,PID005405,https://www.facebook.com/vukkarvibes,1397040301788664,Average experience.,Positive,0.885,1
cous__.406,Rohan,prod__.406,PID005406,https://www.facebook.com/vukkarvibes,1397040301788665,Worth the price.,Neutral,0.0,1
cous__.407,Kunal,prod__.407,PID005407,https://www.facebook.com/vukkarvibes,1397040301788666,Average experience.,Neutral,0.0,2
cous__.408,Kiran,prod__.408,PID005408,https://www.facebook.com/vukkarvibes,1397040301788667,Very delicious!,Negative,-0.674,4
cous__.409,Aditya,prod__.409,PID005409,https://www.facebook.com/vukkarvibes,1397040301788668,Bad packaging.,Negative,-0.674,1
cous__.410,Aditya,prod__.410,PID005410,https://www.facebook.com/vukkarvibes,1397040301788669,"Not good, expected better.",Neutral,0.0,5
cous__.411,Rohan,prod__.411,PID005411,https://www.facebook.com/vukkarvibes,1397040301788670,Fresh and tasty.,Positive,0.885,4
cous__.412,Kunal,prod__.412,PID005412,https://www.facebook.com/vukkarvibes,1397040301788671,"Too spicy, not for me.",Negative,-0.674,2
cous__.413,Kunal,prod__.413,PID005413,https://www.facebook.com/vukkarvibes,1397040301788672,Worth the price.,Positive,0.885,1
cous__.414,Swati,prod__.414,PID005414,https://www.facebook.com/vukkarvibes,1397040301788673,Worth the price.,Neutral,0.0,3
cous__.415,Swati,prod__.415,PID005415,https://www.facebook.com/vukkarvibes,1397040301788674,Very delicious!,Positive,0.885,3
cous__.416,Mira,prod__.416,PID005416,https://www.facebook.com/vukkarvibes,1397040301788675,"Too spicy, not for me.",Positive,0.885,3
cous__.417,Kiran,prod__.417,PID005417,https://www.facebook.com/vukkarvibes,1397040301788676,Bad packaging.,Neutral,0.0,1
cous__.418,Kunal,prod__.418,PID005418,https://www.facebook.com/vukkarvibes,1397040301788677,Average experience.,Neutral,0.0,3
cous__.419,Swati,prod__.419,PID005419,https://www.facebook.com/vukkarvibes,1397040301788678,Highly recommended!,Positive,0.885,1
cous__.420,Meera,prod__.420,PID005420,https://www.facebook.com/vukkarvibes,1397040301788679,Very delicious!,Negative,-0.674,1
cous__.421,Varun,prod__.421,PID005421,https://www.facebook.com/vukkarvibes,1397040301788680,Bad packaging.,Negative,-0.674,2
cous__.422,Swati,prod__.422,PID005422,https://www.facebook.com/vukkarvibes,1397040301788681,Very delicious!,Positive,0.885,3
cous__.423,Priya,prod__.423,PID005423,https://www.facebook.com/vukkarvibes,1397040301788682,Highly recommended!,Neutral,0.0,1
cous__.424,Varun,prod__.424,PID005424,https://www.facebook.com/vukkarvibes,1397040301788683,Loved the taste!,Negative,-0.674,1
cous__.425,Sita,prod__.425,PID005425,https://www.facebook.com/vukkarvibes,1397040301788684,Bad packaging.,Negative,-0.674,3
cous__.426,Raju,prod__.426,PID005426,https://www.facebook.com/vukkarvibes,1397040301788685,"Not good, expected better.",Negative,-0.674,3
cous__.427,Arjun,prod__.427,PID005427,https://www.facebook.com/vukkarvibes,1397040301788686,Highly recommended!,Positive,0.885,5
cous__.428,Swati,prod__.428,PID005428,https://www.facebook.com/vukkarvibes,1397040301788687,"Not good, expected better.",Positive,0.885,3
cous__.429,Raju,prod__.429,PID005429,https://www.facebook.com/vukkarvibes,1397040301788688,Loved the taste!,Positive,0.885,2
cous__.430,Raju,prod__.430,PID005430,https://www.facebook.com/vukkarvibes,1397040301788689,Average experience.,Negative,-0.674,2
cous__.431,Kunal,prod__.431,PID005431,https://www.facebook.com/vukkarvibes,1397040301788690,Loved the taste!,Positive,0.885,5
cous__.432,Sneha,prod__.432,PID005432,https://www.facebook.com/vukkarvibes,1397040301788691,Loved the taste!,Positive,0.885,3
cous__.433,Divya,prod__.433,PID005433,https://www.facebook.com/vukkarvibes,1397040301788692,Bad packaging.,Neutral,0.0,1
cous__.434,Kiran,prod__.434,PID005434,https://www.facebook.com/vukkarvibes,1397040301788693,"Too spicy, not for me.",Positive,0.885,2
cous__.435,Aditya,prod__.435,PID005435,https://www.facebook.com/vukkarvibes,1397040301788694,Bad packaging.,Negative,-0.674,2
cous__.436,Priya,prod__.436,PID005436,https://www.facebook.com/vukkarvibes,1397040301788695,Worth the price.,Positive,0.885,2
cous__.437,Kunal,prod__.437,PID005437,https://www.facebook.com/vukkarvibes,1397040301788696,Worth the price.,Neutral,0.0,4
cous__.438,Kiran,prod__.438,PID005438,https://www.facebook.com/vukkarvibes,1397040301788697,Highly recommended!,Negative,-0.674,4
cous__.439,Arjun,prod__.439,PID005439,https://www.facebook.com/vukkarvibes,1397040301788698,Average experience.,Positive,0.885,1
cous__.440,Mira,prod__.440,PID005440,https://www.facebook.com/vukkarvibes,1397040301788699,Average experience.,Negative,-0.674,4
cous__.441,Aditya,prod__.441,PID005441,https://www.facebook.com/vukkarvibes,1397040301788700,Fresh and tasty.,Positive,0.885,5
cous__.442,Amit,prod__.442,PID005442,https://www.facebook.com/vukkarvibes,1397040301788701,Fresh and tasty.,Positive,0.885,2
cous__.443,Kunal,prod__.443,PID005443,https://www.facebook.com/vukkarvibes,1397040301788702,Loved the taste!,Neutral,0.0,3
cous__.444,Pooja,prod__.444,PID005444,https://www.facebook.com/vukkarvibes,1397040301788703,"Too spicy, not for me.",Positive,0.885,2
cous__.445,Arjun,prod__.445,PID005445,https://www.facebook.com/vukkarvibes,1397040301788704,Very delicious!,Negative,-0.674,2
cous__.446,Varun,prod__.446,PID005446,https://www.facebook.com/vukkarvibes,1397040301788705,Fresh and tasty.,Neutral,0.0,1
cous__.447,Rahul,prod__.447,PID005447,https://www.facebook.com/vukkarvibes,1397040301788706,Highly recommended!,Positive,0.885,2
cous__.448,Rohan,prod__.448,PID005448,https://www.facebook.com/vukkarvibes,1397040301788707,Loved the taste!,Positive,0.885,2
cous__.449,Rohan,prod__.449,PID005449,https://www.facebook.com/vukkarvibes,1397040301788708,Very delicious!,Positive,0.885,5
cous__.450,Mira,prod__.450,PID005450,https://www.facebook.com/vukkarvibes,1397040301788709,Bad packaging.,Neutral,0.0,5
cous__.451,Meera,prod__.451,PID005451,https://www.facebook.com/vukkarvibes,1397040301788710,Worth the price.,Positive,0.885,1
cous__.452,Sneha,prod__.452,PID005452,https://www.facebook.com/vukkarvibes,1397040301788711,Worth the price.,Positive,0.885,2
cous__.453,Arjun,prod__.453,PID005453,https://www.facebook.com/vukkarvibes,1397040301788712,Bad packaging.,Positive,0.885,1
cous__.454,Suman,prod__.454,PID005454,https://www.facebook.com/vukkarvibes,1397040301788713,Loved the taste!,Positive,0.885,3
cous__.455,Sita,prod__.455,PID005455,https://www.facebook.com/vukkarvibes,1397040301788714,Not satisfied.,Neutral,0.0,4
cous__.456,Meera,prod__.456,PID005456,https://www.facebook.com/vukkarvibes,1397040301788715,"Not good, expected better.",Positive,0.885,4
cous__.457,Meera,prod__.457,PID005457,https://www.facebook.com/vukkarvibes,1397040301788716,Very delicious!,Positive,0.885,4
cous__.458,Suman,prod__.458,PID005458,https://www.facebook.com/vukkarvibes,1397040301788717,Not satisfied.,Neutral,0.0,5
cous__.459,Priya,prod__.459,PID005459,https://www.facebook.com/vukkarvibes,1397040301788718,Average experience.,Negative,-0.674,2
cous__.460,Raju,prod__.460,PID005460,https://www.facebook.com/vukkarvibes,1397040301788719,"Not good, expected better.",Negative,-0.674,3
cous__.461,Suman,prod__.461,PID005461,https://www.facebook.com/vukkarvibes,1397040301788720,Worth the price.,Negative,-0.674,2
cous__.462,Amit,prod__.462,PID005462,https://www.facebook.com/vukkarvibes,1397040301788721,"Too spicy, not for me.",Neutral,0.0,2
cous__.463,Rohan,prod__.463,PID005463,https://www.facebook.com/vukkarvibes,1397040301788722,Bad packaging.,Positive,0.885,4
cous__.464,Sita,prod__.464,PID005464,https://www.facebook.com/vukkarvibes,1397040301788723,Fresh and tasty.,Positive,0.885,3
cous__.465,Divya,prod__.465,PID005465,https://www.facebook.com/vukkarvibes,1397040301788724,Fresh and tasty.,Positive,0.885,3
cous__.466,Amit,prod__.466,PID005466,https://www.facebook.com/vukkarvibes,1397040301788725,Average experience.,Positive,0.885,5
cous__.467,Arjun,prod__.467,PID005467,https://www.facebook.com/vukkarvibes,1397040301788726,"Too spicy, not for me.",Negative,-0.674,4
cous__.468,Rohan,prod__.468,PID005468,https://www.facebook.com/vukkarvibes,1397040301788727,Bad packaging.,Negative,-0.674,2
cous__.469,Suman,prod__.469,PID005469,https://www.facebook.com/vukkarvibes,1397040301788728,Highly recommended!,Neutral,0.0,5
cous__.470,Priya,prod__.470,PID005470,https://www.facebook.com/vukkarvibes,1397040301788729,Very delicious!,Negative,-0.674,5
cous__.471,Kunal,prod__.471,PID005471,https://www.facebook.com/vukkarvibes,1397040301788730,Worth the price.,Neutral,0.0,2
cous__.472,Swati,prod__.472,PID005472,https://www.facebook.com/vukkarvibes,1397040301788731,Loved the taste!,Neutral,0.0,2
cous__.473,Arjun,prod__.473,PID005473,https://www.facebook.com/vukkarvibes,1397040301788732,Average experience.,Negative,-0.674,2
cous__.474,Priya,prod__.474,PID005474,https://www.facebook.com/vukkarvibes,1397040301788733,Average experience.,Negative,-0.674,2
cous__.475,Amit,prod__.475,PID005475,https://www.facebook.com/vukkarvibes,1397040301788734,Fresh and tasty.,Positive,0.885,1
cous__.476,Rohan,prod__.476,PID005476,https://www.facebook.com/vukkarvibes,1397040301788735,Highly recommended!,Positive,0.885,2
cous__.477,Aditya,prod__.477,PID005477,https://www.facebook.com/vukkarvibes,1397040301788736,"Not good, expected better.",Negative,-0.674,1
cous__.478,Priya,prod__.478,PID005478,https://www.facebook.com/vukkarvibes,1397040301788737,Highly recommended!,Positive,0.885,3
cous__.479,Swati,prod__.479,PID005479,https://www.facebook.com/vukkarvibes,1397040301788738,Loved the taste!,Neutral,0.0,5
cous__.480,Mira,prod__.480,PID005480,https://www.facebook.com/vukkarvibes,1397040301788739,Not satisfied.,Negative,-0.674,4
cous__.481,Sita,prod__.481,PID005481,https://www.facebook.com/vukkarvibes,1397040301788740,Fresh and tasty.,Positive,0.885,3
cous__.482,Arjun,prod__.482,PID005482,https://www.facebook.com/vukkarvibes,1397040301788741,"Not good, expected better.",Positive,0.885,1
cous__.483,Raju,prod__.483,PID005483,https://www.facebook.com/vukkarvibes,1397040301788742,Highly recommended!,Negative,-0.674,5
cous__.484,Sneha,prod__.484,PID005484,https://www.facebook.com/vukkarvibes,1397040301788743,Worth the price.,Negative,-0.674,5
cous__.485,Divya,prod__.485,PID005485,https://www.facebook.com/vukkarvibes,1397040301788744,Bad packaging.,Positive,0.885,2
cous__.486,Pooja,prod__.486,PID005486,https://www.facebook.com/vukkarvibes,1397040301788745,Highly recommended!,Negative,-0.674,2
cous__.487,Amit,prod__.487,PID005487,https://www.facebook.com/vukkarvibes,1397040301788746,Average experience.,Negative,-0.674,2
cous__.488,Divya,prod__.488,PID005488,https://www.facebook.com/vukkarvibes,1397040301788747,Very delicious!,Neutral,0.0,2
cous__.489,Rahul,prod__.489,PID005489,https://www.facebook.com/vukkarvibes,1397040301788748,Not satisfied.,Positive,0.885,4
cous__.490,Arjun,prod__.490,PID005490,https://www.facebook.com/vukkarvibes,1397040301788749,Not satisfied.,Neutral,0.0,2
cous__.491,Aditya,prod__.491,PID005491,https://www.facebook.com/vukkarvibes,1397040301788750,Bad packaging.,Positive,0.885,4
cous__.492,Mira,prod__.492,PID005492,https://www.facebook.com/vukkarvibes,1397040301788751,Fresh and tasty.,Neutral,0.0,5
cous__.493,Varun,prod__.493,PID005493,https://www.facebook.com/vukkarvibes,1397040301788752,Highly recommended!,Negative,-0.674,2
cous__.494,Kiran,prod__.494,PID005494,https://www.facebook.com/vukkarvibes,1397040301788753,Bad packaging.,Negative,-0.674,3
cous__.495,Arjun,prod__.495,PID005495,https://www.facebook.com/vukkarvibes,1397040301788754,Fresh and tasty.,Neutral,0.0,3
cous__.496,Varun,prod__.496,PID005496,https://www.facebook.com/vukkarvibes,1397040301788755,Not satisfied.,Negative,-0.674,1
cous__.497,Suman,prod__.497,PID005497,https://www.facebook.com/vukkarvibes,1397040301788756,Worth the price.,Neutral,0.0,2
cous__.498,Swati,prod__.498,PID005498,https://www.facebook.com/vukkarvibes,1397040301788757,"Not good, expected better.",Negative,-0.674,1
cous__.499,Arjun,prod__.499,PID005499,https://www.facebook.com/vukkarvibes,1397040301788758,Very delicious!,Neutral,0.0,4
cous__.500,Aditya,prod__.500,PID005500,https://www.facebook.com/vukkarvibes,1397040301788759,Very delicious!,Positive,0.885,3
cous__.501,Arjun,prod__.501,PID005501,https://www.facebook.com/vukkarvibes,1397040301788760,Fresh and tasty.,Negative,-0.674,2
cous__.502,Varun,prod__.502,PID005502,https://www.facebook.com/vukkarvibes,1397040301788761,Average experience.,Negative,-0.674,5
cous__.503,Kiran,prod__.503,PID005503,https://www.facebook.com/vukkarvibes,1397040301788762,Very delicious!,Negative,-0.674,5
cous__.504,Varun,prod__.504,PID005504,https://www.facebook.com/vukkarvibes,1397040301788763,Highly recommended!,Negative,-0.674,4
cous__.505,Priya,prod__.505,PID005505,https://www.facebook.com/vukkarvibes,1397040301788764,Bad packaging.,Neutral,0.0,1
cous__.506,Varun,prod__.506,PID005506,https://www.facebook.com/vukkarvibes,1397040301788765,Bad packaging.,Positive,0.885,2
cous__.507,Kunal,prod__.507,PID005507,https://www.facebook.com/vukkarvibes,1397040301788766,Fresh and tasty.,Neutral,0.0,4
cous__.508,Aditya,prod__.508,PID005508,https://www.facebook.com/vukkarvibes,1397040301788767,Average experience.,Negative,-0.674,1
cous__.509,Swati,prod__.509,PID005509,https://www.facebook.com/vukkarvibes,1397040301788768,Loved the taste!,Positive,0.885,4
cous__.510,Kiran,prod__.510,PID005510,https://www.facebook.com/vukkarvibes,1397040301788769,Very delicious!,Positive,0.885,1
cous__.511,Kunal,prod__.511,PID005511,https://www.facebook.com/vukkarvibes,1397040301788770,Highly recommended!,Positive,0.885,1
cous__.512,Amit,prod__.512,PID005512,https://www.facebook.com/vukkarvibes,1397040301788771,Loved the taste!,Negative,-0.674,5
cous__.513,Raju,prod__.513,PID005513,https://www.facebook.com/vukkarvibes,1397040301788772,Fresh and tasty.,Positive,0.885,3
cous__.514,Meera,prod__.514,PID005514,https://www.facebook.com/vukkarvibes,1397040301788773,Loved the taste!,Neutral,0.0,3
cous__.515,Amit,prod__.515,PID005515,https://www.facebook.com/vukkarvibes,1397040301788774,Loved the taste!,Negative,-0.674,5
cous__.516,Arjun,prod__.516,PID005516,https://www.facebook.com/vukkarvibes,1397040301788775,Fresh and tasty.,Negative,-0.674,4
cous__.517,Sneha,prod__.517,PID005517,https://www.facebook.com/vukkarvibes,1397040301788776,Highly recommended!,Negative,-0.674,3
cous__.518,Varun,prod__.518,PID005518,https://www.facebook.com/vukkarvibes,1397040301788777,Not satisfied.,Positive,0.885,5
cous__.519,Priya,prod__.519,PID005519,https://www.facebook.com/vukkarvibes,1397040301788778,Bad packaging.,Positive,0.885,5
cous__.520,Arjun,prod__.520,PID005520,https://www.facebook.com/vukkarvibes,1397040301788779,"Not good, expected better.",Positive,0.885,3
cous__.521,Pooja,prod__.521,PID005521,https://www.facebook.com/vukkarvibes,1397040301788780,Average experience.,Neutral,0.0,3
cous__.522,Rohan,prod__.522,PID005522,https://www.facebook.com/vukkarvibes,1397040301788781,Loved the taste!,Neutral,0.0,3
cous__.523,Pooja,prod__.523,PID005523,https://www.facebook.com/vukkarvibes,1397040301788782,"Not good, expected better.",Neutral,0.0,3
cous__.524,Rahul,prod__.524,PID005524,https://www.facebook.com/vukkarvibes,1397040301788783,Bad packaging.,Positive,0.885,4
cous__.525,Rohan,prod__.525,PID005525,https://www.facebook.com/vukkarvibes,1397040301788784,Worth the price.,Negative,-0.674,5
cous__.526,Arjun,prod__.526,PID005526,https://www.facebook.com/vukkarvibes,1397040301788785,Average experience.,Positive,0.885,4
cous__.527,Arjun,prod__.527,PID005527,https://www.facebook.com/vukkarvibes,1397040301788786,"Too spicy, not for me.",Negative,-0.674,4
cous__.528,Mira,prod__.528,PID005528,https://www.facebook.com/vukkarvibes,1397040301788787,Not satisfied.,Positive,0.885,3
cous__.529,Suman,prod__.529,PID005529,https://www.facebook.com/vukkarvibes,1397040301788788,Highly recommended!,Neutral,0.0,1
cous__.530,Kunal,prod__.530,PID005530,https://www.facebook.com/vukkarvibes,1397040301788789,Worth the price.,Negative,-0.674,5
cous__.531,Divya,prod__.531,PID005531,https://www.facebook.com/vukkarvibes,1397040301788790,Highly recommended!,Positive,0.885,3
cous__.532,Mira,prod__.532,PID005532,https://www.facebook.com/vukkarvibes,1397040301788791,"Not good, expected better.",Neutral,0.0,4
cous__.533,Divya,prod__.533,PID005533,https://www.facebook.com/vukkarvibes,1397040301788792,"Too spicy, not for me.",Negative,-0.674,1
cous__.534,Swati,prod__.534,PID005534,https://www.facebook.com/vukkarvibes,1397040301788793,Bad packaging.,Negative,-0.674,2
cous__.535,Kunal,prod__.535,PID005535,https://www.facebook.com/vukkarvibes,1397040301788794,Fresh and tasty.,Neutral,0.0,1
cous__.536,Kiran,prod__.536,PID005536,https://www.facebook.com/vukkarvibes,1397040301788795,Worth the price.,Positive,0.885,2
cous__.537,Suman,prod__.537,PID005537,https://www.facebook.com/vukkarvibes,1397040301788796,Average experience.,Positive,0.885,1
cous__.538,Aditya,prod__.538,PID005538,https://www.facebook.com/vukkarvibes,1397040301788797,Bad packaging.,Positive,0.885,4
cous__.539,Rohan,prod__.539,PID005539,https://www.facebook.com/vukkarvibes,1397040301788798,"Too spicy, not for me.",Positive,0.885,5
cous__.540,Arjun,prod__.540,PID005540,https://www.facebook.com/vukkarvibes,1397040301788799,Loved the taste!,Neutral,0.0,1
cous__.541,Priya,prod__.541,PID005541,https://www.facebook.com/vukkarvibes,1397040301788800,Not satisfied.,Positive,0.885,3
cous__.542,Kunal,prod__.542,PID005542,https://www.facebook.com/vukkarvibes,1397040301788801,Worth the price.,Neutral,0.0,2
cous__.543,Priya,prod__.543,PID005543,https://www.facebook.com/vukkarvibes,1397040301788802,Fresh and tasty.,Neutral,0.0,5
cous__.544,Raju,prod__.544,PID005544,https://www.facebook.com/vukkarvibes,1397040301788803,"Not good, expected better.",Neutral,0.0,5
cous__.545,Sneha,prod__.545,PID005545,https://www.facebook.com/vukkarvibes,1397040301788804,"Not good, expected better.",Neutral,0.0,3
cous__.546,Sneha,prod__.546,PID005546,https://www.facebook.com/vukkarvibes,1397040301788805,Fresh and tasty.,Negative,-0.674,1
cous__.547,Suman,prod__.547,PID005547,https://www.facebook.com/vukkarvibes,1397040301788806,Fresh and tasty.,Negative,-0.674,2
cous__.548,Suman,prod__.548,PID005548,https://www.facebook.com/vukkarvibes,1397040301788807,Bad packaging.,Negative,-0.674,4
cous__.549,Arjun,prod__.549,PID005549,https://www.facebook.com/vukkarvibes,1397040301788808,Fresh and tasty.,Negative,-0.674,2
cous__.550,Raju,prod__.550,PID005550,https://www.facebook.com/vukkarvibes,1397040301788809,Not satisfied.,Positive,0.885,2
cous__.551,Priya,prod__.551,PID005551,https://www.facebook.com/vukkarvibes,1397040301788810,Bad packaging.,Positive,0.885,4
cous__.552,Amit,prod__.552,PID005552,https://www.facebook.com/vukkarvibes,1397040301788811,Highly recommended!,Negative,-0.674,4
cous__.553,Amit,prod__.553,PID005553,https://www.facebook.com/vukkarvibes,1397040301788812,Not satisfied.,Neutral,0.0,5
cous__.554,Amit,prod__.554,PID005554,https://www.facebook.com/vukkarvibes,1397040301788813,Worth the price.,Neutral,0.0,1
cous__.555,Kunal,prod__.555,PID005555,https://www.facebook.com/vukkarvibes,1397040301788814,Average experience.,Positive,0.885,2
cous__.556,Sneha,prod__.556,PID005556,https://www.facebook.com/vukkarvibes,1397040301788815,Fresh and tasty.,Neutral,0.0,1
cous__.557,Sita,prod__.557,PID005557,https://www.facebook.com/vukkarvibes,1397040301788816,Loved the taste!,Positive,0.885,4
cous__.558,Swati,prod__.558,PID005558,https://www.facebook.com/vukkarvibes,1397040301788817,"Not good, expected better.",Negative,-0.674,4
cous__.559,Kunal,prod__.559,PID005559,https://www.facebook.com/vukkarvibes,1397040301788818,Fresh and tasty.,Neutral,0.0,4
cous__.560,Arjun,prod__.560,PID005560,https://www.facebook.com/vukkarvibes,1397040301788819,Loved the taste!,Neutral,0.0,3
cous__.561,Rahul,prod__.561,PID005561,https://www.facebook.com/vukkarvibes,1397040301788820,Not satisfied.,Positive,0.885,1
cous__.562,Aditya,prod__.562,PID005562,https://www.facebook.com/vukkarvibes,1397040301788821,Bad packaging.,Positive,0.885,4
cous__.563,Raju,prod__.563,PID005563,https://www.facebook.com/vukkarvibes,1397040301788822,Highly recommended!,Positive,0.885,1
cous__.564,Priya,prod__.564,PID005564,https://www.facebook.com/vukkarvibes,1397040301788823,Bad packaging.,Positive,0.885,2
cous__.565,Amit,prod__.565,PID005565,https://www.facebook.com/vukkarvibes,1397040301788824,Very delicious!,Neutral,0.0,4
cous__.566,Suman,prod__.566,PID005566,https://www.facebook.com/vukkarvibes,1397040301788825,Bad packaging.,Negative,-0.674,5
cous__.567,Pooja,prod__.567,PID005567,https://www.facebook.com/vukkarvibes,1397040301788826,Fresh and tasty.,Negative,-0.674,4
cous__.568,Amit,prod__.568,PID005568,https://www.facebook.com/vukkarvibes,1397040301788827,Loved the taste!,Positive,0.885,4
cous__.569,Aditya,prod__.569,PID005569,https://www.facebook.com/vukkarvibes,1397040301788828,Average experience.,Negative,-0.674,1
cous__.570,Divya,prod__.570,PID005570,https://www.facebook.com/vukkarvibes,1397040301788829,Not satisfied.,Neutral,0.0,3
cous__.571,Arjun,prod__.571,PID005571,https://www.facebook.com/vukkarvibes,1397040301788830,Very delicious!,Neutral,0.0,3
cous__.572,Raju,prod__.572,PID005572,https://www.facebook.com/vukkarvibes,1397040301788831,Bad packaging.,Negative,-0.674,4
cous__.573,Varun,prod__.573,PID005573,https://www.facebook.com/vukkarvibes,1397040301788832,Very delicious!,Neutral,0.0,3
cous__.574,Sita,prod__.574,PID005574,https://www.facebook.com/vukkarvibes,1397040301788833,Highly recommended!,Neutral,0.0,5
cous__.575,Aditya,prod__.575,PID005575,https://www.facebook.com/vukkarvibes,1397040301788834,Loved the taste!,Negative,-0.674,3
cous__.576,Sneha,prod__.576,PID005576,https://www.facebook.com/vukkarvibes,1397040301788835,"Too spicy, not for me.",Positive,0.885,1
cous__.577,Sita,prod__.577,PID005577,https://www.facebook.com/vukkarvibes,1397040301788836,Loved the taste!,Negative,-0.674,5
cous__.578,Rohan,prod__.578,PID005578,https://www.facebook.com/vukkarvibes,1397040301788837,Not satisfied.,Positive,0.885,4
cous__.579,Kiran,prod__.579,PID005579,https://www.facebook.com/vukkarvibes,1397040301788838,"Too spicy, not for me.",Neutral,0.0,4
cous__.580,Kunal,prod__.580,PID005580,https://www.facebook.com/vukkarvibes,1397040301788839,Highly recommended!,Neutral,0.0,2
cous__.581,Mira,prod__.581,PID005581,https://www.facebook.com/vukkarvibes,1397040301788840,Highly recommended!,Positive,0.885,5
cous__.582,Meera,prod__.582,PID005582,https://www.facebook.com/vukkarvibes,1397040301788841,Very delicious!,Negative,-0.674,3
cous__.583,Suman,prod__.583,PID005583,https://www.facebook.com/vukkarvibes,1397040301788842,Fresh and tasty.,Neutral,0.0,4
cous__.584,Rohan,prod__.584,PID005584,https://www.facebook.com/vukkarvibes,1397040301788843,Fresh and tasty.,Positive,0.885,1
cous__.585,Priya,prod__.585,PID005585,https://www.facebook.com/vukkarvibes,1397040301788844,Worth the price.,Positive,0.885,5
cous__.586,Rohan,prod__.586,PID005586,https://www.facebook.com/vukkarvibes,1397040301788845,Worth the price.,Negative,-0.674,3
cous__.587,Sneha,prod__.587,PID005587,https://www.facebook.com/vukkarvibes,1397040301788846,Fresh and tasty.,Positive,0.885,3
cous__.588,Aditya,prod__.588,PID005588,https://www.facebook.com/vukkarvibes,1397040301788847,Worth the price.,Positive,0.885,2
cous__.589,Kiran,prod__.589,PID005589,https://www.facebook.com/vukkarvibes,1397040301788848,Fresh and tasty.,Neutral,0.0,3
cous__.590,Divya,prod__.590,PID005590,https://www.facebook.com/vukkarvibes,1397040301788849,Fresh and tasty.,Negative,-0.674,1
cous__.591,Swati,prod__.591,PID005591,https://www.facebook.com/vukkarvibes,1397040301788850,Worth the price.,Neutral,0.0,3
cous__.592,Sita,prod__.592,PID005592,https://www.facebook.com/vukkarvibes,1397040301788851,Fresh and tasty.,Negative,-0.674,1
cous__.593,Sita,prod__.593,PID005593,https://www.facebook.com/vukkarvibes,1397040301788852,"Too spicy, not for me.",Neutral,0.0,2
cous__.594,Swati,prod__.594,PID005594,https://www.facebook.com/vukkarvibes,1397040301788853,Highly recommended!,Positive,0.885,1
cous__.595,Sita,prod__.595,PID005595,https://www.facebook.com/vukkarvibes,1397040301788854,"Too spicy, not for me.",Positive,0.885,5
cous__.596,Kiran,prod__.596,PID005596,https://www.facebook.com/vukkarvibes,1397040301788855,Worth the price.,Neutral,0.0,4
cous__.597,Amit,prod__.597,PID005597,https://www.facebook.com/vukkarvibes,1397040301788856,Average experience.,Positive,0.885,5
cous__.598,Rohan,prod__.598,PID005598,https://www.facebook.com/vukkarvibes,1397040301788857,Very delicious!,Neutral,0.0,2
cous__.599,Amit,prod__.599,PID005599,https://www.facebook.com/vukkarvibes,1397040301788858,Bad packaging.,Negative,-0.674,3
cous__.600,Meera,prod__.600,PID005600,https://www.facebook.com/vukkarvibes,1397040301788859,Very delicious!,Neutral,0.0,4
cous__.601,Raju,prod__.601,PID005601,https://www.facebook.com/vukkarvibes,1397040301788860,Average experience.,Neutral,0.0,4
cous__.602,Sneha,prod__.602,PID005602,https://www.facebook.com/vukkarvibes,1397040301788861,Fresh and tasty.,Positive,0.885,3
cous__.603,Sneha,prod__.603,PID005603,https://www.facebook.com/vukkarvibes,1397040301788862,Fresh and tasty.,Neutral,0.0,5
cous__.604,Raju,prod__.604,PID005604,https://www.facebook.com/vukkarvibes,1397040301788863,Worth the price.,Positive,0.885,5
cous__.605,Arjun,prod__.605,PID005605,https://www.facebook.com/vukkarvibes,1397040301788864,Fresh and tasty.,Positive,0.885,4
cous__.606,Sita,prod__.606,PID005606,https://www.facebook.com/vukkarvibes,1397040301788865,Loved the taste!,Positive,0.885,1
cous__.607,Suman,prod__.607,PID005607,https://www.facebook.com/vukkarvibes,1397040301788866,Worth the price.,Negative,-0.674,4
cous__.608,Aditya,prod__.608,PID005608,https://www.facebook.com/vukkarvibes,1397040301788867,"Not good, expected better.",Neutral,0.0,1
cous__.609,Divya,prod__.609,PID005609,https://www.facebook.com/vukkarvibes,1397040301788868,Not satisfied.,Neutral,0.0,3
cous__.610,Kiran,prod__.610,PID005610,https://www.facebook.com/vukkarvibes,1397040301788869,"Too spicy, not for me.",Positive,0.885,3
cous__.611,Suman,prod__.611,PID005611,https://www.facebook.com/vukkarvibes,1397040301788870,Highly recommended!,Negative,-0.674,1
cous__.612,Suman,prod__.612,PID005612,https://www.facebook.com/vukkarvibes,1397040301788871,Fresh and tasty.,Neutral,0.0,3
cous__.613,Arjun,prod__.613,PID005613,https://www.facebook.com/vukkarvibes,1397040301788872,Very delicious!,Positive,0.885,1
cous__.614,Meera,prod__.614,PID005614,https://www.facebook.com/vukkarvibes,1397040301788873,Highly recommended!,Negative,-0.674,1
cous__.615,Sneha,prod__.615,PID005615,https://www.facebook.com/vukkarvibes,1397040301788874,Very delicious!,Positive,0.885,3
cous__.616,Kunal,prod__.616,PID005616,https://www.facebook.com/vukkarvibes,1397040301788875,Very delicious!,Negative,-0.674,4
cous__.617,Suman,prod__.617,PID005617,https://www.facebook.com/vukkarvibes,1397040301788876,"Too spicy, not for me.",Neutral,0.0,5
cous__.618,Suman,prod__.618,PID005618,https://www.facebook.com/vukkarvibes,1397040301788877,Worth the price.,Positive,0.885,1
cous__.619,Priya,prod__.619,PID005619,https://www.facebook.com/vukkarvibes,1397040301788878,"Too spicy, not for me.",Positive,0.885,3
cous__.620,Rahul,prod__.620,PID005620,https://www.facebook.com/vukkarvibes,1397040301788879,Worth the price.,Positive,0.885,2
cous__.621,Rohan,prod__.621,PID005621,https://www.facebook.com/vukkarvibes,1397040301788880,"Too spicy, not for me.",Positive,0.885,5
cous__.622,Rahul,prod__.622,PID005622,https://www.facebook.com/vukkarvibes,1397040301788881,Not satisfied.,Neutral,0.0,2
cous__.623,Kunal,prod__.623,PID005623,https://www.facebook.com/vukkarvibes,1397040301788882,Fresh and tasty.,Neutral,0.0,4
cous__.624,Aditya,prod__.624,PID005624,https://www.facebook.com/vukkarvibes,1397040301788883,Bad packaging.,Negative,-0.674,2
cous__.625,Rohan,prod__.625,PID005625,https://www.facebook.com/vukkarvibes,1397040301788884,Worth the price.,Neutral,0.0,4
cous__.626,Arjun,prod__.626,PID005626,https://www.facebook.com/vukkarvibes,1397040301788885,"Not good, expected better.",Positive,0.885,2
cous__.627,Pooja,prod__.627,PID005627,https://www.facebook.com/vukkarvibes,1397040301788886,Fresh and tasty.,Negative,-0.674,2
cous__.628,Mira,prod__.628,PID005628,https://www.facebook.com/vukkarvibes,1397040301788887,Worth the price.,Positive,0.885,4
cous__.629,Suman,prod__.629,PID005629,https://www.facebook.com/vukkarvibes,1397040301788888,Fresh and tasty.,Positive,0.885,1
cous__.630,Kiran,prod__.630,PID005630,https://www.facebook.com/vukkarvibes,1397040301788889,Loved the taste!,Positive,0.885,3
cous__.631,Varun,prod__.631,PID005631,https://www.facebook.com/vukkarvibes,1397040301788890,Bad packaging.,Positive,0.885,1
cous__.632,Rohan,prod__.632,PID005632,https://www.facebook.com/vukkarvibes,1397040301788891,"Too spicy, not for me.",Negative,-0.674,3
cous__.633,Rohan,prod__.633,PID005633,https://www.facebook.com/vukkarvibes,1397040301788892,"Not good, expected better.",Positive,0.885,4
cous__.634,Varun,prod__.634,PID005634,https://www.facebook.com/vukkarvibes,1397040301788893,Fresh and tasty.,Negative,-0.674,3
cous__.635,Suman,prod__.635,PID005635,https://www.facebook.com/vukkarvibes,1397040301788894,Average experience.,Negative,-0.674,1
cous__.636,Sita,prod__.636,PID005636,https://www.facebook.com/vukkarvibes,1397040301788895,"Too spicy, not for me.",Positive,0.885,2
cous__.637,Pooja,prod__.637,PID005637,https://www.facebook.com/vukkarvibes,1397040301788896,Bad packaging.,Positive,0.885,1
cous__.638,Amit,prod__.638,PID005638,https://www.facebook.com/vukkarvibes,1397040301788897,Not satisfied.,Negative,-0.674,3
cous__.639,Meera,prod__.639,PID005639,https://www.facebook.com/vukkarvibes,1397040301788898,Loved the taste!,Positive,0.885,1
cous__.640,Varun,prod__.640,PID005640,https://www.facebook.com/vukkarvibes,1397040301788899,Highly recommended!,Negative,-0.674,1
cous__.641,Arjun,prod__.641,PID005641,https://www.facebook.com/vukkarvibes,1397040301788900,Worth the price.,Neutral,0.0,4
cous__.642,Priya,prod__.642,PID005642,https://www.facebook.com/vukkarvibes,1397040301788901,Loved the taste!,Positive,0.885,2
cous__.643,Rahul,prod__.643,PID005643,https://www.facebook.com/vukkarvibes,1397040301788902,Loved the taste!,Positive,0.885,2
cous__.644,Sneha,prod__.644,PID005644,https://www.facebook.com/vukkarvibes,1397040301788903,"Too spicy, not for me.",Neutral,0.0,4
cous__.645,Amit,prod__.645,PID005645,https://www.facebook.com/vukkarvibes,1397040301788904,Bad packaging.,Neutral,0.0,5
cous__.646,Raju,prod__.646,PID005646,https://www.facebook.com/vukkarvibes,1397040301788905,Very delicious!,Negative,-0.674,1
cous__.647,Kiran,prod__.647,PID005647,https://www.facebook.com/vukkarvibes,1397040301788906,Not satisfied.,Neutral,0.0,4
cous__.648,Rohan,prod__.648,PID005648,https://www.facebook.com/vukkarvibes,1397040301788907,Fresh and tasty.,Negative,-0.674,5
cous__.649,Meera,prod__.649,PID005649,https://www.facebook.com/vukkarvibes,1397040301788908,Very delicious!,Positive,0.885,2
cous__.650,Sneha,prod__.650,PID005650,https://www.facebook.com/vukkarvibes,1397040301788909,Average experience.,Negative,-0.674,4
cous__.651,Sneha,prod__.651,PID005651,https://www.facebook.com/vukkarvibes,1397040301788910,"Not good, expected better.",Neutral,0.0,2
cous__.652,Amit,prod__.652,PID005652,https://www.facebook.com/vukkarvibes,1397040301788911,Loved the taste!,Neutral,0.0,5
cous__.653,Amit,prod__.653,PID005653,https://www.facebook.com/vukkarvibes,1397040301788912,Highly recommended!,Neutral,0.0,4
cous__.654,Divya,prod__.654,PID005654,https://www.facebook.com/vukkarvibes,1397040301788913,Average experience.,Positive,0.885,2
cous__.655,Kiran,prod__.655,PID005655,https://www.facebook.com/vukkarvibes,1397040301788914,Bad packaging.,Negative,-0.674,3
cous__.656,Amit,prod__.656,PID005656,https://www.facebook.com/vukkarvibes,1397040301788915,Bad packaging.,Negative,-0.674,5
cous__.657,Meera,prod__.657,PID005657,https://www.facebook.com/vukkarvibes,1397040301788916,Very delicious!,Negative,-0.674,2
cous__.658,Pooja,prod__.658,PID005658,https://www.facebook.com/vukkarvibes,1397040301788917,Highly recommended!,Positive,0.885,2
cous__.659,Amit,prod__.659,PID005659,https://www.facebook.com/vukkarvibes,1397040301788918,Not satisfied.,Negative,-0.674,2
cous__.660,Sita,prod__.660,PID005660,https://www.facebook.com/vukkarvibes,1397040301788919,Bad packaging.,Positive,0.885,1
cous__.661,Arjun,prod__.661,PID005661,https://www.facebook.com/vukkarvibes,1397040301788920,Highly recommended!,Positive,0.885,5
cous__.662,Varun,prod__.662,PID005662,https://www.facebook.com/vukkarvibes,1397040301788921,"Not good, expected better.",Negative,-0.674,2
cous__.663,Pooja,prod__.663,PID005663,https://www.facebook.com/vukkarvibes,1397040301788922,Bad packaging.,Negative,-0.674,1
cous__.664,Raju,prod__.664,PID005664,https://www.facebook.com/vukkarvibes,1397040301788923,Average experience.,Positive,0.885,2
cous__.665,Raju,prod__.665,PID005665,https://www.facebook.com/vukkarvibes,1397040301788924,"Too spicy, not for me.",Neutral,0.0,4
cous__.666,Raju,prod__.666,PID005666,https://www.facebook.com/vukkarvibes,1397040301788925,"Not good, expected better.",Neutral,0.0,2
cous__.667,Amit,prod__.667,PID005667,https://www.facebook.com/vukkarvibes,1397040301788926,"Too spicy, not for me.",Negative,-0.674,3
cous__.668,Rohan,prod__.668,PID005668,https://www.facebook.com/vukkarvibes,1397040301788927,"Too spicy, not for me.",Positive,0.885,1
cous__.669,Swati,prod__.669,PID005669,https://www.facebook.com/vukkarvibes,1397040301788928,Bad packaging.,Negative,-0.674,1
cous__.670,Arjun,prod__.670,PID005670,https://www.facebook.com/vukkarvibes,1397040301788929,Loved the taste!,Positive,0.885,3
cous__.671,Kunal,prod__.671,PID005671,https://www.facebook.com/vukkarvibes,1397040301788930,Worth the price.,Positive,0.885,2
cous__.672,Suman,prod__.672,PID005672,https://www.facebook.com/vukkarvibes,1397040301788931,Fresh and tasty.,Neutral,0.0,3
cous__.673,Kiran,prod__.673,PID005673,https://www.facebook.com/vukkarvibes,1397040301788932,Fresh and tasty.,Positive,0.885,5
cous__.674,Kiran,prod__.674,PID005674,https://www.facebook.com/vukkarvibes,1397040301788933,Not satisfied.,Neutral,0.0,1
cous__.675,Kiran,prod__.675,PID005675,https://www.facebook.com/vukkarvibes,1397040301788934,"Too spicy, not for me.",Positive,0.885,4
cous__.676,Suman,prod__.676,PID005676,https://www.facebook.com/vukkarvibes,1397040301788935,"Not good, expected better.",Neutral,0.0,3
cous__.677,Rahul,prod__.677,PID005677,https://www.facebook.com/vukkarvibes,1397040301788936,Average experience.,Neutral,0.0,5
cous__.678,Kunal,prod__.678,PID005678,https://www.facebook.com/vukkarvibes,1397040301788937,Not satisfied.,Positive,0.885,5
cous__.679,Amit,prod__.679,PID005679,https://www.facebook.com/vukkarvibes,1397040301788938,"Too spicy, not for me.",Negative,-0.674,4
cous__.680,Amit,prod__.680,PID005680,https://www.facebook.com/vukkarvibes,1397040301788939,"Not good, expected better.",Negative,-0.674,1
cous__.681,Mira,prod__.681,PID005681,https://www.facebook.com/vukkarvibes,1397040301788940,Highly recommended!,Neutral,0.0,1
cous__.682,Rohan,prod__.682,PID005682,https://www.facebook.com/vukkarvibes,1397040301788941,"Not good, expected better.",Negative,-0.674,4
cous__.683,Amit,prod__.683,PID005683,https://www.facebook.com/vukkarvibes,1397040301788942,Fresh and tasty.,Neutral,0.0,3
cous__.684,Rahul,prod__.684,PID005684,https://www.facebook.com/vukkarvibes,1397040301788943,Worth the price.,Positive,0.885,1
cous__.685,Priya,prod__.685,PID005685,https://www.facebook.com/vukkarvibes,1397040301788944,"Not good, expected better.",Neutral,0.0,5
cous__.686,Sneha,prod__.686,PID005686,https://www.facebook.com/vukkarvibes,1397040301788945,Worth the price.,Positive,0.885,4
cous__.687,Rahul,prod__.687,PID005687,https://www.facebook.com/vukkarvibes,1397040301788946,Worth the price.,Neutral,0.0,5
cous__.688,Priya,prod__.688,PID005688,https://www.facebook.com/vukkarvibes,1397040301788947,Average experience.,Positive,0.885,2
cous__.689,Arjun,prod__.689,PID005689,https://www.facebook.com/vukkarvibes,1397040301788948,Worth the price.,Positive,0.885,5
cous__.690,Swati,prod__.690,PID005690,https://www.facebook.com/vukkarvibes,1397040301788949,Highly recommended!,Negative,-0.674,5
cous__.691,Kunal,prod__.691,PID005691,https://www.facebook.com/vukkarvibes,1397040301788950,Worth the price.,Positive,0.885,4
cous__.692,Rahul,prod__.692,PID005692,https://www.facebook.com/vukkarvibes,1397040301788951,Loved the taste!,Neutral,0.0,4
cous__.693,Aditya,prod__.693,PID005693,https://www.facebook.com/vukkarvibes,1397040301788952,Fresh and tasty.,Positive,0.885,5
cous__.694,Pooja,prod__.694,PID005694,https://www.facebook.com/vukkarvibes,1397040301788953,Worth the price.,Neutral,0.0,4
cous__.695,Arjun,prod__.695,PID005695,https://www.facebook.com/vukkarvibes,1397040301788954,Loved the taste!,Neutral,0.0,1
cous__.696,Kiran,prod__.696,PID005696,https://www.facebook.com/vukkarvibes,1397040301788955,Fresh and tasty.,Neutral,0.0,3
cous__.697,Sita,prod__.697,PID005697,https://www.facebook.com/vukkarvibes,1397040301788956,Bad packaging.,Neutral,0.0,4
cous__.698,Swati,prod__.698,PID005698,https://www.facebook.com/vukkarvibes,1397040301788957,"Not good, expected better.",Neutral,0.0,5
cous__.699,Meera,prod__.699,PID005699,https://www.facebook.com/vukkarvibes,1397040301788958,Average experience.,Positive,0.885,3
cous__.700,Swati,prod__.700,PID005700,https://www.facebook.com/vukkarvibes,1397040301788959,Bad packaging.,Neutral,0.0,1
cous__.701,Pooja,prod__.701,PID005701,https://www.facebook.com/vukkarvibes,1397040301788960,Not satisfied.,Positive,0.885,3
cous__.702,Pooja,prod__.702,PID005702,https://www.facebook.com/vukkarvibes,1397040301788961,Bad packaging.,Negative,-0.674,5
cous__.703,Pooja,prod__.703,PID005703,https://www.facebook.com/vukkarvibes,1397040301788962,Fresh and tasty.,Positive,0.885,1
cous__.704,Raju,prod__.704,PID005704,https://www.facebook.com/vukkarvibes,1397040301788963,Very delicious!,Negative,-0.674,5
cous__.705,Aditya,prod__.705,PID005705,https://www.facebook.com/vukkarvibes,1397040301788964,Fresh and tasty.,Negative,-0.674,3
cous__.706,Meera,prod__.706,PID005706,https://www.facebook.com/vukkarvibes,1397040301788965,Fresh and tasty.,Negative,-0.674,2
cous__.707,Meera,prod__.707,PID005707,https://www.facebook.com/vukkarvibes,1397040301788966,Worth the price.,Neutral,0.0,4
cous__.708,Amit,prod__.708,PID005708,https://www.facebook.com/vukkarvibes,1397040301788967,Loved the taste!,Neutral,0.0,5
cous__.709,Swati,prod__.709,PID005709,https://www.facebook.com/vukkarvibes,1397040301788968,Very delicious!,Positive,0.885,3
cous__.710,Priya,prod__.710,PID005710,https://www.facebook.com/vukkarvibes,1397040301788969,Very delicious!,Negative,-0.674,5
cous__.711,Mira,prod__.711,PID005711,https://www.facebook.com/vukkarvibes,1397040301788970,"Too spicy, not for me.",Positive,0.885,2
cous__.712,Divya,prod__.712,PID005712,https://www.facebook.com/vukkarvibes,1397040301788971,Loved the taste!,Neutral,0.0,4
cous__.713,Sneha,prod__.713,PID005713,https://www.facebook.com/vukkarvibes,1397040301788972,Highly recommended!,Positive,0.885,4
cous__.714,Priya,prod__.714,PID005714,https://www.facebook.com/vukkarvibes,1397040301788973,Very delicious!,Positive,0.885,5
cous__.715,Meera,prod__.715,PID005715,https://www.facebook.com/vukkarvibes,1397040301788974,Worth the price.,Neutral,0.0,2
cous__.716,Kunal,prod__.716,PID005716,https://www.facebook.com/vukkarvibes,1397040301788975,Worth the price.,Positive,0.885,2
cous__.717,Mira,prod__.717,PID005717,https://www.facebook.com/vukkarvibes,1397040301788976,Average experience.,Neutral,0.0,1
cous__.718,Raju,prod__.718,PID005718,https://www.facebook.com/vukkarvibes,1397040301788977,Very delicious!,Negative,-0.674,3
cous__.719,Raju,prod__.719,PID005719,https://www.facebook.com/vukkarvibes,1397040301788978,Average experience.,Negative,-0.674,4
cous__.720,Priya,prod__.720,PID005720,https://www.facebook.com/vukkarvibes,1397040301788979,Average experience.,Positive,0.885,3
cous__.721,Amit,prod__.721,PID005721,https://www.facebook.com/vukkarvibes,1397040301788980,Not satisfied.,Positive,0.885,4
cous__.722,Rahul,prod__.722,PID005722,https://www.facebook.com/vukkarvibes,1397040301788981,Average experience.,Positive,0.885,3
cous__.723,Priya,prod__.723,PID005723,https://www.facebook.com/vukkarvibes,1397040301788982,Very delicious!,Negative,-0.674,5
cous__.724,Aditya,prod__.724,PID005724,https://www.facebook.com/vukkarvibes,1397040301788983,"Not good, expected better.",Neutral,0.0,1
cous__.725,Raju,prod__.725,PID005725,https://www.facebook.com/vukkarvibes,1397040301788984,"Not good, expected better.",Neutral,0.0,1
cous__.726,Rohan,prod__.726,PID005726,https://www.facebook.com/vukkarvibes,1397040301788985,Average experience.,Neutral,0.0,1
cous__.727,Aditya,prod__.727,PID005727,https://www.facebook.com/vukkarvibes,1397040301788986,Not satisfied.,Negative,-0.674,5
cous__.728,Mira,prod__.728,PID005728,https://www.facebook.com/vukkarvibes,1397040301788987,Highly recommended!,Neutral,0.0,4
cous__.729,Kiran,prod__.729,PID005729,https://www.facebook.com/vukkarvibes,1397040301788988,Average experience.,Neutral,0.0,1
cous__.730,Divya,prod__.730,PID005730,https://www.facebook.com/vukkarvibes,1397040301788989,Very delicious!,Negative,-0.674,5
cous__.731,Amit,prod__.731,PID005731,https://www.facebook.com/vukkarvibes,1397040301788990,Worth the price.,Positive,0.885,3
cous__.732,Varun,prod__.732,PID005732,https://www.facebook.com/vukkarvibes,1397040301788991,Fresh and tasty.,Positive,0.885,4
cous__.733,Raju,prod__.733,PID005733,https://www.facebook.com/vukkarvibes,1397040301788992,Worth the price.,Positive,0.885,1
cous__.734,Divya,prod__.734,PID005734,https://www.facebook.com/vukkarvibes,1397040301788993,"Too spicy, not for me.",Negative,-0.674,1
cous__.735,Amit,prod__.735,PID005735,https://www.facebook.com/vukkarvibes,1397040301788994,Worth the price.,Negative,-0.674,1
cous__.736,Rahul,prod__.736,PID005736,https://www.facebook.com/vukkarvibes,1397040301788995,Loved the taste!,Positive,0.885,2
cous__.737,Rahul,prod__.737,PID005737,https://www.facebook.com/vukkarvibes,1397040301788996,Worth the price.,Negative,-0.674,1
cous__.738,Varun,prod__.738,PID005738,https://www.facebook.com/vukkarvibes,1397040301788997,"Not good, expected better.",Positive,0.885,5
cous__.739,Raju,prod__.739,PID005739,https://www.facebook.com/vukkarvibes,1397040301788998,Average experience.,Negative,-0.674,3
cous__.740,Amit,prod__.740,PID005740,https://www.facebook.com/vukkarvibes,1397040301788999,Worth the price.,Neutral,0.0,4
cous__.741,Suman,prod__.741,PID005741,https://www.facebook.com/vukkarvibes,1397040301789000,Highly recommended!,Neutral,0.0,5
cous__.742,Varun,prod__.742,PID005742,https://www.facebook.com/vukkarvibes,1397040301789001,Highly recommended!,Neutral,0.0,3
cous__.743,Priya,prod__.743,PID005743,https://www.facebook.com/vukkarvibes,1397040301789002,Average experience.,Neutral,0.0,1
cous__.744,Varun,prod__.744,PID005744,https://www.facebook.com/vukkarvibes,1397040301789003,Average experience.,Positive,0.885,5
cous__.745,Kunal,prod__.745,PID005745,https://www.facebook.com/vukkarvibes,1397040301789004,Very delicious!,Negative,-0.674,3
cous__.746,Kunal,prod__.746,PID005746,https://www.facebook.com/vukkarvibes,1397040301789005,Fresh and tasty.,Neutral,0.0,2
cous__.747,Varun,prod__.747,PID005747,https://www.facebook.com/vukkarvibes,1397040301789006,Worth the price.,Negative,-0.674,2
cous__.748,Priya,prod__.748,PID005748,https://www.facebook.com/vukkarvibes,1397040301789007,"Not good, expected better.",Positive,0.885,3
cous__.749,Sneha,prod__.749,PID005749,https://www.facebook.com/vukkarvibes,1397040301789008,Loved the taste!,Negative,-0.674,2
cous__.750,Rohan,prod__.750,PID005750,https://www.facebook.com/vukkarvibes,1397040301789009,Not satisfied.,Negative,-0.674,3
cous__.751,Swati,prod__.751,PID005751,https://www.facebook.com/vukkarvibes,1397040301789010,Very delicious!,Negative,-0.674,3
cous__.752,Varun,prod__.752,PID005752,https://www.facebook.com/vukkarvibes,1397040301789011,Worth the price.,Negative,-0.674,3
cous__.753,Varun,prod__.753,PID005753,https://www.facebook.com/vukkarvibes,1397040301789012,Very delicious!,Positive,0.885,2
cous__.754,Mira,prod__.754,PID005754,https://www.facebook.com/vukkarvibes,1397040301789013,"Too spicy, not for me.",Neutral,0.0,2
cous__.755,Sita,prod__.755,PID005755,https://www.facebook.com/vukkarvibes,1397040301789014,"Not good, expected better.",Neutral,0.0,1
cous__.756,Kiran,prod__.756,PID005756,https://www.facebook.com/vukkarvibes,1397040301789015,Bad packaging.,Negative,-0.674,5
cous__.757,Sita,prod__.757,PID005757,https://www.facebook.com/vukkarvibes,1397040301789016,"Not good, expected better.",Neutral,0.0,5
cous__.758,Sneha,prod__.758,PID005758,https://www.facebook.com/vukkarvibes,1397040301789017,Bad packaging.,Neutral,0.0,4
cous__.759,Kunal,prod__.759,PID005759,https://www.facebook.com/vukkarvibes,1397040301789018,Loved the taste!,Negative,-0.674,4
cous__.760,Divya,prod__.760,PID005760,https://www.facebook.com/vukkarvibes,1397040301789019,Fresh and tasty.,Positive,0.885,3
cous__.761,Priya,prod__.761,PID005761,https://www.facebook.com/vukkarvibes,1397040301789020,Bad packaging.,Positive,0.885,3
cous__.762,Swati,prod__.762,PID005762,https://www.facebook.com/vukkarvibes,1397040301789021,Bad packaging.,Neutral,0.0,3
cous__.763,Sneha,prod__.763,PID005763,https://www.facebook.com/vukkarvibes,1397040301789022,Fresh and tasty.,Neutral,0.0,5
cous__.764,Mira,prod__.764,PID005764,https://www.facebook.com/vukkarvibes,1397040301789023,Loved the taste!,Neutral,0.0,5
cous__.765,Raju,prod__.765,PID005765,https://www.facebook.com/vukkarvibes,1397040301789024,Not satisfied.,Positive,0.885,4
cous__.766,Divya,prod__.766,PID005766,https://www.facebook.com/vukkarvibes,1397040301789025,Average experience.,Negative,-0.674,2
cous__.767,Suman,prod__.767,PID005767,https://www.facebook.com/vukkarvibes,1397040301789026,Not satisfied.,Negative,-0.674,4
cous__.768,Mira,prod__.768,PID005768,https://www.facebook.com/vukkarvibes,1397040301789027,Highly recommended!,Positive,0.885,2
cous__.769,Divya,prod__.769,PID005769,https://www.facebook.com/vukkarvibes,1397040301789028,Bad packaging.,Negative,-0.674,3
cous__.770,Sita,prod__.770,PID005770,https://www.facebook.com/vukkarvibes,1397040301789029,Highly recommended!,Negative,-0.674,1
cous__.771,Kunal,prod__.771,PID005771,https://www.facebook.com/vukkarvibes,1397040301789030,Bad packaging.,Positive,0.885,4
cous__.772,Rahul,prod__.772,PID005772,https://www.facebook.com/vukkarvibes,1397040301789031,Loved the taste!,Neutral,0.0,5
cous__.773,Amit,prod__.773,PID005773,https://www.facebook.com/vukkarvibes,1397040301789032,Worth the price.,Neutral,0.0,5
cous__.774,Suman,prod__.774,PID005774,https://www.facebook.com/vukkarvibes,1397040301789033,"Not good, expected better.",Neutral,0.0,3
cous__.775,Arjun,prod__.775,PID005775,https://www.facebook.com/vukkarvibes,1397040301789034,Average experience.,Neutral,0.0,3
cous__.776,Mira,prod__.776,PID005776,https://www.facebook.com/vukkarvibes,1397040301789035,Loved the taste!,Neutral,0.0,2
cous__.777,Priya,prod__.777,PID005777,https://www.facebook.com/vukkarvibes,1397040301789036,Highly recommended!,Negative,-0.674,1
cous__.778,Varun,prod__.778,PID005778,https://www.facebook.com/vukkarvibes,1397040301789037,Loved the taste!,Neutral,0.0,4
cous__.779,Aditya,prod__.779,PID005779,https://www.facebook.com/vukkarvibes,1397040301789038,Very delicious!,Neutral,0.0,4
cous__.780,Priya,prod__.780,PID005780,https://www.facebook.com/vukkarvibes,1397040301789039,Bad packaging.,Neutral,0.0,4
cous__.781,Meera,prod__.781,PID005781,https://www.facebook.com/vukkarvibes,1397040301789040,Bad packaging.,Negative,-0.674,2
cous__.782,Priya,prod__.782,PID005782,https://www.facebook.com/vukkarvibes,1397040301789041,Fresh and tasty.,Negative,-0.674,5
cous__.783,Sita,prod__.783,PID005783,https://www.facebook.com/vukkarvibes,1397040301789042,Bad packaging.,Negative,-0.674,1
cous__.784,Amit,prod__.784,PID005784,https://www.facebook.com/vukkarvibes,1397040301789043,"Not good, expected better.",Positive,0.885,5
cous__.785,Divya,prod__.785,PID005785,https://www.facebook.com/vukkarvibes,1397040301789044,Very delicious!,Positive,0.885,1
cous__.786,Arjun,prod__.786,PID005786,https://www.facebook.com/vukkarvibes,1397040301789045,Bad packaging.,Neutral,0.0,1
cous__.787,Varun,prod__.787,PID005787,https://www.facebook.com/vukkarvibes,1397040301789046,"Too spicy, not for me.",Positive,0.885,5
cous__.788,Kunal,prod__.788,PID005788,https://www.facebook.com/vukkarvibes,1397040301789047,"Too spicy, not for me.",Positive,0.885,3
cous__.789,Rohan,prod__.789,PID005789,https://www.facebook.com/vukkarvibes,1397040301789048,Average experience.,Positive,0.885,2
cous__.790,Pooja,prod__.790,PID005790,https://www.facebook.com/vukkarvibes,1397040301789049,"Too spicy, not for me.",Neutral,0.0,2
cous__.791,Sita,prod__.791,PID005791,https://www.facebook.com/vukkarvibes,1397040301789050,Not satisfied.,Neutral,0.0,1
cous__.792,Kunal,prod__.792,PID005792,https://www.facebook.com/vukkarvibes,1397040301789051,Very delicious!,Positive,0.885,4
cous__.793,Mira,prod__.793,PID005793,https://www.facebook.com/vukkarvibes,1397040301789052,"Not good, expected better.",Positive,0.885,4
cous__.794,Pooja,prod__.794,PID005794,https://www.facebook.com/vukkarvibes,1397040301789053,Average experience.,Positive,0.885,2
cous__.795,Kiran,prod__.795,PID005795,https://www.facebook.com/vukkarvibes,1397040301789054,Average experience.,Positive,0.885,4
cous__.796,Swati,prod__.796,PID005796,https://www.facebook.com/vukkarvibes,1397040301789055,"Too spicy, not for me.",Neutral,0.0,1
cous__.797,Aditya,prod__.797,PID005797,https://www.facebook.com/vukkarvibes,1397040301789056,Loved the taste!,Neutral,0.0,4
cous__.798,Varun,prod__.798,PID005798,https://www.facebook.com/vukkarvibes,1397040301789057,Highly recommended!,Neutral,0.0,5
cous__.799,Raju,prod__.799,PID005799,https://www.facebook.com/vukkarvibes,1397040301789058,Fresh and tasty.,Neutral,0.0,4
cous__.800,Sita,prod__.800,PID005800,https://www.facebook.com/vukkarvibes,1397040301789059,Fresh and tasty.,Neutral,0.0,1
cous__.801,Sita,prod__.801,PID005801,https://www.facebook.com/vukkarvibes,1397040301789060,"Not good, expected better.",Neutral,0.0,4
cous__.802,Priya,prod__.802,PID005802,https://www.facebook.com/vukkarvibes,1397040301789061,Not satisfied.,Positive,0.885,4
cous__.803,Rohan,prod__.803,PID005803,https://www.facebook.com/vukkarvibes,1397040301789062,Highly recommended!,Positive,0.885,4
cous__.804,Raju,prod__.804,PID005804,https://www.facebook.com/vukkarvibes,1397040301789063,Not satisfied.,Positive,0.885,3
cous__.805,Mira,prod__.805,PID005805,https://www.facebook.com/vukkarvibes,1397040301789064,Worth the price.,Neutral,0.0,4
cous__.806,Kiran,prod__.806,PID005806,https://www.facebook.com/vukkarvibes,1397040301789065,Fresh and tasty.,Positive,0.885,5
cous__.807,Rohan,prod__.807,PID005807,https://www.facebook.com/vukkarvibes,1397040301789066,"Not good, expected better.",Neutral,0.0,1
cous__.808,Sneha,prod__.808,PID005808,https://www.facebook.com/vukkarvibes,1397040301789067,Bad packaging.,Neutral,0.0,4
cous__.809,Arjun,prod__.809,PID005809,https://www.facebook.com/vukkarvibes,1397040301789068,Loved the taste!,Positive,0.885,3
cous__.810,Swati,prod__.810,PID005810,https://www.facebook.com/vukkarvibes,1397040301789069,Not satisfied.,Neutral,0.0,4
cous__.811,Suman,prod__.811,PID005811,https://www.facebook.com/vukkarvibes,1397040301789070,Not satisfied.,Neutral,0.0,4
cous__.812,Suman,prod__.812,PID005812,https://www.facebook.com/vukkarvibes,1397040301789071,Not satisfied.,Neutral,0.0,1
cous__.813,Rohan,prod__.813,PID005813,https://www.facebook.com/vukkarvibes,1397040301789072,Not satisfied.,Positive,0.885,1
cous__.814,Mira,prod__.814,PID005814,https://www.facebook.com/vukkarvibes,1397040301789073,"Not good, expected better.",Neutral,0.0,5
cous__.815,Amit,prod__.815,PID005815,https://www.facebook.com/vukkarvibes,1397040301789074,Fresh and tasty.,Positive,0.885,4
cous__.816,Kiran,prod__.816,PID005816,https://www.facebook.com/vukkarvibes,1397040301789075,Bad packaging.,Neutral,0.0,4
cous__.817,Aditya,prod__.817,PID005817,https://www.facebook.com/vukkarvibes,1397040301789076,Worth the price.,Neutral,0.0,1
cous__.818,Aditya,prod__.818,PID005818,https://www.facebook.com/vukkarvibes,1397040301789077,Loved the taste!,Positive,0.885,2
cous__.819,Sita,prod__.819,PID005819,https://www.facebook.com/vukkarvibes,1397040301789078,Worth the price.,Negative,-0.674,5
cous__.820,Sita,prod__.820,PID005820,https://www.facebook.com/vukkarvibes,1397040301789079,Highly recommended!,Positive,0.885,3
cous__.821,Mira,prod__.821,PID005821,https://www.facebook.com/vukkarvibes,1397040301789080,Very delicious!,Positive,0.885,5
cous__.822,Sneha,prod__.822,PID005822,https://www.facebook.com/vukkarvibes,1397040301789081,Bad packaging.,Negative,-0.674,2
cous__.823,Raju,prod__.823,PID005823,https://www.facebook.com/vukkarvibes,1397040301789082,"Not good, expected better.",Positive,0.885,1
cous__.824,Suman,prod__.824,PID005824,https://www.facebook.com/vukkarvibes,1397040301789083,Loved the taste!,Negative,-0.674,2
cous__.825,Kunal,prod__.825,PID005825,https://www.facebook.com/vukkarvibes,1397040301789084,Highly recommended!,Negative,-0.674,5
cous__.826,Raju,prod__.826,PID005826,https://www.facebook.com/vukkarvibes,1397040301789085,Loved the taste!,Neutral,0.0,3
cous__.827,Sneha,prod__.827,PID005827,https://www.facebook.com/vukkarvibes,1397040301789086,Fresh and tasty.,Negative,-0.674,4
cous__.828,Pooja,prod__.828,PID005828,https://www.facebook.com/vukkarvibes,1397040301789087,Fresh and tasty.,Positive,0.885,4
cous__.829,Kunal,prod__.829,PID005829,https://www.facebook.com/vukkarvibes,1397040301789088,Highly recommended!,Negative,-0.674,2
cous__.830,Mira,prod__.830,PID005830,https://www.facebook.com/vukkarvibes,1397040301789089,Loved the taste!,Negative,-0.674,5
cous__.831,Mira,prod__.831,PID005831,https://www.facebook.com/vukkarvibes,1397040301789090,Fresh and tasty.,Positive,0.885,1
cous__.832,Priya,prod__.832,PID005832,https://www.facebook.com/vukkarvibes,1397040301789091,Not satisfied.,Neutral,0.0,3
cous__.833,Kunal,prod__.833,PID005833,https://www.facebook.com/vukkarvibes,1397040301789092,Not satisfied.,Positive,0.885,3
cous__.834,Sneha,prod__.834,PID005834,https://www.facebook.com/vukkarvibes,1397040301789093,Fresh and tasty.,Neutral,0.0,1
cous__.835,Rohan,prod__.835,PID005835,https://www.facebook.com/vukkarvibes,1397040301789094,"Too spicy, not for me.",Negative,-0.674,5
cous__.836,Rohan,prod__.836,PID005836,https://www.facebook.com/vukkarvibes,1397040301789095,Fresh and tasty.,Negative,-0.674,3
cous__.837,Divya,prod__.837,PID005837,https://www.facebook.com/vukkarvibes,1397040301789096,"Not good, expected better.",Neutral,0.0,1
cous__.838,Arjun,prod__.838,PID005838,https://www.facebook.com/vukkarvibes,1397040301789097,Worth the price.,Positive,0.885,2
cous__.839,Sita,prod__.839,PID005839,https://www.facebook.com/vukkarvibes,1397040301789098,"Too spicy, not for me.",Negative,-0.674,1
cous__.840,Rohan,prod__.840,PID005840,https://www.facebook.com/vukkarvibes,1397040301789099,Average experience.,Neutral,0.0,4
cous__.841,Rohan,prod__.841,PID005841,https://www.facebook.com/vukkarvibes,1397040301789100,"Not good, expected better.",Positive,0.885,5
cous__.842,Sita,prod__.842,PID005842,https://www.facebook.com/vukkarvibes,1397040301789101,"Too spicy, not for me.",Negative,-0.674,2
cous__.843,Kunal,prod__.843,PID005843,https://www.facebook.com/vukkarvibes,1397040301789102,Highly recommended!,Neutral,0.0,5
cous__.844,Aditya,prod__.844,PID005844,https://www.facebook.com/vukkarvibes,1397040301789103,Very delicious!,Negative,-0.674,4
cous__.845,Sneha,prod__.845,PID005845,https://www.facebook.com/vukkarvibes,1397040301789104,Average experience.,Negative,-0.674,1
cous__.846,Priya,prod__.846,PID005846,https://www.facebook.com/vukkarvibes,1397040301789105,Not satisfied.,Positive,0.885,3
cous__.847,Arjun,prod__.847,PID005847,https://www.facebook.com/vukkarvibes,1397040301789106,Highly recommended!,Neutral,0.0,5
cous__.848,Sita,prod__.848,PID005848,https://www.facebook.com/vukkarvibes,1397040301789107,"Not good, expected better.",Negative,-0.674,2
cous__.849,Rohan,prod__.849,PID005849,https://www.facebook.com/vukkarvibes,1397040301789108,Very delicious!,Neutral,0.0,4
cous__.850,Aditya,prod__.850,PID005850,https://www.facebook.com/vukkarvibes,1397040301789109,Loved the taste!,Positive,0.885,3
cous__.851,Divya,prod__.851,PID005851,https://www.facebook.com/vukkarvibes,1397040301789110,"Not good, expected better.",Negative,-0.674,2
cous__.852,Sita,prod__.852,PID005852,https://www.facebook.com/vukkarvibes,1397040301789111,Worth the price.,Negative,-0.674,3
cous__.853,Pooja,prod__.853,PID005853,https://www.facebook.com/vukkarvibes,1397040301789112,Loved the taste!,Negative,-0.674,4
cous__.854,Meera,prod__.854,PID005854,https://www.facebook.com/vukkarvibes,1397040301789113,Bad packaging.,Neutral,0.0,4
cous__.855,Rahul,prod__.855,PID005855,https://www.facebook.com/vukkarvibes,1397040301789114,"Not good, expected better.",Positive,0.885,5
cous__.856,Rohan,prod__.856,PID005856,https://www.facebook.com/vukkarvibes,1397040301789115,Worth the price.,Positive,0.885,3
cous__.857,Raju,prod__.857,PID005857,https://www.facebook.com/vukkarvibes,1397040301789116,Fresh and tasty.,Positive,0.885,4
cous__.858,Priya,prod__.858,PID005858,https://www.facebook.com/vukkarvibes,1397040301789117,Very delicious!,Positive,0.885,5
cous__.859,Meera,prod__.859,PID005859,https://www.facebook.com/vukkarvibes,1397040301789118,Not satisfied.,Negative,-0.674,3
cous__.860,Rohan,prod__.860,PID005860,https://www.facebook.com/vukkarvibes,1397040301789119,Fresh and tasty.,Negative,-0.674,2
cous__.861,Sneha,prod__.861,PID005861,https://www.facebook.com/vukkarvibes,1397040301789120,"Not good, expected better.",Negative,-0.674,3
cous__.862,Raju,prod__.862,PID005862,https://www.facebook.com/vukkarvibes,1397040301789121,Highly recommended!,Negative,-0.674,4
cous__.863,Arjun,prod__.863,PID005863,https://www.facebook.com/vukkarvibes,1397040301789122,Very delicious!,Negative,-0.674,3
cous__.864,Kunal,prod__.864,PID005864,https://www.facebook.com/vukkarvibes,1397040301789123,Very delicious!,Positive,0.885,2
cous__.865,Mira,prod__.865,PID005865,https://www.facebook.com/vukkarvibes,1397040301789124,"Not good, expected better.",Neutral,0.0,5
cous__.866,Sita,prod__.866,PID005866,https://www.facebook.com/vukkarvibes,1397040301789125,Not satisfied.,Negative,-0.674,1
cous__.867,Rahul,prod__.867,PID005867,https://www.facebook.com/vukkarvibes,1397040301789126,Loved the taste!,Negative,-0.674,2
cous__.868,Amit,prod__.868,PID005868,https://www.facebook.com/vukkarvibes,1397040301789127,Fresh and tasty.,Positive,0.885,4
cous__.869,Sita,prod__.869,PID005869,https://www.facebook.com/vukkarvibes,1397040301789128,Not satisfied.,Neutral,0.0,2
cous__.870,Raju,prod__.870,PID005870,https://www.facebook.com/vukkarvibes,1397040301789129,Average experience.,Positive,0.885,2
cous__.871,Aditya,prod__.871,PID005871,https://www.facebook.com/vukkarvibes,1397040301789130,Highly recommended!,Negative,-0.674,2
cous__.872,Swati,prod__.872,PID005872,https://www.facebook.com/vukkarvibes,1397040301789131,Highly recommended!,Negative,-0.674,2
cous__.873,Arjun,prod__.873,PID005873,https://www.facebook.com/vukkarvibes,1397040301789132,Bad packaging.,Positive,0.885,4
cous__.874,Sneha,prod__.874,PID005874,https://www.facebook.com/vukkarvibes,1397040301789133,Not satisfied.,Neutral,0.0,4
cous__.875,Priya,prod__.875,PID005875,https://www.facebook.com/vukkarvibes,1397040301789134,Loved the taste!,Negative,-0.674,3
cous__.876,Priya,prod__.876,PID005876,https://www.facebook.com/vukkarvibes,1397040301789135,Highly recommended!,Neutral,0.0,2
cous__.877,Sita,prod__.877,PID005877,https://www.facebook.com/vukkarvibes,1397040301789136,Very delicious!,Negative,-0.674,1
cous__.878,Suman,prod__.878,PID005878,https://www.facebook.com/vukkarvibes,1397040301789137,Highly recommended!,Positive,0.885,5
cous__.879,Amit,prod__.879,PID005879,https://www.facebook.com/vukkarvibes,1397040301789138,Bad packaging.,Positive,0.885,5
cous__.880,Mira,prod__.880,PID005880,https://www.facebook.com/vukkarvibes,1397040301789139,Worth the price.,Positive,0.885,5
cous__.881,Suman,prod__.881,PID005881,https://www.facebook.com/vukkarvibes,1397040301789140,"Not good, expected better.",Neutral,0.0,4
cous__.882,Amit,prod__.882,PID005882,https://www.facebook.com/vukkarvibes,1397040301789141,Not satisfied.,Negative,-0.674,3
cous__.883,Raju,prod__.883,PID005883,https://www.facebook.com/vukkarvibes,1397040301789142,Very delicious!,Negative,-0.674,5
cous__.884,Divya,prod__.884,PID005884,https://www.facebook.com/vukkarvibes,1397040301789143,"Too spicy, not for me.",Neutral,0.0,3
cous__.885,Rohan,prod__.885,PID005885,https://www.facebook.com/vukkarvibes,1397040301789144,Worth the price.,Negative,-0.674,2
cous__.886,Aditya,prod__.886,PID005886,https://www.facebook.com/vukkarvibes,1397040301789145,Highly recommended!,Negative,-0.674,1
cous__.887,Amit,prod__.887,PID005887,https://www.facebook.com/vukkarvibes,1397040301789146,"Too spicy, not for me.",Negative,-0.674,4
cous__.888,Priya,prod__.888,PID005888,https://www.facebook.com/vukkarvibes,1397040301789147,Bad packaging.,Neutral,0.0,4
cous__.889,Sneha,prod__.889,PID005889,https://www.facebook.com/vukkarvibes,1397040301789148,"Not good, expected better.",Positive,0.885,2
cous__.890,Priya,prod__.890,PID005890,https://www.facebook.com/vukkarvibes,1397040301789149,Fresh and tasty.,Negative,-0.674,2
cous__.891,Meera,prod__.891,PID005891,https://www.facebook.com/vukkarvibes,1397040301789150,Loved the taste!,Positive,0.885,3
cous__.892,Varun,prod__.892,PID005892,https://www.facebook.com/vukkarvibes,1397040301789151,Highly recommended!,Neutral,0.0,4
cous__.893,Suman,prod__.893,PID005893,https://www.facebook.com/vukkarvibes,1397040301789152,Loved the taste!,Negative,-0.674,3
cous__.894,Raju,prod__.894,PID005894,https://www.facebook.com/vukkarvibes,1397040301789153,Fresh and tasty.,Neutral,0.0,1
cous__.895,Suman,prod__.895,PID005895,https://www.facebook.com/vukkarvibes,1397040301789154,"Not good, expected better.",Negative,-0.674,5
cous__.896,Mira,prod__.896,PID005896,https://www.facebook.com/vukkarvibes,1397040301789155,Bad packaging.,Positive,0.885,4
cous__.897,Suman,prod__.897,PID005897,https://www.facebook.com/vukkarvibes,1397040301789156,Loved the taste!,Negative,-0.674,1
cous__.898,Raju,prod__.898,PID005898,https://www.facebook.com/vukkarvibes,1397040301789157,"Not good, expected better.",Negative,-0.674,3
cous__.899,Divya,prod__.899,PID005899,https://www.facebook.com/vukkarvibes,1397040301789158,Fresh and tasty.,Positive,0.885,2
cous__.900,Divya,prod__.900,PID005900,https://www.facebook.com/vukkarvibes,1397040301789159,"Too spicy, not for me.",Negative,-0.674,5
cous__.901,Mira,prod__.901,PID005901,https://www.facebook.com/vukkarvibes,1397040301789160,Bad packaging.,Neutral,0.0,1
cous__.902,Arjun,prod__.902,PID005902,https://www.facebook.com/vukkarvibes,1397040301789161,Fresh and tasty.,Negative,-0.674,1
cous__.903,Sita,prod__.903,PID005903,https://www.facebook.com/vukkarvibes,1397040301789162,Very delicious!,Neutral,0.0,3
cous__.904,Priya,prod__.904,PID005904,https://www.facebook.com/vukkarvibes,1397040301789163,Not satisfied.,Negative,-0.674,2
cous__.905,Arjun,prod__.905,PID005905,https://www.facebook.com/vukkarvibes,1397040301789164,Bad packaging.,Negative,-0.674,5
cous__.906,Kunal,prod__.906,PID005906,https://www.facebook.com/vukkarvibes,1397040301789165,Highly recommended!,Negative,-0.674,4
cous__.907,Priya,prod__.907,PID005907,https://www.facebook.com/vukkarvibes,1397040301789166,"Not good, expected better.",Positive,0.885,2
cous__.908,Meera,prod__.908,PID005908,https://www.facebook.com/vukkarvibes,1397040301789167,Fresh and tasty.,Positive,0.885,4
cous__.909,Swati,prod__.909,PID005909,https://www.facebook.com/vukkarvibes,1397040301789168,Loved the taste!,Neutral,0.0,2
cous__.910,Kiran,prod__.910,PID005910,https://www.facebook.com/vukkarvibes,1397040301789169,Worth the price.,Negative,-0.674,3
cous__.911,Varun,prod__.911,PID005911,https://www.facebook.com/vukkarvibes,1397040301789170,"Too spicy, not for me.",Neutral,0.0,2
cous__.912,Pooja,prod__.912,PID005912,https://www.facebook.com/vukkarvibes,1397040301789171,Fresh and tasty.,Positive,0.885,4
cous__.913,Amit,prod__.913,PID005913,https://www.facebook.com/vukkarvibes,1397040301789172,Highly recommended!,Neutral,0.0,3
cous__.914,Kiran,prod__.914,PID005914,https://www.facebook.com/vukkarvibes,1397040301789173,Very delicious!,Positive,0.885,1
cous__.915,Arjun,prod__.915,PID005915,https://www.facebook.com/vukkarvibes,1397040301789174,Bad packaging.,Neutral,0.0,1
cous__.916,Varun,prod__.916,PID005916,https://www.facebook.com/vukkarvibes,1397040301789175,Not satisfied.,Neutral,0.0,3
cous__.917,Swati,prod__.917,PID005917,https://www.facebook.com/vukkarvibes,1397040301789176,Average experience.,Negative,-0.674,2
cous__.918,Sneha,prod__.918,PID005918,https://www.facebook.com/vukkarvibes,1397040301789177,Highly recommended!,Negative,-0.674,4
cous__.919,Kunal,prod__.919,PID005919,https://www.facebook.com/vukkarvibes,1397040301789178,"Not good, expected better.",Neutral,0.0,4
cous__.920,Rohan,prod__.920,PID005920,https://www.facebook.com/vukkarvibes,1397040301789179,Not satisfied.,Positive,0.885,4
cous__.921,Amit,prod__.921,PID005921,https://www.facebook.com/vukkarvibes,1397040301789180,Worth the price.,Positive,0.885,1
cous__.922,Meera,prod__.922,PID005922,https://www.facebook.com/vukkarvibes,1397040301789181,Bad packaging.,Negative,-0.674,5
cous__.923,Sneha,prod__.923,PID005923,https://www.facebook.com/vukkarvibes,1397040301789182,Not satisfied.,Negative,-0.674,2
cous__.924,Kiran,prod__.924,PID005924,https://www.facebook.com/vukkarvibes,1397040301789183,Highly recommended!,Positive,0.885,1
cous__.925,Aditya,prod__.925,PID005925,https://www.facebook.com/vukkarvibes,1397040301789184,Bad packaging.,Positive,0.885,2
cous__.926,Priya,prod__.926,PID005926,https://www.facebook.com/vukkarvibes,1397040301789185,Loved the taste!,Neutral,0.0,4
cous__.927,Sita,prod__.927,PID005927,https://www.facebook.com/vukkarvibes,1397040301789186,Not satisfied.,Negative,-0.674,4
cous__.928,Mira,prod__.928,PID005928,https://www.facebook.com/vukkarvibes,1397040301789187,Loved the taste!,Negative,-0.674,3
cous__.929,Sneha,prod__.929,PID005929,https://www.facebook.com/vukkarvibes,1397040301789188,Not satisfied.,Negative,-0.674,1
cous__.930,Kiran,prod__.930,PID005930,https://www.facebook.com/vukkarvibes,1397040301789189,Worth the price.,Neutral,0.0,5
cous__.931,Suman,prod__.931,PID005931,https://www.facebook.com/vukkarvibes,1397040301789190,Highly recommended!,Negative,-0.674,2
cous__.932,Kunal,prod__.932,PID005932,https://www.facebook.com/vukkarvibes,1397040301789191,Bad packaging.,Negative,-0.674,5
cous__.933,Varun,prod__.933,PID005933,https://www.facebook.com/vukkarvibes,1397040301789192,"Too spicy, not for me.",Positive,0.885,5
cous__.934,Rahul,prod__.934,PID005934,https://www.facebook.com/vukkarvibes,1397040301789193,Loved the taste!,Negative,-0.674,3
cous__.935,Varun,prod__.935,PID005935,https://www.facebook.com/vukkarvibes,1397040301789194,Worth the price.,Positive,0.885,2
cous__.936,Mira,prod__.936,PID005936,https://www.facebook.com/vukkarvibes,1397040301789195,"Too spicy, not for me.",Negative,-0.674,4
cous__.937,Amit,prod__.937,PID005937,https://www.facebook.com/vukkarvibes,1397040301789196,Bad packaging.,Negative,-0.674,5
cous__.938,Raju,prod__.938,PID005938,https://www.facebook.com/vukkarvibes,1397040301789197,Very delicious!,Negative,-0.674,2
cous__.939,Kunal,prod__.939,PID005939,https://www.facebook.com/vukkarvibes,1397040301789198,Average experience.,Negative,-0.674,2
cous__.940,Raju,prod__.940,PID005940,https://www.facebook.com/vukkarvibes,1397040301789199,"Too spicy, not for me.",Negative,-0.674,5
cous__.941,Swati,prod__.941,PID005941,https://www.facebook.com/vukkarvibes,1397040301789200,Loved the taste!,Neutral,0.0,3
cous__.942,Meera,prod__.942,PID005942,https://www.facebook.com/vukkarvibes,1397040301789201,Not satisfied.,Negative,-0.674,2
cous__.943,Kiran,prod__.943,PID005943,https://www.facebook.com/vukkarvibes,1397040301789202,Not satisfied.,Neutral,0.0,3
cous__.944,Meera,prod__.944,PID005944,https://www.facebook.com/vukkarvibes,1397040301789203,Not satisfied.,Negative,-0.674,5
cous__.945,Rahul,prod__.945,PID005945,https://www.facebook.com/vukkarvibes,1397040301789204,Average experience.,Neutral,0.0,1
cous__.946,Sneha,prod__.946,PID005946,https://www.facebook.com/vukkarvibes,1397040301789205,"Too spicy, not for me.",Negative,-0.674,5
cous__.947,Suman,prod__.947,PID005947,https://www.facebook.com/vukkarvibes,1397040301789206,"Too spicy, not for me.",Negative,-0.674,4
cous__.948,Priya,prod__.948,PID005948,https://www.facebook.com/vukkarvibes,1397040301789207,"Too spicy, not for me.",Positive,0.885,3
cous__.949,Kiran,prod__.949,PID005949,https://www.facebook.com/vukkarvibes,1397040301789208,Fresh and tasty.,Positive,0.885,3
cous__.950,Sita,prod__.950,PID005950,https://www.facebook.com/vukkarvibes,1397040301789209,Very delicious!,Negative,-0.674,4
cous__.951,Rahul,prod__.951,PID005951,https://www.facebook.com/vukkarvibes,1397040301789210,Highly recommended!,Positive,0.885,1
cous__.952,Aditya,prod__.952,PID005952,https://www.facebook.com/vukkarvibes,1397040301789211,Average experience.,Positive,0.885,2
cous__.953,Arjun,prod__.953,PID005953,https://www.facebook.com/vukkarvibes,1397040301789212,Fresh and tasty.,Positive,0.885,1
cous__.954,Sita,prod__.954,PID005954,https://www.facebook.com/vukkarvibes,1397040301789213,Very delicious!,Negative,-0.674,4
cous__.955,Priya,prod__.955,PID005955,https://www.facebook.com/vukkarvibes,1397040301789214,Fresh and tasty.,Positive,0.885,1
cous__.956,Swati,prod__.956,PID005956,https://www.facebook.com/vukkarvibes,1397040301789215,Highly recommended!,Positive,0.885,2
cous__.957,Arjun,prod__.957,PID005957,https://www.facebook.com/vukkarvibes,1397040301789216,"Not good, expected better.",Positive,0.885,2
cous__.958,Swati,prod__.958,PID005958,https://www.facebook.com/vukkarvibes,1397040301789217,Bad packaging.,Positive,0.885,2
cous__.959,Mira,prod__.959,PID005959,https://www.facebook.com/vukkarvibes,1397040301789218,Not satisfied.,Neutral,0.0,1
cous__.960,Raju,prod__.960,PID005960,https://www.facebook.com/vukkarvibes,1397040301789219,"Not good, expected better.",Positive,0.885,2
cous__.961,Rohan,prod__.961,PID005961,https://www.facebook.com/vukkarvibes,1397040301789220,Loved the taste!,Neutral,0.0,2
cous__.962,Arjun,prod__.962,PID005962,https://www.facebook.com/vukkarvibes,1397040301789221,Fresh and tasty.,Neutral,0.0,1
cous__.963,Suman,prod__.963,PID005963,https://www.facebook.com/vukkarvibes,1397040301789222,Loved the taste!,Positive,0.885,4
cous__.964,Rohan,prod__.964,PID005964,https://www.facebook.com/vukkarvibes,1397040301789223,"Too spicy, not for me.",Negative,-0.674,4
cous__.965,Pooja,prod__.965,PID005965,https://www.facebook.com/vukkarvibes,1397040301789224,Highly recommended!,Positive,0.885,4
cous__.966,Suman,prod__.966,PID005966,https://www.facebook.com/vukkarvibes,1397040301789225,Worth the price.,Negative,-0.674,4
cous__.967,Arjun,prod__.967,PID005967,https://www.facebook.com/vukkarvibes,1397040301789226,Loved the taste!,Negative,-0.674,3
cous__.968,Rohan,prod__.968,PID005968,https://www.facebook.com/vukkarvibes,1397040301789227,Fresh and tasty.,Positive,0.885,4
cous__.969,Kiran,prod__.969,PID005969,https://www.facebook.com/vukkarvibes,1397040301789228,Fresh and tasty.,Positive,0.885,5
cous__.970,Swati,prod__.970,PID005970,https://www.facebook.com/vukkarvibes,1397040301789229,Worth the price.,Neutral,0.0,4
cous__.971,Raju,prod__.971,PID005971,https://www.facebook.com/vukkarvibes,1397040301789230,Bad packaging.,Negative,-0.674,5
cous__.972,Kunal,prod__.972,PID005972,https://www.facebook.com/vukkarvibes,1397040301789231,"Too spicy, not for me.",Neutral,0.0,1
cous__.973,Swati,prod__.973,PID005973,https://www.facebook.com/vukkarvibes,1397040301789232,Highly recommended!,Positive,0.885,2
cous__.974,Amit,prod__.974,PID005974,https://www.facebook.com/vukkarvibes,1397040301789233,Average experience.,Neutral,0.0,1
cous__.975,Kunal,prod__.975,PID005975,https://www.facebook.com/vukkarvibes,1397040301789234,Average experience.,Negative,-0.674,5
cous__.976,Divya,prod__.976,PID005976,https://www.facebook.com/vukkarvibes,1397040301789235,Highly recommended!,Neutral,0.0,3
cous__.977,Sita,prod__.977,PID005977,https://www.facebook.com/vukkarvibes,1397040301789236,"Not good, expected better.",Positive,0.885,2
cous__.978,Meera,prod__.978,PID005978,https://www.facebook.com/vukkarvibes,1397040301789237,Highly recommended!,Positive,0.885,5
cous__.979,Rohan,prod__.979,PID005979,https://www.facebook.com/vukkarvibes,1397040301789238,Fresh and tasty.,Positive,0.885,4
cous__.980,Rahul,prod__.980,PID005980,https://www.facebook.com/vukkarvibes,1397040301789239,Average experience.,Neutral,0.0,3
cous__.981,Varun,prod__.981,PID005981,https://www.facebook.com/vukkarvibes,1397040301789240,Loved the taste!,Negative,-0.674,2
cous__.982,Aditya,prod__.982,PID005982,https://www.facebook.com/vukkarvibes,1397040301789241,Bad packaging.,Neutral,0.0,5
cous__.983,Sneha,prod__.983,PID005983,https://www.facebook.com/vukkarvibes,1397040301789242,Bad packaging.,Neutral,0.0,5
cous__.984,Aditya,prod__.984,PID005984,https://www.facebook.com/vukkarvibes,1397040301789243,"Not good, expected better.",Neutral,0.0,1
cous__.985,Rahul,prod__.985,PID005985,https://www.facebook.com/vukkarvibes,1397040301789244,Worth the price.,Positive,0.885,4
cous__.986,Meera,prod__.986,PID005986,https://www.facebook.com/vukkarvibes,1397040301789245,Very delicious!,Neutral,0.0,1
cous__.987,Sneha,prod__.987,PID005987,https://www.facebook.com/vukkarvibes,1397040301789246,Fresh and tasty.,Negative,-0.674,2
cous__.988,Sita,prod__.988,PID005988,https://www.facebook.com/vukkarvibes,1397040301789247,Highly recommended!,Negative,-0.674,1
cous__.989,Arjun,prod__.989,PID005989,https://www.facebook.com/vukkarvibes,1397040301789248,Worth the price.,Negative,-0.674,1
cous__.990,Amit,prod__.990,PID005990,https://www.facebook.com/vukkarvibes,1397040301789249,Average experience.,Neutral,0.0,5
cous__.991,Raju,prod__.991,PID005991,https://www.facebook.com/vukkarvibes,1397040301789250,Very delicious!,Negative,-0.674,4
cous__.992,Kiran,prod__.992,PID005992,https://www.facebook.com/vukkarvibes,1397040301789251,Fresh and tasty.,Negative,-0.674,4
cous__.993,Swati,prod__.993,PID005993,https://www.facebook.com/vukkarvibes,1397040301789252,Bad packaging.,Neutral,0.0,5
cous__.994,Meera,prod__.994,PID005994,https://www.facebook.com/vukkarvibes,1397040301789253,Not satisfied.,Negative,-0.674,4
cous__.995,Sneha,prod__.995,PID005995,https://www.facebook.com/vukkarvibes,1397040301789254,Fresh and tasty.,Neutral,0.0,2
cous__.996,Kunal,prod__.996,PID005996,https://www.facebook.com/vukkarvibes,1397040301789255,Loved the taste!,Negative,-0.674,1
cous__.997,Varun,prod__.997,PID005997,https://www.facebook.com/vukkarvibes,1397040301789256,Bad packaging.,Neutral,0.0,3
cous__.998,Meera,prod__.998,PID005998,https://www.facebook.com/vukkarvibes,1397040301789257,Worth the price.,Neutral,0.0,5
cous__.999,Aditya,prod__.999,PID005999,https://www.facebook.com/vukkarvibes,1397040301789258,"Too spicy, not for me.",Positive,0.885,4
cous__.1000,Divya,prod__.1000,PID0051000,https://www.facebook.com/vukkarvibes,1397040301789259,"Not good, expected better.",Negative,-0.674,4
cous__.1001,Amit,prod__.1001,PID0051001,https://www.facebook.com/vukkarvibes,1397040301789260,Bad packaging.,Positive,0.885,5
cous__.1002,Mira,prod__.1002,PID0051002,https://www.facebook.com/vukkarvibes,1397040301789261,Average experience.,Negative,-0.674,5
cous__.1003,Rahul,prod__.1003,PID0051003,https://www.facebook.com/vukkarvibes,1397040301789262,Worth the price.,Neutral,0.0,3
cous__.1004,Kiran,prod__.1004,PID0051004,https://www.facebook.com/vukkarvibes,1397040301789263,Fresh and tasty.,Negative,-0.674,1
cous__.1005,Rohan,prod__.1005,PID0051005,https://www.facebook.com/vukkarvibes,1397040301789264,Worth the price.,Neutral,0.0,2
cous__.1006,Aditya,prod__.1006,PID0051006,https://www.facebook.com/vukkarvibes,1397040301789265,Worth the price.,Neutral,0.0,3
cous__.1007,Suman,prod__.1007,PID0051007,https://www.facebook.com/vukkarvibes,1397040301789266,Highly recommended!,Negative,-0.674,3
cous__.1008,Divya,prod__.1008,PID0051008,https://www.facebook.com/vukkarvibes,1397040301789267,Highly recommended!,Negative,-0.674,2
cous__.1009,Pooja,prod__.1009,PID0051009,https://www.facebook.com/vukkarvibes,1397040301789268,Worth the price.,Positive,0.885,1
cous__.1010,Varun,prod__.1010,PID0051010,https://www.facebook.com/vukkarvibes,1397040301789269,Average experience.,Negative,-0.674,3
cous__.1011,Raju,prod__.1011,PID0051011,https://www.facebook.com/vukkarvibes,1397040301789270,Worth the price.,Positive,0.885,1
cous__.1012,Varun,prod__.1012,PID0051012,https://www.facebook.com/vukkarvibes,1397040301789271,Fresh and tasty.,Positive,0.885,2
cous__.1013,Divya,prod__.1013,PID0051013,https://www.facebook.com/vukkarvibes,1397040301789272,"Too spicy, not for me.",Positive,0.885,5
cous__.1014,Mira,prod__.1014,PID0051014,https://www.facebook.com/vukkarvibes,1397040301789273,Loved the taste!,Positive,0.885,3
cous__.1015,Sita,prod__.1015,PID0051015,https://www.facebook.com/vukkarvibes,1397040301789274,Fresh and tasty.,Negative,-0.674,4
cous__.1016,Suman,prod__.1016,PID0051016,https://www.facebook.com/vukkarvibes,1397040301789275,"Too spicy, not for me.",Neutral,0.0,2
cous__.1017,Pooja,prod__.1017,PID0051017,https://www.facebook.com/vukkarvibes,1397040301789276,Highly recommended!,Neutral,0.0,3
cous__.1018,Meera,prod__.1018,PID0051018,https://www.facebook.com/vukkarvibes,1397040301789277,Not satisfied.,Negative,-0.674,2
cous__.1019,Raju,prod__.1019,PID0051019,https://www.facebook.com/vukkarvibes,1397040301789278,Bad packaging.,Positive,0.885,4
cous__.1020,Sneha,prod__.1020,PID0051020,https://www.facebook.com/vukkarvibes,1397040301789279,Fresh and tasty.,Negative,-0.674,3
cous__.1021,Raju,prod__.1021,PID0051021,https://www.facebook.com/vukkarvibes,1397040301789280,Not satisfied.,Neutral,0.0,2
cous__.1022,Sita,prod__.1022,PID0051022,https://www.facebook.com/vukkarvibes,1397040301789281,Not satisfied.,Negative,-0.674,2
cous__.1023,Aditya,prod__.1023,PID0051023,https://www.facebook.com/vukkarvibes,1397040301789282,"Too spicy, not for me.",Neutral,0.0,4
cous__.1024,Swati,prod__.1024,PID0051024,https://www.facebook.com/vukkarvibes,1397040301789283,Worth the price.,Negative,-0.674,2
cous__.1025,Rohan,prod__.1025,PID0051025,https://www.facebook.com/vukkarvibes,1397040301789284,Fresh and tasty.,Neutral,0.0,5
cous__.1026,Rahul,prod__.1026,PID0051026,https://www.facebook.com/vukkarvibes,1397040301789285,Not satisfied.,Positive,0.885,4
cous__.1027,Sita,prod__.1027,PID0051027,https://www.facebook.com/vukkarvibes,1397040301789286,"Not good, expected better.",Negative,-0.674,4
cous__.1028,Swati,prod__.1028,PID0051028,https://www.facebook.com/vukkarvibes,1397040301789287,Average experience.,Neutral,0.0,4
cous__.1029,Aditya,prod__.1029,PID0051029,https://www.facebook.com/vukkarvibes,1397040301789288,Highly recommended!,Positive,0.885,2
cous__.1030,Sneha,prod__.1030,PID0051030,https://www.facebook.com/vukkarvibes,1397040301789289,Loved the taste!,Negative,-0.674,3
cous__.1031,Sneha,prod__.1031,PID0051031,https://www.facebook.com/vukkarvibes,1397040301789290,"Too spicy, not for me.",Neutral,0.0,3
cous__.1032,Rahul,prod__.1032,PID0051032,https://www.facebook.com/vukkarvibes,1397040301789291,Not satisfied.,Negative,-0.674,3
cous__.1033,Priya,prod__.1033,PID0051033,https://www.facebook.com/vukkarvibes,1397040301789292,Highly recommended!,Positive,0.885,3
cous__.1034,Sneha,prod__.1034,PID0051034,https://www.facebook.com/vukkarvibes,1397040301789293,Worth the price.,Negative,-0.674,5
cous__.1035,Divya,prod__.1035,PID0051035,https://www.facebook.com/vukkarvibes,1397040301789294,Loved the taste!,Positive,0.885,2
cous__.1036,Arjun,prod__.1036,PID0051036,https://www.facebook.com/vukkarvibes,1397040301789295,"Too spicy, not for me.",Positive,0.885,2
cous__.1037,Mira,prod__.1037,PID0051037,https://www.facebook.com/vukkarvibes,1397040301789296,Bad packaging.,Negative,-0.674,4
cous__.1038,Kiran,prod__.1038,PID0051038,https://www.facebook.com/vukkarvibes,1397040301789297,Highly recommended!,Neutral,0.0,1
cous__.1039,Raju,prod__.1039,PID0051039,https://www.facebook.com/vukkarvibes,1397040301789298,Loved the taste!,Neutral,0.0,3
cous__.1040,Arjun,prod__.1040,PID0051040,https://www.facebook.com/vukkarvibes,1397040301789299,"Too spicy, not for me.",Positive,0.885,2
cous__.1041,Raju,prod__.1041,PID0051041,https://www.facebook.com/vukkarvibes,1397040301789300,Highly recommended!,Positive,0.885,2
cous__.1042,Varun,prod__.1042,PID0051042,https://www.facebook.com/vukkarvibes,1397040301789301,Not satisfied.,Neutral,0.0,3
cous__.1043,Amit,prod__.1043,PID0051043,https://www.facebook.com/vukkarvibes,1397040301789302,Fresh and tasty.,Neutral,0.0,5
cous__.1044,Raju,prod__.1044,PID0051044,https://www.facebook.com/vukkarvibes,1397040301789303,Bad packaging.,Negative,-0.674,3
cous__.1045,Meera,prod__.1045,PID0051045,https://www.facebook.com/vukkarvibes,1397040301789304,Loved the taste!,Neutral,0.0,2
cous__.1046,Kunal,prod__.1046,PID0051046,https://www.facebook.com/vukkarvibes,1397040301789305,Fresh and tasty.,Neutral,0.0,5
cous__.1047,Priya,prod__.1047,PID0051047,https://www.facebook.com/vukkarvibes,1397040301789306,Fresh and tasty.,Positive,0.885,3
cous__.1048,Raju,prod__.1048,PID0051048,https://www.facebook.com/vukkarvibes,1397040301789307,"Too spicy, not for me.",Positive,0.885,1
cous__.1049,Suman,prod__.1049,PID0051049,https://www.facebook.com/vukkarvibes,1397040301789308,Highly recommended!,Neutral,0.0,1
cous__.1050,Rohan,prod__.1050,PID0051050,https://www.facebook.com/vukkarvibes,1397040301789309,Bad packaging.,Neutral,0.0,3
cous__.1051,Rohan,prod__.1051,PID0051051,https://www.facebook.com/vukkarvibes,1397040301789310,Loved the taste!,Neutral,0.0,3
cous__.1052,Sneha,prod__.1052,PID0051052,https://www.facebook.com/vukkarvibes,1397040301789311,Average experience.,Negative,-0.674,4
cous__.1053,Pooja,prod__.1053,PID0051053,https://www.facebook.com/vukkarvibes,1397040301789312,Very delicious!,Negative,-0.674,2
cous__.1054,Raju,prod__.1054,PID0051054,https://www.facebook.com/vukkarvibes,1397040301789313,Highly recommended!,Negative,-0.674,4
cous__.1055,Pooja,prod__.1055,PID0051055,https://www.facebook.com/vukkarvibes,1397040301789314,Bad packaging.,Positive,0.885,1
cous__.1056,Swati,prod__.1056,PID0051056,https://www.facebook.com/vukkarvibes,1397040301789315,"Too spicy, not for me.",Negative,-0.674,1
cous__.1057,Amit,prod__.1057,PID0051057,https://www.facebook.com/vukkarvibes,1397040301789316,Not satisfied.,Negative,-0.674,4
cous__.1058,Meera,prod__.1058,PID0051058,https://www.facebook.com/vukkarvibes,1397040301789317,Highly recommended!,Positive,0.885,3
cous__.1059,Mira,prod__.1059,PID0051059,https://www.facebook.com/vukkarvibes,1397040301789318,Worth the price.,Positive,0.885,1
cous__.1060,Aditya,prod__.1060,PID0051060,https://www.facebook.com/vukkarvibes,1397040301789319,Worth the price.,Neutral,0.0,4
cous__.1061,Divya,prod__.1061,PID0051061,https://www.facebook.com/vukkarvibes,1397040301789320,Loved the taste!,Positive,0.885,3
cous__.1062,Divya,prod__.1062,PID0051062,https://www.facebook.com/vukkarvibes,1397040301789321,"Not good, expected better.",Negative,-0.674,1
cous__.1063,Priya,prod__.1063,PID0051063,https://www.facebook.com/vukkarvibes,1397040301789322,Not satisfied.,Positive,0.885,4
cous__.1064,Sita,prod__.1064,PID0051064,https://www.facebook.com/vukkarvibes,1397040301789323,Fresh and tasty.,Negative,-0.674,5
cous__.1065,Kunal,prod__.1065,PID0051065,https://www.facebook.com/vukkarvibes,1397040301789324,Very delicious!,Positive,0.885,2
cous__.1066,Rahul,prod__.1066,PID0051066,https://www.facebook.com/vukkarvibes,1397040301789325,Worth the price.,Neutral,0.0,5
cous__.1067,Kiran,prod__.1067,PID0051067,https://www.facebook.com/vukkarvibes,1397040301789326,Bad packaging.,Positive,0.885,4
cous__.1068,Aditya,prod__.1068,PID0051068,https://www.facebook.com/vukkarvibes,1397040301789327,Average experience.,Negative,-0.674,5
cous__.1069,Amit,prod__.1069,PID0051069,https://www.facebook.com/vukkarvibes,1397040301789328,Highly recommended!,Neutral,0.0,2
cous__.1070,Rohan,prod__.1070,PID0051070,https://www.facebook.com/vukkarvibes,1397040301789329,"Not good, expected better.",Neutral,0.0,2
cous__.1071,Pooja,prod__.1071,PID0051071,https://www.facebook.com/vukkarvibes,1397040301789330,Very delicious!,Positive,0.885,5
cous__.1072,Mira,prod__.1072,PID0051072,https://www.facebook.com/vukkarvibes,1397040301789331,Bad packaging.,Neutral,0.0,1
cous__.1073,Pooja,prod__.1073,PID0051073,https://www.facebook.com/vukkarvibes,1397040301789332,Loved the taste!,Negative,-0.674,1
cous__.1074,Arjun,prod__.1074,PID0051074,https://www.facebook.com/vukkarvibes,1397040301789333,Worth the price.,Positive,0.885,4
cous__.1075,Sneha,prod__.1075,PID0051075,https://www.facebook.com/vukkarvibes,1397040301789334,Worth the price.,Negative,-0.674,4
cous__.1076,Sneha,prod__.1076,PID0051076,https://www.facebook.com/vukkarvibes,1397040301789335,Loved the taste!,Neutral,0.0,3
cous__.1077,Sita,prod__.1077,PID0051077,https://www.facebook.com/vukkarvibes,1397040301789336,Loved the taste!,Neutral,0.0,1
cous__.1078,Sita,prod__.1078,PID0051078,https://www.facebook.com/vukkarvibes,1397040301789337,Fresh and tasty.,Neutral,0.0,3
cous__.1079,Divya,prod__.1079,PID0051079,https://www.facebook.com/vukkarvibes,1397040301789338,"Too spicy, not for me.",Positive,0.885,3
cous__.1080,Sneha,prod__.1080,PID0051080,https://www.facebook.com/vukkarvibes,1397040301789339,Highly recommended!,Negative,-0.674,5
cous__.1081,Sita,prod__.1081,PID0051081,https://www.facebook.com/vukkarvibes,1397040301789340,Bad packaging.,Neutral,0.0,3
cous__.1082,Aditya,prod__.1082,PID0051082,https://www.facebook.com/vukkarvibes,1397040301789341,"Not good, expected better.",Negative,-0.674,4
cous__.1083,Priya,prod__.1083,PID0051083,https://www.facebook.com/vukkarvibes,1397040301789342,Very delicious!,Neutral,0.0,2
cous__.1084,Amit,prod__.1084,PID0051084,https://www.facebook.com/vukkarvibes,1397040301789343,Worth the price.,Negative,-0.674,2
cous__.1085,Varun,prod__.1085,PID0051085,https://www.facebook.com/vukkarvibes,1397040301789344,Worth the price.,Negative,-0.674,5
cous__.1086,Amit,prod__.1086,PID0051086,https://www.facebook.com/vukkarvibes,1397040301789345,Bad packaging.,Neutral,0.0,4
cous__.1087,Sneha,prod__.1087,PID0051087,https://www.facebook.com/vukkarvibes,1397040301789346,Highly recommended!,Positive,0.885,3
cous__.1088,Sita,prod__.1088,PID0051088,https://www.facebook.com/vukkarvibes,1397040301789347,Loved the taste!,Positive,0.885,4
cous__.1089,Raju,prod__.1089,PID0051089,https://www.facebook.com/vukkarvibes,1397040301789348,Fresh and tasty.,Negative,-0.674,1
cous__.1090,Meera,prod__.1090,PID0051090,https://www.facebook.com/vukkarvibes,1397040301789349,Fresh and tasty.,Positive,0.885,2
cous__.1091,Priya,prod__.1091,PID0051091,https://www.facebook.com/vukkarvibes,1397040301789350,Worth the price.,Neutral,0.0,4
cous__.1092,Pooja,prod__.1092,PID0051092,https://www.facebook.com/vukkarvibes,1397040301789351,Loved the taste!,Neutral,0.0,5
cous__.1093,Pooja,prod__.1093,PID0051093,https://www.facebook.com/vukkarvibes,1397040301789352,Bad packaging.,Negative,-0.674,2
cous__.1094,Rahul,prod__.1094,PID0051094,https://www.facebook.com/vukkarvibes,1397040301789353,Not satisfied.,Neutral,0.0,5
cous__.1095,Kiran,prod__.1095,PID0051095,https://www.facebook.com/vukkarvibes,1397040301789354,Worth the price.,Negative,-0.674,1
cous__.1096,Arjun,prod__.1096,PID0051096,https://www.facebook.com/vukkarvibes,1397040301789355,Average experience.,Negative,-0.674,3
cous__.1097,Suman,prod__.1097,PID0051097,https://www.facebook.com/vukkarvibes,1397040301789356,Loved the taste!,Neutral,0.0,5
cous__.1098,Amit,prod__.1098,PID0051098,https://www.facebook.com/vukkarvibes,1397040301789357,"Too spicy, not for me.",Positive,0.885,4
cous__.1099,Amit,prod__.1099,PID0051099,https://www.facebook.com/vukkarvibes,1397040301789358,Not satisfied.,Negative,-0.674,4
cous__.1100,Suman,prod__.1100,PID0051100,https://www.facebook.com/vukkarvibes,1397040301789359,"Not good, expected better.",Negative,-0.674,1
cous__.1101,Priya,prod__.1101,PID0051101,https://www.facebook.com/vukkarvibes,1397040301789360,Very delicious!,Negative,-0.674,1
cous__.1102,Amit,prod__.1102,PID0051102,https://www.facebook.com/vukkarvibes,1397040301789361,"Not good, expected better.",Positive,0.885,3
cous__.1103,Suman,prod__.1103,PID0051103,https://www.facebook.com/vukkarvibes,1397040301789362,Average experience.,Positive,0.885,2
cous__.1104,Amit,prod__.1104,PID0051104,https://www.facebook.com/vukkarvibes,1397040301789363,Bad packaging.,Positive,0.885,1
cous__.1105,Aditya,prod__.1105,PID0051105,https://www.facebook.com/vukkarvibes,1397040301789364,Worth the price.,Negative,-0.674,4
cous__.1106,Kiran,prod__.1106,PID0051106,https://www.facebook.com/vukkarvibes,1397040301789365,Fresh and tasty.,Negative,-0.674,5
cous__.1107,Varun,prod__.1107,PID0051107,https://www.facebook.com/vukkarvibes,1397040301789366,Bad packaging.,Neutral,0.0,3
cous__.1108,Sita,prod__.1108,PID0051108,https://www.facebook.com/vukkarvibes,1397040301789367,Fresh and tasty.,Negative,-0.674,4
cous__.1109,Kiran,prod__.1109,PID0051109,https://www.facebook.com/vukkarvibes,1397040301789368,Worth the price.,Negative,-0.674,1
cous__.1110,Kiran,prod__.1110,PID0051110,https://www.facebook.com/vukkarvibes,1397040301789369,Highly recommended!,Neutral,0.0,3
cous__.1111,Raju,prod__.1111,PID0051111,https://www.facebook.com/vukkarvibes,1397040301789370,Very delicious!,Negative,-0.674,1
cous__.1112,Mira,prod__.1112,PID0051112,https://www.facebook.com/vukkarvibes,1397040301789371,Loved the taste!,Neutral,0.0,2
cous__.1113,Aditya,prod__.1113,PID0051113,https://www.facebook.com/vukkarvibes,1397040301789372,"Not good, expected better.",Positive,0.885,5
cous__.1114,Divya,prod__.1114,PID0051114,https://www.facebook.com/vukkarvibes,1397040301789373,Very delicious!,Negative,-0.674,3
cous__.1115,Pooja,prod__.1115,PID0051115,https://www.facebook.com/vukkarvibes,1397040301789374,Highly recommended!,Negative,-0.674,4
cous__.1116,Rohan,prod__.1116,PID0051116,https://www.facebook.com/vukkarvibes,1397040301789375,Very delicious!,Positive,0.885,3
cous__.1117,Pooja,prod__.1117,PID0051117,https://www.facebook.com/vukkarvibes,1397040301789376,Not satisfied.,Neutral,0.0,3
cous__.1118,Aditya,prod__.1118,PID0051118,https://www.facebook.com/vukkarvibes,1397040301789377,Worth the price.,Positive,0.885,3
cous__.1119,Kunal,prod__.1119,PID0051119,https://www.facebook.com/vukkarvibes,1397040301789378,"Too spicy, not for me.",Negative,-0.674,4
cous__.1120,Arjun,prod__.1120,PID0051120,https://www.facebook.com/vukkarvibes,1397040301789379,"Too spicy, not for me.",Positive,0.885,3
cous__.1121,Sneha,prod__.1121,PID0051121,https://www.facebook.com/vukkarvibes,1397040301789380,Fresh and tasty.,Negative,-0.674,3
cous__.1122,Rahul,prod__.1122,PID0051122,https://www.facebook.com/vukkarvibes,1397040301789381,Fresh and tasty.,Negative,-0.674,5
cous__.1123,Rahul,prod__.1123,PID0051123,https://www.facebook.com/vukkarvibes,1397040301789382,"Not good, expected better.",Neutral,0.0,2
cous__.1124,Mira,prod__.1124,PID0051124,https://www.facebook.com/vukkarvibes,1397040301789383,Average experience.,Positive,0.885,5
cous__.1125,Rahul,prod__.1125,PID0051125,https://www.facebook.com/vukkarvibes,1397040301789384,Bad packaging.,Positive,0.885,5
cous__.1126,Divya,prod__.1126,PID0051126,https://www.facebook.com/vukkarvibes,1397040301789385,Fresh and tasty.,Positive,0.885,2
cous__.1127,Kunal,prod__.1127,PID0051127,https://www.facebook.com/vukkarvibes,1397040301789386,"Not good, expected better.",Neutral,0.0,4
cous__.1128,Pooja,prod__.1128,PID0051128,https://www.facebook.com/vukkarvibes,1397040301789387,Fresh and tasty.,Neutral,0.0,4
cous__.1129,Kiran,prod__.1129,PID0051129,https://www.facebook.com/vukkarvibes,1397040301789388,Worth the price.,Neutral,0.0,2
cous__.1130,Suman,prod__.1130,PID0051130,https://www.facebook.com/vukkarvibes,1397040301789389,Loved the taste!,Negative,-0.674,5
cous__.1131,Amit,prod__.1131,PID0051131,https://www.facebook.com/vukkarvibes,1397040301789390,Bad packaging.,Positive,0.885,1
cous__.1132,Aditya,prod__.1132,PID0051132,https://www.facebook.com/vukkarvibes,1397040301789391,Fresh and tasty.,Neutral,0.0,5
cous__.1133,Sita,prod__.1133,PID0051133,https://www.facebook.com/vukkarvibes,1397040301789392,Highly recommended!,Negative,-0.674,2
cous__.1134,Varun,prod__.1134,PID0051134,https://www.facebook.com/vukkarvibes,1397040301789393,Not satisfied.,Neutral,0.0,2
cous__.1135,Mira,prod__.1135,PID0051135,https://www.facebook.com/vukkarvibes,1397040301789394,Highly recommended!,Negative,-0.674,3
cous__.1136,Meera,prod__.1136,PID0051136,https://www.facebook.com/vukkarvibes,1397040301789395,Bad packaging.,Positive,0.885,1
cous__.1137,Aditya,prod__.1137,PID0051137,https://www.facebook.com/vukkarvibes,1397040301789396,Fresh and tasty.,Negative,-0.674,5
cous__.1138,Meera,prod__.1138,PID0051138,https://www.facebook.com/vukkarvibes,1397040301789397,Loved the taste!,Neutral,0.0,5
cous__.1139,Meera,prod__.1139,PID0051139,https://www.facebook.com/vukkarvibes,1397040301789398,"Not good, expected better.",Neutral,0.0,5
cous__.1140,Sneha,prod__.1140,PID0051140,https://www.facebook.com/vukkarvibes,1397040301789399,Fresh and tasty.,Negative,-0.674,3
cous__.1141,Mira,prod__.1141,PID0051141,https://www.facebook.com/vukkarvibes,1397040301789400,Not satisfied.,Positive,0.885,2
cous__.1142,Kiran,prod__.1142,PID0051142,https://www.facebook.com/vukkarvibes,1397040301789401,Average experience.,Negative,-0.674,3
cous__.1143,Raju,prod__.1143,PID0051143,https://www.facebook.com/vukkarvibes,1397040301789402,Highly recommended!,Negative,-0.674,5
cous__.1144,Arjun,prod__.1144,PID0051144,https://www.facebook.com/vukkarvibes,1397040301789403,Fresh and tasty.,Neutral,0.0,5
cous__.1145,Kiran,prod__.1145,PID0051145,https://www.facebook.com/vukkarvibes,1397040301789404,"Too spicy, not for me.",Neutral,0.0,5
cous__.1146,Aditya,prod__.1146,PID0051146,https://www.facebook.com/vukkarvibes,1397040301789405,Bad packaging.,Neutral,0.0,5
cous__.1147,Divya,prod__.1147,PID0051147,https://www.facebook.com/vukkarvibes,1397040301789406,Highly recommended!,Neutral,0.0,3
cous__.1148,Kiran,prod__.1148,PID0051148,https://www.facebook.com/vukkarvibes,1397040301789407,Not satisfied.,Neutral,0.0,1
cous__.1149,Arjun,prod__.1149,PID0051149,https://www.facebook.com/vukkarvibes,1397040301789408,Worth the price.,Neutral,0.0,1
cous__.1150,Rohan,prod__.1150,PID0051150,https://www.facebook.com/vukkarvibes,1397040301789409,Fresh and tasty.,Positive,0.885,1
cous__.1151,Meera,prod__.1151,PID0051151,https://www.facebook.com/vukkarvibes,1397040301789410,"Too spicy, not for me.",Negative,-0.674,2
cous__.1152,Raju,prod__.1152,PID0051152,https://www.facebook.com/vukkarvibes,1397040301789411,Loved the taste!,Neutral,0.0,2
cous__.1153,Aditya,prod__.1153,PID0051153,https://www.facebook.com/vukkarvibes,1397040301789412,Worth the price.,Positive,0.885,2
cous__.1154,Kunal,prod__.1154,PID0051154,https://www.facebook.com/vukkarvibes,1397040301789413,Loved the taste!,Negative,-0.674,4
cous__.1155,Pooja,prod__.1155,PID0051155,https://www.facebook.com/vukkarvibes,1397040301789414,Very delicious!,Positive,0.885,4
cous__.1156,Mira,prod__.1156,PID0051156,https://www.facebook.com/vukkarvibes,1397040301789415,"Not good, expected better.",Neutral,0.0,2
cous__.1157,Sneha,prod__.1157,PID0051157,https://www.facebook.com/vukkarvibes,1397040301789416,"Not good, expected better.",Positive,0.885,5
cous__.1158,Divya,prod__.1158,PID0051158,https://www.facebook.com/vukkarvibes,1397040301789417,"Not good, expected better.",Neutral,0.0,2
cous__.1159,Arjun,prod__.1159,PID0051159,https://www.facebook.com/vukkarvibes,1397040301789418,Loved the taste!,Neutral,0.0,5
cous__.1160,Arjun,prod__.1160,PID0051160,https://www.facebook.com/vukkarvibes,1397040301789419,Not satisfied.,Positive,0.885,3
cous__.1161,Sita,prod__.1161,PID0051161,https://www.facebook.com/vukkarvibes,1397040301789420,Average experience.,Negative,-0.674,1
cous__.1162,Raju,prod__.1162,PID0051162,https://www.facebook.com/vukkarvibes,1397040301789421,Bad packaging.,Neutral,0.0,3
cous__.1163,Priya,prod__.1163,PID0051163,https://www.facebook.com/vukkarvibes,1397040301789422,"Not good, expected better.",Positive,0.885,2
cous__.1164,Aditya,prod__.1164,PID0051164,https://www.facebook.com/vukkarvibes,1397040301789423,Fresh and tasty.,Positive,0.885,3
cous__.1165,Raju,prod__.1165,PID0051165,https://www.facebook.com/vukkarvibes,1397040301789424,Highly recommended!,Neutral,0.0,1
cous__.1166,Swati,prod__.1166,PID0051166,https://www.facebook.com/vukkarvibes,1397040301789425,Loved the taste!,Neutral,0.0,3
cous__.1167,Varun,prod__.1167,PID0051167,https://www.facebook.com/vukkarvibes,1397040301789426,Very delicious!,Positive,0.885,2
cous__.1168,Sneha,prod__.1168,PID0051168,https://www.facebook.com/vukkarvibes,1397040301789427,Worth the price.,Positive,0.885,3
cous__.1169,Mira,prod__.1169,PID0051169,https://www.facebook.com/vukkarvibes,1397040301789428,Loved the taste!,Negative,-0.674,2
cous__.1170,Divya,prod__.1170,PID0051170,https://www.facebook.com/vukkarvibes,1397040301789429,"Not good, expected better.",Positive,0.885,1
cous__.1171,Rohan,prod__.1171,PID0051171,https://www.facebook.com/vukkarvibes,1397040301789430,"Too spicy, not for me.",Neutral,0.0,5
cous__.1172,Arjun,prod__.1172,PID0051172,https://www.facebook.com/vukkarvibes,1397040301789431,Highly recommended!,Neutral,0.0,1
cous__.1173,Swati,prod__.1173,PID0051173,https://www.facebook.com/vukkarvibes,1397040301789432,"Not good, expected better.",Neutral,0.0,1
cous__.1174,Rohan,prod__.1174,PID0051174,https://www.facebook.com/vukkarvibes,1397040301789433,"Too spicy, not for me.",Neutral,0.0,4
cous__.1175,Divya,prod__.1175,PID0051175,https://www.facebook.com/vukkarvibes,1397040301789434,"Not good, expected better.",Negative,-0.674,5
cous__.1176,Pooja,prod__.1176,PID0051176,https://www.facebook.com/vukkarvibes,1397040301789435,Not satisfied.,Negative,-0.674,5
cous__.1177,Pooja,prod__.1177,PID0051177,https://www.facebook.com/vukkarvibes,1397040301789436,Average experience.,Neutral,0.0,2
cous__.1178,Sneha,prod__.1178,PID0051178,https://www.facebook.com/vukkarvibes,1397040301789437,Not satisfied.,Negative,-0.674,2
cous__.1179,Arjun,prod__.1179,PID0051179,https://www.facebook.com/vukkarvibes,1397040301789438,Not satisfied.,Neutral,0.0,2
cous__.1180,Sneha,prod__.1180,PID0051180,https://www.facebook.com/vukkarvibes,1397040301789439,Bad packaging.,Neutral,0.0,3
cous__.1181,Mira,prod__.1181,PID0051181,https://www.facebook.com/vukkarvibes,1397040301789440,"Too spicy, not for me.",Negative,-0.674,4
cous__.1182,Kunal,prod__.1182,PID0051182,https://www.facebook.com/vukkarvibes,1397040301789441,Very delicious!,Negative,-0.674,1
cous__.1183,Rohan,prod__.1183,PID0051183,https://www.facebook.com/vukkarvibes,1397040301789442,Loved the taste!,Positive,0.885,3
cous__.1184,Divya,prod__.1184,PID0051184,https://www.facebook.com/vukkarvibes,1397040301789443,Bad packaging.,Negative,-0.674,1
cous__.1185,Rahul,prod__.1185,PID0051185,https://www.facebook.com/vukkarvibes,1397040301789444,"Too spicy, not for me.",Positive,0.885,4
cous__.1186,Suman,prod__.1186,PID0051186,https://www.facebook.com/vukkarvibes,1397040301789445,Loved the taste!,Negative,-0.674,4
cous__.1187,Sneha,prod__.1187,PID0051187,https://www.facebook.com/vukkarvibes,1397040301789446,Worth the price.,Neutral,0.0,2
cous__.1188,Raju,prod__.1188,PID0051188,https://www.facebook.com/vukkarvibes,1397040301789447,"Too spicy, not for me.",Negative,-0.674,1
cous__.1189,Amit,prod__.1189,PID0051189,https://www.facebook.com/vukkarvibes,1397040301789448,"Not good, expected better.",Neutral,0.0,2
cous__.1190,Rohan,prod__.1190,PID0051190,https://www.facebook.com/vukkarvibes,1397040301789449,Fresh and tasty.,Neutral,0.0,1
cous__.1191,Suman,prod__.1191,PID0051191,https://www.facebook.com/vukkarvibes,1397040301789450,Highly recommended!,Positive,0.885,5
cous__.1192,Kiran,prod__.1192,PID0051192,https://www.facebook.com/vukkarvibes,1397040301789451,Not satisfied.,Negative,-0.674,3
cous__.1193,Swati,prod__.1193,PID0051193,https://www.facebook.com/vukkarvibes,1397040301789452,Worth the price.,Positive,0.885,3
cous__.1194,Suman,prod__.1194,PID0051194,https://www.facebook.com/vukkarvibes,1397040301789453,"Not good, expected better.",Negative,-0.674,5
cous__.1195,Rohan,prod__.1195,PID0051195,https://www.facebook.com/vukkarvibes,1397040301789454,Bad packaging.,Neutral,0.0,2
cous__.1196,Rahul,prod__.1196,PID0051196,https://www.facebook.com/vukkarvibes,1397040301789455,Worth the price.,Negative,-0.674,1
cous__.1197,Amit,prod__.1197,PID0051197,https://www.facebook.com/vukkarvibes,1397040301789456,"Too spicy, not for me.",Positive,0.885,4
cous__.1198,Arjun,prod__.1198,PID0051198,https://www.facebook.com/vukkarvibes,1397040301789457,Average experience.,Neutral,0.0,2
cous__.1199,Sneha,prod__.1199,PID0051199,https://www.facebook.com/vukkarvibes,1397040301789458,Worth the price.,Negative,-0.674,2
cous__.1200,Sita,prod__.1200,PID0051200,https://www.facebook.com/vukkarvibes,1397040301789459,Loved the taste!,Positive,0.885,3
cous__.1201,Kiran,prod__.1201,PID0051201,https://www.facebook.com/vukkarvibes,1397040301789460,Highly recommended!,Neutral,0.0,4
cous__.1202,Divya,prod__.1202,PID0051202,https://www.facebook.com/vukkarvibes,1397040301789461,"Too spicy, not for me.",Neutral,0.0,3
cous__.1203,Varun,prod__.1203,PID0051203,https://www.facebook.com/vukkarvibes,1397040301789462,Loved the taste!,Negative,-0.674,4
cous__.1204,Suman,prod__.1204,PID0051204,https://www.facebook.com/vukkarvibes,1397040301789463,Highly recommended!,Neutral,0.0,2
cous__.1205,Swati,prod__.1205,PID0051205,https://www.facebook.com/vukkarvibes,1397040301789464,Highly recommended!,Positive,0.885,4
cous__.1206,Kunal,prod__.1206,PID0051206,https://www.facebook.com/vukkarvibes,1397040301789465,"Not good, expected better.",Neutral,0.0,2
cous__.1207,Arjun,prod__.1207,PID0051207,https://www.facebook.com/vukkarvibes,1397040301789466,Not satisfied.,Positive,0.885,5
cous__.1208,Kiran,prod__.1208,PID0051208,https://www.facebook.com/vukkarvibes,1397040301789467,Average experience.,Neutral,0.0,2
cous__.1209,Aditya,prod__.1209,PID0051209,https://www.facebook.com/vukkarvibes,1397040301789468,Very delicious!,Positive,0.885,2
cous__.1210,Rohan,prod__.1210,PID0051210,https://www.facebook.com/vukkarvibes,1397040301789469,Bad packaging.,Positive,0.885,4
cous__.1211,Raju,prod__.1211,PID0051211,https://www.facebook.com/vukkarvibes,1397040301789470,Highly recommended!,Negative,-0.674,4
cous__.1212,Kiran,prod__.1212,PID0051212,https://www.facebook.com/vukkarvibes,1397040301789471,Fresh and tasty.,Negative,-0.674,2
cous__.1213,Pooja,prod__.1213,PID0051213,https://www.facebook.com/vukkarvibes,1397040301789472,Loved the taste!,Negative,-0.674,1
cous__.1214,Pooja,prod__.1214,PID0051214,https://www.facebook.com/vukkarvibes,1397040301789473,"Too spicy, not for me.",Negative,-0.674,5
cous__.1215,Suman,prod__.1215,PID0051215,https://www.facebook.com/vukkarvibes,1397040301789474,"Too spicy, not for me.",Positive,0.885,3
cous__.1216,Rahul,prod__.1216,PID0051216,https://www.facebook.com/vukkarvibes,1397040301789475,Fresh and tasty.,Positive,0.885,5
cous__.1217,Arjun,prod__.1217,PID0051217,https://www.facebook.com/vukkarvibes,1397040301789476,Not satisfied.,Positive,0.885,4
cous__.1218,Amit,prod__.1218,PID0051218,https://www.facebook.com/vukkarvibes,1397040301789477,Worth the price.,Negative,-0.674,3
cous__.1219,Raju,prod__.1219,PID0051219,https://www.facebook.com/vukkarvibes,1397040301789478,Fresh and tasty.,Neutral,0.0,1
cous__.1220,Kunal,prod__.1220,PID0051220,https://www.facebook.com/vukkarvibes,1397040301789479,"Not good, expected better.",Neutral,0.0,4
cous__.1221,Suman,prod__.1221,PID0051221,https://www.facebook.com/vukkarvibes,1397040301789480,Loved the taste!,Neutral,0.0,1
cous__.1222,Suman,prod__.1222,PID0051222,https://www.facebook.com/vukkarvibes,1397040301789481,Fresh and tasty.,Positive,0.885,2
cous__.1223,Kiran,prod__.1223,PID0051223,https://www.facebook.com/vukkarvibes,1397040301789482,Bad packaging.,Negative,-0.674,3
cous__.1224,Sneha,prod__.1224,PID0051224,https://www.facebook.com/vukkarvibes,1397040301789483,Bad packaging.,Negative,-0.674,1
cous__.1225,Pooja,prod__.1225,PID0051225,https://www.facebook.com/vukkarvibes,1397040301789484,"Not good, expected better.",Negative,-0.674,1
cous__.1226,Rohan,prod__.1226,PID0051226,https://www.facebook.com/vukkarvibes,1397040301789485,Highly recommended!,Neutral,0.0,5
cous__.1227,Raju,prod__.1227,PID0051227,https://www.facebook.com/vukkarvibes,1397040301789486,"Not good, expected better.",Neutral,0.0,1
cous__.1228,Arjun,prod__.1228,PID0051228,https://www.facebook.com/vukkarvibes,1397040301789487,Very delicious!,Positive,0.885,5
cous__.1229,Suman,prod__.1229,PID0051229,https://www.facebook.com/vukkarvibes,1397040301789488,Not satisfied.,Positive,0.885,5
cous__.1230,Aditya,prod__.1230,PID0051230,https://www.facebook.com/vukkarvibes,1397040301789489,"Too spicy, not for me.",Neutral,0.0,1
cous__.1231,Pooja,prod__.1231,PID0051231,https://www.facebook.com/vukkarvibes,1397040301789490,Average experience.,Neutral,0.0,3
cous__.1232,Sneha,prod__.1232,PID0051232,https://www.facebook.com/vukkarvibes,1397040301789491,Fresh and tasty.,Negative,-0.674,5
cous__.1233,Sneha,prod__.1233,PID0051233,https://www.facebook.com/vukkarvibes,1397040301789492,Highly recommended!,Neutral,0.0,3
cous__.1234,Rohan,prod__.1234,PID0051234,https://www.facebook.com/vukkarvibes,1397040301789493,"Not good, expected better.",Negative,-0.674,5
cous__.1235,Rahul,prod__.1235,PID0051235,https://www.facebook.com/vukkarvibes,1397040301789494,Worth the price.,Neutral,0.0,4
cous__.1236,Varun,prod__.1236,PID0051236,https://www.facebook.com/vukkarvibes,1397040301789495,Highly recommended!,Negative,-0.674,1
cous__.1237,Priya,prod__.1237,PID0051237,https://www.facebook.com/vukkarvibes,1397040301789496,Average experience.,Negative,-0.674,3
cous__.1238,Swati,prod__.1238,PID0051238,https://www.facebook.com/vukkarvibes,1397040301789497,"Too spicy, not for me.",Negative,-0.674,2
cous__.1239,Raju,prod__.1239,PID0051239,https://www.facebook.com/vukkarvibes,1397040301789498,Fresh and tasty.,Negative,-0.674,5
cous__.1240,Mira,prod__.1240,PID0051240,https://www.facebook.com/vukkarvibes,1397040301789499,Loved the taste!,Positive,0.885,5
cous__.1241,Swati,prod__.1241,PID0051241,https://www.facebook.com/vukkarvibes,1397040301789500,Average experience.,Neutral,0.0,3
cous__.1242,Swati,prod__.1242,PID0051242,https://www.facebook.com/vukkarvibes,1397040301789501,Highly recommended!,Negative,-0.674,5
cous__.1243,Varun,prod__.1243,PID0051243,https://www.facebook.com/vukkarvibes,1397040301789502,Worth the price.,Positive,0.885,5
cous__.1244,Kiran,prod__.1244,PID0051244,https://www.facebook.com/vukkarvibes,1397040301789503,Fresh and tasty.,Neutral,0.0,2
cous__.1245,Mira,prod__.1245,PID0051245,https://www.facebook.com/vukkarvibes,1397040301789504,Very delicious!,Positive,0.885,2
cous__.1246,Suman,prod__.1246,PID0051246,https://www.facebook.com/vukkarvibes,1397040301789505,Worth the price.,Negative,-0.674,5
cous__.1247,Aditya,prod__.1247,PID0051247,https://www.facebook.com/vukkarvibes,1397040301789506,"Not good, expected better.",Negative,-0.674,2
cous__.1248,Sneha,prod__.1248,PID0051248,https://www.facebook.com/vukkarvibes,1397040301789507,Not satisfied.,Negative,-0.674,1
cous__.1249,Sneha,prod__.1249,PID0051249,https://www.facebook.com/vukkarvibes,1397040301789508,"Not good, expected better.",Neutral,0.0,2
cous__.1250,Amit,prod__.1250,PID0051250,https://www.facebook.com/vukkarvibes,1397040301789509,Worth the price.,Neutral,0.0,4
cous__.1251,Raju,prod__.1251,PID0051251,https://www.facebook.com/vukkarvibes,1397040301789510,"Not good, expected better.",Neutral,0.0,1
cous__.1252,Raju,prod__.1252,PID0051252,https://www.facebook.com/vukkarvibes,1397040301789511,"Too spicy, not for me.",Negative,-0.674,2
cous__.1253,Sneha,prod__.1253,PID0051253,https://www.facebook.com/vukkarvibes,1397040301789512,Fresh and tasty.,Positive,0.885,4
cous__.1254,Divya,prod__.1254,PID0051254,https://www.facebook.com/vukkarvibes,1397040301789513,Highly recommended!,Neutral,0.0,3
cous__.1255,Aditya,prod__.1255,PID0051255,https://www.facebook.com/vukkarvibes,1397040301789514,Bad packaging.,Positive,0.885,2
cous__.1256,Meera,prod__.1256,PID0051256,https://www.facebook.com/vukkarvibes,1397040301789515,Average experience.,Positive,0.885,5
cous__.1257,Meera,prod__.1257,PID0051257,https://www.facebook.com/vukkarvibes,1397040301789516,"Not good, expected better.",Neutral,0.0,2
cous__.1258,Varun,prod__.1258,PID0051258,https://www.facebook.com/vukkarvibes,1397040301789517,Loved the taste!,Neutral,0.0,2
cous__.1259,Kiran,prod__.1259,PID0051259,https://www.facebook.com/vukkarvibes,1397040301789518,Highly recommended!,Negative,-0.674,4
cous__.1260,Aditya,prod__.1260,PID0051260,https://www.facebook.com/vukkarvibes,1397040301789519,Very delicious!,Positive,0.885,3
cous__.1261,Kunal,prod__.1261,PID0051261,https://www.facebook.com/vukkarvibes,1397040301789520,Not satisfied.,Positive,0.885,4
cous__.1262,Aditya,prod__.1262,PID0051262,https://www.facebook.com/vukkarvibes,1397040301789521,Worth the price.,Neutral,0.0,3
cous__.1263,Rahul,prod__.1263,PID0051263,https://www.facebook.com/vukkarvibes,1397040301789522,Highly recommended!,Negative,-0.674,1
cous__.1264,Priya,prod__.1264,PID0051264,https://www.facebook.com/vukkarvibes,1397040301789523,Fresh and tasty.,Neutral,0.0,5
cous__.1265,Priya,prod__.1265,PID0051265,https://www.facebook.com/vukkarvibes,1397040301789524,"Too spicy, not for me.",Positive,0.885,3
cous__.1266,Kunal,prod__.1266,PID0051266,https://www.facebook.com/vukkarvibes,1397040301789525,Highly recommended!,Negative,-0.674,1
cous__.1267,Varun,prod__.1267,PID0051267,https://www.facebook.com/vukkarvibes,1397040301789526,Bad packaging.,Positive,0.885,3
cous__.1268,Aditya,prod__.1268,PID0051268,https://www.facebook.com/vukkarvibes,1397040301789527,Not satisfied.,Neutral,0.0,3
cous__.1269,Pooja,prod__.1269,PID0051269,https://www.facebook.com/vukkarvibes,1397040301789528,Worth the price.,Positive,0.885,5
cous__.1270,Amit,prod__.1270,PID0051270,https://www.facebook.com/vukkarvibes,1397040301789529,Loved the taste!,Neutral,0.0,1
cous__.1271,Mira,prod__.1271,PID0051271,https://www.facebook.com/vukkarvibes,1397040301789530,Highly recommended!,Neutral,0.0,2
cous__.1272,Meera,prod__.1272,PID0051272,https://www.facebook.com/vukkarvibes,1397040301789531,Highly recommended!,Neutral,0.0,1
cous__.1273,Amit,prod__.1273,PID0051273,https://www.facebook.com/vukkarvibes,1397040301789532,Loved the taste!,Neutral,0.0,5
cous__.1274,Aditya,prod__.1274,PID0051274,https://www.facebook.com/vukkarvibes,1397040301789533,Not satisfied.,Positive,0.885,2
cous__.1275,Raju,prod__.1275,PID0051275,https://www.facebook.com/vukkarvibes,1397040301789534,Fresh and tasty.,Positive,0.885,2
cous__.1276,Rohan,prod__.1276,PID0051276,https://www.facebook.com/vukkarvibes,1397040301789535,Fresh and tasty.,Negative,-0.674,5
cous__.1277,Suman,prod__.1277,PID0051277,https://www.facebook.com/vukkarvibes,1397040301789536,"Too spicy, not for me.",Positive,0.885,2
cous__.1278,Kunal,prod__.1278,PID0051278,https://www.facebook.com/vukkarvibes,1397040301789537,Loved the taste!,Positive,0.885,5
cous__.1279,Arjun,prod__.1279,PID0051279,https://www.facebook.com/vukkarvibes,1397040301789538,Not satisfied.,Positive,0.885,4
cous__.1280,Pooja,prod__.1280,PID0051280,https://www.facebook.com/vukkarvibes,1397040301789539,Bad packaging.,Negative,-0.674,5
cous__.1281,Mira,prod__.1281,PID0051281,https://www.facebook.com/vukkarvibes,1397040301789540,Loved the taste!,Positive,0.885,1
cous__.1282,Varun,prod__.1282,PID0051282,https://www.facebook.com/vukkarvibes,1397040301789541,Loved the taste!,Neutral,0.0,2
cous__.1283,Rahul,prod__.1283,PID0051283,https://www.facebook.com/vukkarvibes,1397040301789542,"Not good, expected better.",Neutral,0.0,5
cous__.1284,Pooja,prod__.1284,PID0051284,https://www.facebook.com/vukkarvibes,1397040301789543,Fresh and tasty.,Neutral,0.0,3
cous__.1285,Raju,prod__.1285,PID0051285,https://www.facebook.com/vukkarvibes,1397040301789544,Not satisfied.,Negative,-0.674,3
cous__.1286,Amit,prod__.1286,PID0051286,https://www.facebook.com/vukkarvibes,1397040301789545,Loved the taste!,Negative,-0.674,1
cous__.1287,Mira,prod__.1287,PID0051287,https://www.facebook.com/vukkarvibes,1397040301789546,"Too spicy, not for me.",Neutral,0.0,1
cous__.1288,Meera,prod__.1288,PID0051288,https://www.facebook.com/vukkarvibes,1397040301789547,Very delicious!,Negative,-0.674,4
cous__.1289,Suman,prod__.1289,PID0051289,https://www.facebook.com/vukkarvibes,1397040301789548,Worth the price.,Negative,-0.674,3
cous__.1290,Kiran,prod__.1290,PID0051290,https://www.facebook.com/vukkarvibes,1397040301789549,Highly recommended!,Negative,-0.674,3
cous__.1291,Rohan,prod__.1291,PID0051291,https://www.facebook.com/vukkarvibes,1397040301789550,"Not good, expected better.",Negative,-0.674,4
cous__.1292,Sita,prod__.1292,PID0051292,https://www.facebook.com/vukkarvibes,1397040301789551,Fresh and tasty.,Negative,-0.674,4
cous__.1293,Pooja,prod__.1293,PID0051293,https://www.facebook.com/vukkarvibes,1397040301789552,Average experience.,Positive,0.885,3
cous__.1294,Divya,prod__.1294,PID0051294,https://www.facebook.com/vukkarvibes,1397040301789553,Bad packaging.,Positive,0.885,1
cous__.1295,Suman,prod__.1295,PID0051295,https://www.facebook.com/vukkarvibes,1397040301789554,"Too spicy, not for me.",Neutral,0.0,4
cous__.1296,Mira,prod__.1296,PID0051296,https://www.facebook.com/vukkarvibes,1397040301789555,Highly recommended!,Negative,-0.674,2
cous__.1297,Mira,prod__.1297,PID0051297,https://www.facebook.com/vukkarvibes,1397040301789556,"Too spicy, not for me.",Negative,-0.674,3
cous__.1298,Mira,prod__.1298,PID0051298,https://www.facebook.com/vukkarvibes,1397040301789557,Loved the taste!,Neutral,0.0,5
cous__.1299,Meera,prod__.1299,PID0051299,https://www.facebook.com/vukkarvibes,1397040301789558,Loved the taste!,Neutral,0.0,1
cous__.1300,Swati,prod__.1300,PID0051300,https://www.facebook.com/vukkarvibes,1397040301789559,"Not good, expected better.",Negative,-0.674,1
cous__.1301,Divya,prod__.1301,PID0051301,https://www.facebook.com/vukkarvibes,1397040301789560,Fresh and tasty.,Neutral,0.0,2
cous__.1302,Priya,prod__.1302,PID0051302,https://www.facebook.com/vukkarvibes,1397040301789561,Highly recommended!,Neutral,0.0,1
cous__.1303,Rahul,prod__.1303,PID0051303,https://www.facebook.com/vukkarvibes,1397040301789562,Very delicious!,Negative,-0.674,2
cous__.1304,Arjun,prod__.1304,PID0051304,https://www.facebook.com/vukkarvibes,1397040301789563,Average experience.,Neutral,0.0,2
cous__.1305,Arjun,prod__.1305,PID0051305,https://www.facebook.com/vukkarvibes,1397040301789564,Very delicious!,Neutral,0.0,4
cous__.1306,Amit,prod__.1306,PID0051306,https://www.facebook.com/vukkarvibes,1397040301789565,Not satisfied.,Positive,0.885,3
cous__.1307,Divya,prod__.1307,PID0051307,https://www.facebook.com/vukkarvibes,1397040301789566,Very delicious!,Positive,0.885,2
cous__.1308,Amit,prod__.1308,PID0051308,https://www.facebook.com/vukkarvibes,1397040301789567,Highly recommended!,Neutral,0.0,2
cous__.1309,Suman,prod__.1309,PID0051309,https://www.facebook.com/vukkarvibes,1397040301789568,Not satisfied.,Negative,-0.674,1
cous__.1310,Priya,prod__.1310,PID0051310,https://www.facebook.com/vukkarvibes,1397040301789569,Fresh and tasty.,Positive,0.885,5
cous__.1311,Raju,prod__.1311,PID0051311,https://www.facebook.com/vukkarvibes,1397040301789570,Not satisfied.,Positive,0.885,5
cous__.1312,Raju,prod__.1312,PID0051312,https://www.facebook.com/vukkarvibes,1397040301789571,"Not good, expected better.",Positive,0.885,2
cous__.1313,Suman,prod__.1313,PID0051313,https://www.facebook.com/vukkarvibes,1397040301789572,"Too spicy, not for me.",Neutral,0.0,2
cous__.1314,Sneha,prod__.1314,PID0051314,https://www.facebook.com/vukkarvibes,1397040301789573,"Not good, expected better.",Negative,-0.674,5
cous__.1315,Raju,prod__.1315,PID0051315,https://www.facebook.com/vukkarvibes,1397040301789574,"Too spicy, not for me.",Negative,-0.674,5
cous__.1316,Priya,prod__.1316,PID0051316,https://www.facebook.com/vukkarvibes,1397040301789575,Very delicious!,Neutral,0.0,1
cous__.1317,Sita,prod__.1317,PID0051317,https://www.facebook.com/vukkarvibes,1397040301789576,Worth the price.,Negative,-0.674,3
cous__.1318,Meera,prod__.1318,PID0051318,https://www.facebook.com/vukkarvibes,1397040301789577,Fresh and tasty.,Positive,0.885,3
cous__.1319,Amit,prod__.1319,PID0051319,https://www.facebook.com/vukkarvibes,1397040301789578,"Too spicy, not for me.",Neutral,0.0,1
cous__.1320,Arjun,prod__.1320,PID0051320,https://www.facebook.com/vukkarvibes,1397040301789579,Bad packaging.,Positive,0.885,3
cous__.1321,Arjun,prod__.1321,PID0051321,https://www.facebook.com/vukkarvibes,1397040301789580,Very delicious!,Neutral,0.0,2
cous__.1322,Arjun,prod__.1322,PID0051322,https://www.facebook.com/vukkarvibes,1397040301789581,Fresh and tasty.,Negative,-0.674,1
cous__.1323,Priya,prod__.1323,PID0051323,https://www.facebook.com/vukkarvibes,1397040301789582,Very delicious!,Negative,-0.674,5
cous__.1324,Kunal,prod__.1324,PID0051324,https://www.facebook.com/vukkarvibes,1397040301789583,Very delicious!,Positive,0.885,3
cous__.1325,Kunal,prod__.1325,PID0051325,https://www.facebook.com/vukkarvibes,1397040301789584,Very delicious!,Negative,-0.674,4
cous__.1326,Swati,prod__.1326,PID0051326,https://www.facebook.com/vukkarvibes,1397040301789585,Worth the price.,Positive,0.885,2
cous__.1327,Divya,prod__.1327,PID0051327,https://www.facebook.com/vukkarvibes,1397040301789586,Worth the price.,Positive,0.885,4
cous__.1328,Mira,prod__.1328,PID0051328,https://www.facebook.com/vukkarvibes,1397040301789587,Bad packaging.,Positive,0.885,2
cous__.1329,Arjun,prod__.1329,PID0051329,https://www.facebook.com/vukkarvibes,1397040301789588,Worth the price.,Positive,0.885,4
cous__.1330,Rohan,prod__.1330,PID0051330,https://www.facebook.com/vukkarvibes,1397040301789589,Highly recommended!,Neutral,0.0,5
cous__.1331,Raju,prod__.1331,PID0051331,https://www.facebook.com/vukkarvibes,1397040301789590,Highly recommended!,Positive,0.885,2
cous__.1332,Suman,prod__.1332,PID0051332,https://www.facebook.com/vukkarvibes,1397040301789591,"Not good, expected better.",Neutral,0.0,5
cous__.1333,Meera,prod__.1333,PID0051333,https://www.facebook.com/vukkarvibes,1397040301789592,Average experience.,Negative,-0.674,1
cous__.1334,Kiran,prod__.1334,PID0051334,https://www.facebook.com/vukkarvibes,1397040301789593,Fresh and tasty.,Negative,-0.674,2
cous__.1335,Rahul,prod__.1335,PID0051335,https://www.facebook.com/vukkarvibes,1397040301789594,"Not good, expected better.",Neutral,0.0,4
cous__.1336,Swati,prod__.1336,PID0051336,https://www.facebook.com/vukkarvibes,1397040301789595,Loved the taste!,Negative,-0.674,2
cous__.1337,Meera,prod__.1337,PID0051337,https://www.facebook.com/vukkarvibes,1397040301789596,Average experience.,Negative,-0.674,5
cous__.1338,Divya,prod__.1338,PID0051338,https://www.facebook.com/vukkarvibes,1397040301789597,Highly recommended!,Positive,0.885,3
cous__.1339,Sita,prod__.1339,PID0051339,https://www.facebook.com/vukkarvibes,1397040301789598,Fresh and tasty.,Positive,0.885,1
cous__.1340,Rahul,prod__.1340,PID0051340,https://www.facebook.com/vukkarvibes,1397040301789599,Not satisfied.,Positive,0.885,3
cous__.1341,Divya,prod__.1341,PID0051341,https://www.facebook.com/vukkarvibes,1397040301789600,Average experience.,Negative,-0.674,1
cous__.1342,Kiran,prod__.1342,PID0051342,https://www.facebook.com/vukkarvibes,1397040301789601,Not satisfied.,Negative,-0.674,3
cous__.1343,Raju,prod__.1343,PID0051343,https://www.facebook.com/vukkarvibes,1397040301789602,Average experience.,Neutral,0.0,2
cous__.1344,Priya,prod__.1344,PID0051344,https://www.facebook.com/vukkarvibes,1397040301789603,Loved the taste!,Negative,-0.674,1
cous__.1345,Divya,prod__.1345,PID0051345,https://www.facebook.com/vukkarvibes,1397040301789604,Fresh and tasty.,Positive,0.885,1
cous__.1346,Aditya,prod__.1346,PID0051346,https://www.facebook.com/vukkarvibes,1397040301789605,Worth the price.,Neutral,0.0,5
cous__.1347,Varun,prod__.1347,PID0051347,https://www.facebook.com/vukkarvibes,1397040301789606,Worth the price.,Positive,0.885,3
cous__.1348,Swati,prod__.1348,PID0051348,https://www.facebook.com/vukkarvibes,1397040301789607,Bad packaging.,Positive,0.885,2
cous__.1349,Kunal,prod__.1349,PID0051349,https://www.facebook.com/vukkarvibes,1397040301789608,Loved the taste!,Positive,0.885,3
cous__.1350,Meera,prod__.1350,PID0051350,https://www.facebook.com/vukkarvibes,1397040301789609,Very delicious!,Positive,0.885,2
cous__.1351,Swati,prod__.1351,PID0051351,https://www.facebook.com/vukkarvibes,1397040301789610,Bad packaging.,Neutral,0.0,2
cous__.1352,Meera,prod__.1352,PID0051352,https://www.facebook.com/vukkarvibes,1397040301789611,"Too spicy, not for me.",Negative,-0.674,1
cous__.1353,Sita,prod__.1353,PID0051353,https://www.facebook.com/vukkarvibes,1397040301789612,Highly recommended!,Neutral,0.0,5
cous__.1354,Swati,prod__.1354,PID0051354,https://www.facebook.com/vukkarvibes,1397040301789613,Average experience.,Positive,0.885,2
cous__.1355,Varun,prod__.1355,PID0051355,https://www.facebook.com/vukkarvibes,1397040301789614,Not satisfied.,Neutral,0.0,5
cous__.1356,Swati,prod__.1356,PID0051356,https://www.facebook.com/vukkarvibes,1397040301789615,Worth the price.,Positive,0.885,1
cous__.1357,Amit,prod__.1357,PID0051357,https://www.facebook.com/vukkarvibes,1397040301789616,Average experience.,Negative,-0.674,5
cous__.1358,Suman,prod__.1358,PID0051358,https://www.facebook.com/vukkarvibes,1397040301789617,"Not good, expected better.",Negative,-0.674,1
cous__.1359,Sita,prod__.1359,PID0051359,https://www.facebook.com/vukkarvibes,1397040301789618,Bad packaging.,Neutral,0.0,2
cous__.1360,Rahul,prod__.1360,PID0051360,https://www.facebook.com/vukkarvibes,1397040301789619,Loved the taste!,Negative,-0.674,2
cous__.1361,Amit,prod__.1361,PID0051361,https://www.facebook.com/vukkarvibes,1397040301789620,Average experience.,Positive,0.885,5
cous__.1362,Pooja,prod__.1362,PID0051362,https://www.facebook.com/vukkarvibes,1397040301789621,"Too spicy, not for me.",Negative,-0.674,2
cous__.1363,Sita,prod__.1363,PID0051363,https://www.facebook.com/vukkarvibes,1397040301789622,Worth the price.,Neutral,0.0,5
cous__.1364,Arjun,prod__.1364,PID0051364,https://www.facebook.com/vukkarvibes,1397040301789623,"Not good, expected better.",Neutral,0.0,4
cous__.1365,Rahul,prod__.1365,PID0051365,https://www.facebook.com/vukkarvibes,1397040301789624,Loved the taste!,Positive,0.885,2
cous__.1366,Pooja,prod__.1366,PID0051366,https://www.facebook.com/vukkarvibes,1397040301789625,Average experience.,Positive,0.885,2
cous__.1367,Divya,prod__.1367,PID0051367,https://www.facebook.com/vukkarvibes,1397040301789626,Average experience.,Positive,0.885,4
cous__.1368,Sita,prod__.1368,PID0051368,https://www.facebook.com/vukkarvibes,1397040301789627,Fresh and tasty.,Neutral,0.0,4
cous__.1369,Swati,prod__.1369,PID0051369,https://www.facebook.com/vukkarvibes,1397040301789628,"Too spicy, not for me.",Positive,0.885,4
cous__.1370,Rohan,prod__.1370,PID0051370,https://www.facebook.com/vukkarvibes,1397040301789629,Very delicious!,Positive,0.885,2
cous__.1371,Amit,prod__.1371,PID0051371,https://www.facebook.com/vukkarvibes,1397040301789630,Average experience.,Negative,-0.674,5
cous__.1372,Sneha,prod__.1372,PID0051372,https://www.facebook.com/vukkarvibes,1397040301789631,Loved the taste!,Positive,0.885,2
cous__.1373,Pooja,prod__.1373,PID0051373,https://www.facebook.com/vukkarvibes,1397040301789632,Very delicious!,Positive,0.885,4
cous__.1374,Divya,prod__.1374,PID0051374,https://www.facebook.com/vukkarvibes,1397040301789633,"Too spicy, not for me.",Negative,-0.674,2
cous__.1375,Rahul,prod__.1375,PID0051375,https://www.facebook.com/vukkarvibes,1397040301789634,Not satisfied.,Negative,-0.674,2
cous__.1376,Raju,prod__.1376,PID0051376,https://www.facebook.com/vukkarvibes,1397040301789635,Fresh and tasty.,Negative,-0.674,3
cous__.1377,Aditya,prod__.1377,PID0051377,https://www.facebook.com/vukkarvibes,1397040301789636,"Not good, expected better.",Negative,-0.674,3
cous__.1378,Rahul,prod__.1378,PID0051378,https://www.facebook.com/vukkarvibes,1397040301789637,Average experience.,Neutral,0.0,3
cous__.1379,Amit,prod__.1379,PID0051379,https://www.facebook.com/vukkarvibes,1397040301789638,Highly recommended!,Positive,0.885,4
cous__.1380,Suman,prod__.1380,PID0051380,https://www.facebook.com/vukkarvibes,1397040301789639,Very delicious!,Negative,-0.674,5
cous__.1381,Mira,prod__.1381,PID0051381,https://www.facebook.com/vukkarvibes,1397040301789640,Worth the price.,Neutral,0.0,1
cous__.1382,Kunal,prod__.1382,PID0051382,https://www.facebook.com/vukkarvibes,1397040301789641,Highly recommended!,Neutral,0.0,1
cous__.1383,Pooja,prod__.1383,PID0051383,https://www.facebook.com/vukkarvibes,1397040301789642,Bad packaging.,Neutral,0.0,1
cous__.1384,Rohan,prod__.1384,PID0051384,https://www.facebook.com/vukkarvibes,1397040301789643,"Not good, expected better.",Negative,-0.674,4
cous__.1385,Meera,prod__.1385,PID0051385,https://www.facebook.com/vukkarvibes,1397040301789644,Highly recommended!,Neutral,0.0,3
cous__.1386,Sneha,prod__.1386,PID0051386,https://www.facebook.com/vukkarvibes,1397040301789645,"Too spicy, not for me.",Positive,0.885,2
cous__.1387,Aditya,prod__.1387,PID0051387,https://www.facebook.com/vukkarvibes,1397040301789646,Bad packaging.,Negative,-0.674,3
cous__.1388,Amit,prod__.1388,PID0051388,https://www.facebook.com/vukkarvibes,1397040301789647,Loved the taste!,Positive,0.885,4
cous__.1389,Divya,prod__.1389,PID0051389,https://www.facebook.com/vukkarvibes,1397040301789648,Worth the price.,Negative,-0.674,2
cous__.1390,Divya,prod__.1390,PID0051390,https://www.facebook.com/vukkarvibes,1397040301789649,Not satisfied.,Negative,-0.674,5
cous__.1391,Sneha,prod__.1391,PID0051391,https://www.facebook.com/vukkarvibes,1397040301789650,Highly recommended!,Negative,-0.674,3
cous__.1392,Aditya,prod__.1392,PID0051392,https://www.facebook.com/vukkarvibes,1397040301789651,Very delicious!,Positive,0.885,4
cous__.1393,Priya,prod__.1393,PID0051393,https://www.facebook.com/vukkarvibes,1397040301789652,Average experience.,Negative,-0.674,5
cous__.1394,Raju,prod__.1394,PID0051394,https://www.facebook.com/vukkarvibes,1397040301789653,Worth the price.,Negative,-0.674,2
cous__.1395,Aditya,prod__.1395,PID0051395,https://www.facebook.com/vukkarvibes,1397040301789654,Loved the taste!,Neutral,0.0,5
cous__.1396,Kiran,prod__.1396,PID0051396,https://www.facebook.com/vukkarvibes,1397040301789655,"Too spicy, not for me.",Neutral,0.0,5
cous__.1397,Rohan,prod__.1397,PID0051397,https://www.facebook.com/vukkarvibes,1397040301789656,Average experience.,Negative,-0.674,1
cous__.1398,Swati,prod__.1398,PID0051398,https://www.facebook.com/vukkarvibes,1397040301789657,Worth the price.,Negative,-0.674,2
cous__.1399,Rahul,prod__.1399,PID0051399,https://www.facebook.com/vukkarvibes,1397040301789658,Bad packaging.,Neutral,0.0,4
cous__.1400,Swati,prod__.1400,PID0051400,https://www.facebook.com/vukkarvibes,1397040301789659,Not satisfied.,Neutral,0.0,1
cous__.1401,Swati,prod__.1401,PID0051401,https://www.facebook.com/vukkarvibes,1397040301789660,"Too spicy, not for me.",Neutral,0.0,4
cous__.1402,Priya,prod__.1402,PID0051402,https://www.facebook.com/vukkarvibes,1397040301789661,"Not good, expected better.",Neutral,0.0,4
cous__.1403,Mira,prod__.1403,PID0051403,https://www.facebook.com/vukkarvibes,1397040301789662,Highly recommended!,Positive,0.885,1
cous__.1404,Arjun,prod__.1404,PID0051404,https://www.facebook.com/vukkarvibes,1397040301789663,Loved the taste!,Negative,-0.674,1
cous__.1405,Swati,prod__.1405,PID0051405,https://www.facebook.com/vukkarvibes,1397040301789664,Not satisfied.,Neutral,0.0,3
cous__.1406,Rahul,prod__.1406,PID0051406,https://www.facebook.com/vukkarvibes,1397040301789665,Not satisfied.,Negative,-0.674,5
cous__.1407,Meera,prod__.1407,PID0051407,https://www.facebook.com/vukkarvibes,1397040301789666,Highly recommended!,Positive,0.885,4
cous__.1408,Raju,prod__.1408,PID0051408,https://www.facebook.com/vukkarvibes,1397040301789667,Average experience.,Neutral,0.0,1
cous__.1409,Raju,prod__.1409,PID0051409,https://www.facebook.com/vukkarvibes,1397040301789668,"Not good, expected better.",Neutral,0.0,3
cous__.1410,Aditya,prod__.1410,PID0051410,https://www.facebook.com/vukkarvibes,1397040301789669,"Too spicy, not for me.",Positive,0.885,1
cous__.1411,Sneha,prod__.1411,PID0051411,https://www.facebook.com/vukkarvibes,1397040301789670,Very delicious!,Negative,-0.674,2
cous__.1412,Kunal,prod__.1412,PID0051412,https://www.facebook.com/vukkarvibes,1397040301789671,"Not good, expected better.",Negative,-0.674,1
cous__.1413,Meera,prod__.1413,PID0051413,https://www.facebook.com/vukkarvibes,1397040301789672,Highly recommended!,Negative,-0.674,5
cous__.1414,Pooja,prod__.1414,PID0051414,https://www.facebook.com/vukkarvibes,1397040301789673,Fresh and tasty.,Positive,0.885,4
cous__.1415,Pooja,prod__.1415,PID0051415,https://www.facebook.com/vukkarvibes,1397040301789674,Bad packaging.,Negative,-0.674,5
cous__.1416,Priya,prod__.1416,PID0051416,https://www.facebook.com/vukkarvibes,1397040301789675,Highly recommended!,Positive,0.885,5
cous__.1417,Swati,prod__.1417,PID0051417,https://www.facebook.com/vukkarvibes,1397040301789676,Worth the price.,Positive,0.885,4
cous__.1418,Sita,prod__.1418,PID0051418,https://www.facebook.com/vukkarvibes,1397040301789677,Very delicious!,Neutral,0.0,5
cous__.1419,Amit,prod__.1419,PID0051419,https://www.facebook.com/vukkarvibes,1397040301789678,Average experience.,Neutral,0.0,1
cous__.1420,Sneha,prod__.1420,PID0051420,https://www.facebook.com/vukkarvibes,1397040301789679,Fresh and tasty.,Negative,-0.674,1
cous__.1421,Rahul,prod__.1421,PID0051421,https://www.facebook.com/vukkarvibes,1397040301789680,Highly recommended!,Negative,-0.674,2
cous__.1422,Divya,prod__.1422,PID0051422,https://www.facebook.com/vukkarvibes,1397040301789681,"Too spicy, not for me.",Neutral,0.0,5
cous__.1423,Aditya,prod__.1423,PID0051423,https://www.facebook.com/vukkarvibes,1397040301789682,Highly recommended!,Positive,0.885,1
cous__.1424,Aditya,prod__.1424,PID0051424,https://www.facebook.com/vukkarvibes,1397040301789683,Not satisfied.,Neutral,0.0,3
cous__.1425,Varun,prod__.1425,PID0051425,https://www.facebook.com/vukkarvibes,1397040301789684,Not satisfied.,Negative,-0.674,1
cous__.1426,Sita,prod__.1426,PID0051426,https://www.facebook.com/vukkarvibes,1397040301789685,"Not good, expected better.",Neutral,0.0,4
cous__.1427,Sneha,prod__.1427,PID0051427,https://www.facebook.com/vukkarvibes,1397040301789686,Bad packaging.,Positive,0.885,1
cous__.1428,Sneha,prod__.1428,PID0051428,https://www.facebook.com/vukkarvibes,1397040301789687,"Not good, expected better.",Negative,-0.674,1
cous__.1429,Varun,prod__.1429,PID0051429,https://www.facebook.com/vukkarvibes,1397040301789688,Bad packaging.,Negative,-0.674,4
cous__.1430,Amit,prod__.1430,PID0051430,https://www.facebook.com/vukkarvibes,1397040301789689,"Not good, expected better.",Neutral,0.0,2
cous__.1431,Priya,prod__.1431,PID0051431,https://www.facebook.com/vukkarvibes,1397040301789690,Not satisfied.,Positive,0.885,5
cous__.1432,Kunal,prod__.1432,PID0051432,https://www.facebook.com/vukkarvibes,1397040301789691,Bad packaging.,Neutral,0.0,5
cous__.1433,Amit,prod__.1433,PID0051433,https://www.facebook.com/vukkarvibes,1397040301789692,Highly recommended!,Neutral,0.0,3
cous__.1434,Arjun,prod__.1434,PID0051434,https://www.facebook.com/vukkarvibes,1397040301789693,Bad packaging.,Positive,0.885,1
cous__.1435,Swati,prod__.1435,PID0051435,https://www.facebook.com/vukkarvibes,1397040301789694,Very delicious!,Negative,-0.674,1
cous__.1436,Raju,prod__.1436,PID0051436,https://www.facebook.com/vukkarvibes,1397040301789695,"Not good, expected better.",Neutral,0.0,1
cous__.1437,Priya,prod__.1437,PID0051437,https://www.facebook.com/vukkarvibes,1397040301789696,Highly recommended!,Positive,0.885,1
cous__.1438,Kunal,prod__.1438,PID0051438,https://www.facebook.com/vukkarvibes,1397040301789697,Not satisfied.,Positive,0.885,2
cous__.1439,Meera,prod__.1439,PID0051439,https://www.facebook.com/vukkarvibes,1397040301789698,"Not good, expected better.",Neutral,0.0,3
cous__.1440,Suman,prod__.1440,PID0051440,https://www.facebook.com/vukkarvibes,1397040301789699,"Not good, expected better.",Positive,0.885,3
cous__.1441,Mira,prod__.1441,PID0051441,https://www.facebook.com/vukkarvibes,1397040301789700,Loved the taste!,Negative,-0.674,5
cous__.1442,Arjun,prod__.1442,PID0051442,https://www.facebook.com/vukkarvibes,1397040301789701,Fresh and tasty.,Neutral,0.0,4
cous__.1443,Sneha,prod__.1443,PID0051443,https://www.facebook.com/vukkarvibes,1397040301789702,"Too spicy, not for me.",Positive,0.885,2
cous__.1444,Sita,prod__.1444,PID0051444,https://www.facebook.com/vukkarvibes,1397040301789703,Average experience.,Positive,0.885,5
cous__.1445,Kunal,prod__.1445,PID0051445,https://www.facebook.com/vukkarvibes,1397040301789704,Very delicious!,Neutral,0.0,2
cous__.1446,Rahul,prod__.1446,PID0051446,https://www.facebook.com/vukkarvibes,1397040301789705,Average experience.,Negative,-0.674,5
cous__.1447,Kunal,prod__.1447,PID0051447,https://www.facebook.com/vukkarvibes,1397040301789706,Average experience.,Positive,0.885,1
cous__.1448,Kiran,prod__.1448,PID0051448,https://www.facebook.com/vukkarvibes,1397040301789707,Very delicious!,Positive,0.885,5
cous__.1449,Sneha,prod__.1449,PID0051449,https://www.facebook.com/vukkarvibes,1397040301789708,Bad packaging.,Positive,0.885,2
cous__.1450,Amit,prod__.1450,PID0051450,https://www.facebook.com/vukkarvibes,1397040301789709,Average experience.,Negative,-0.674,5
cous__.1451,Kunal,prod__.1451,PID0051451,https://www.facebook.com/vukkarvibes,1397040301789710,"Too spicy, not for me.",Negative,-0.674,3
cous__.1452,Suman,prod__.1452,PID0051452,https://www.facebook.com/vukkarvibes,1397040301789711,"Too spicy, not for me.",Neutral,0.0,1
cous__.1453,Amit,prod__.1453,PID0051453,https://www.facebook.com/vukkarvibes,1397040301789712,"Too spicy, not for me.",Positive,0.885,1
cous__.1454,Swati,prod__.1454,PID0051454,https://www.facebook.com/vukkarvibes,1397040301789713,Fresh and tasty.,Negative,-0.674,5
cous__.1455,Amit,prod__.1455,PID0051455,https://www.facebook.com/vukkarvibes,1397040301789714,"Not good, expected better.",Neutral,0.0,3
cous__.1456,Pooja,prod__.1456,PID0051456,https://www.facebook.com/vukkarvibes,1397040301789715,Very delicious!,Neutral,0.0,1
cous__.1457,Priya,prod__.1457,PID0051457,https://www.facebook.com/vukkarvibes,1397040301789716,"Not good, expected better.",Neutral,0.0,5
cous__.1458,Divya,prod__.1458,PID0051458,https://www.facebook.com/vukkarvibes,1397040301789717,Very delicious!,Neutral,0.0,3
cous__.1459,Meera,prod__.1459,PID0051459,https://www.facebook.com/vukkarvibes,1397040301789718,Average experience.,Negative,-0.674,2
cous__.1460,Pooja,prod__.1460,PID0051460,https://www.facebook.com/vukkarvibes,1397040301789719,Bad packaging.,Positive,0.885,1
cous__.1461,Arjun,prod__.1461,PID0051461,https://www.facebook.com/vukkarvibes,1397040301789720,"Too spicy, not for me.",Negative,-0.674,4
cous__.1462,Sneha,prod__.1462,PID0051462,https://www.facebook.com/vukkarvibes,1397040301789721,Loved the taste!,Negative,-0.674,5
cous__.1463,Amit,prod__.1463,PID0051463,https://www.facebook.com/vukkarvibes,1397040301789722,"Too spicy, not for me.",Positive,0.885,5
cous__.1464,Swati,prod__.1464,PID0051464,https://www.facebook.com/vukkarvibes,1397040301789723,Worth the price.,Positive,0.885,1
cous__.1465,Rahul,prod__.1465,PID0051465,https://www.facebook.com/vukkarvibes,1397040301789724,Average experience.,Positive,0.885,2
cous__.1466,Varun,prod__.1466,PID0051466,https://www.facebook.com/vukkarvibes,1397040301789725,Average experience.,Negative,-0.674,5
cous__.1467,Arjun,prod__.1467,PID0051467,https://www.facebook.com/vukkarvibes,1397040301789726,Highly recommended!,Positive,0.885,4
cous__.1468,Meera,prod__.1468,PID0051468,https://www.facebook.com/vukkarvibes,1397040301789727,Not satisfied.,Positive,0.885,5
cous__.1469,Aditya,prod__.1469,PID0051469,https://www.facebook.com/vukkarvibes,1397040301789728,Not satisfied.,Neutral,0.0,4
cous__.1470,Rahul,prod__.1470,PID0051470,https://www.facebook.com/vukkarvibes,1397040301789729,Not satisfied.,Positive,0.885,1
cous__.1471,Mira,prod__.1471,PID0051471,https://www.facebook.com/vukkarvibes,1397040301789730,"Not good, expected better.",Negative,-0.674,3
cous__.1472,Pooja,prod__.1472,PID0051472,https://www.facebook.com/vukkarvibes,1397040301789731,Not satisfied.,Neutral,0.0,4
cous__.1473,Raju,prod__.1473,PID0051473,https://www.facebook.com/vukkarvibes,1397040301789732,Loved the taste!,Negative,-0.674,1
cous__.1474,Varun,prod__.1474,PID0051474,https://www.facebook.com/vukkarvibes,1397040301789733,Loved the taste!,Positive,0.885,1
cous__.1475,Varun,prod__.1475,PID0051475,https://www.facebook.com/vukkarvibes,1397040301789734,"Too spicy, not for me.",Positive,0.885,5
cous__.1476,Raju,prod__.1476,PID0051476,https://www.facebook.com/vukkarvibes,1397040301789735,Very delicious!,Neutral,0.0,1
cous__.1477,Kunal,prod__.1477,PID0051477,https://www.facebook.com/vukkarvibes,1397040301789736,Bad packaging.,Neutral,0.0,5
cous__.1478,Varun,prod__.1478,PID0051478,https://www.facebook.com/vukkarvibes,1397040301789737,Not satisfied.,Negative,-0.674,2
cous__.1479,Kunal,prod__.1479,PID0051479,https://www.facebook.com/vukkarvibes,1397040301789738,Average experience.,Negative,-0.674,2
cous__.1480,Sita,prod__.1480,PID0051480,https://www.facebook.com/vukkarvibes,1397040301789739,Worth the price.,Negative,-0.674,2
cous__.1481,Rohan,prod__.1481,PID0051481,https://www.facebook.com/vukkarvibes,1397040301789740,"Too spicy, not for me.",Positive,0.885,5
cous__.1482,Aditya,prod__.1482,PID0051482,https://www.facebook.com/vukkarvibes,1397040301789741,"Not good, expected better.",Positive,0.885,1
cous__.1483,Varun,prod__.1483,PID0051483,https://www.facebook.com/vukkarvibes,1397040301789742,Average experience.,Negative,-0.674,5
cous__.1484,Pooja,prod__.1484,PID0051484,https://www.facebook.com/vukkarvibes,1397040301789743,Fresh and tasty.,Positive,0.885,3
cous__.1485,Sneha,prod__.1485,PID0051485,https://www.facebook.com/vukkarvibes,1397040301789744,Fresh and tasty.,Positive,0.885,2
cous__.1486,Raju,prod__.1486,PID0051486,https://www.facebook.com/vukkarvibes,1397040301789745,Average experience.,Neutral,0.0,5
cous__.1487,Pooja,prod__.1487,PID0051487,https://www.facebook.com/vukkarvibes,1397040301789746,Average experience.,Negative,-0.674,3
cous__.1488,Aditya,prod__.1488,PID0051488,https://www.facebook.com/vukkarvibes,1397040301789747,Bad packaging.,Positive,0.885,2
cous__.1489,Kiran,prod__.1489,PID0051489,https://www.facebook.com/vukkarvibes,1397040301789748,Fresh and tasty.,Negative,-0.674,1
cous__.1490,Sita,prod__.1490,PID0051490,https://www.facebook.com/vukkarvibes,1397040301789749,Worth the price.,Neutral,0.0,1
cous__.1491,Pooja,prod__.1491,PID0051491,https://www.facebook.com/vukkarvibes,1397040301789750,Not satisfied.,Positive,0.885,5
cous__.1492,Sita,prod__.1492,PID0051492,https://www.facebook.com/vukkarvibes,1397040301789751,Loved the taste!,Positive,0.885,5
cous__.1493,Rahul,prod__.1493,PID0051493,https://www.facebook.com/vukkarvibes,1397040301789752,Not satisfied.,Positive,0.885,3
cous__.1494,Raju,prod__.1494,PID0051494,https://www.facebook.com/vukkarvibes,1397040301789753,Average experience.,Negative,-0.674,1
cous__.1495,Meera,prod__.1495,PID0051495,https://www.facebook.com/vukkarvibes,1397040301789754,Not satisfied.,Neutral,0.0,3
cous__.1496,Aditya,prod__.1496,PID0051496,https://www.facebook.com/vukkarvibes,1397040301789755,Highly recommended!,Negative,-0.674,5
cous__.1497,Mira,prod__.1497,PID0051497,https://www.facebook.com/vukkarvibes,1397040301789756,Highly recommended!,Negative,-0.674,2
cous__.1498,Pooja,prod__.1498,PID0051498,https://www.facebook.com/vukkarvibes,1397040301789757,Bad packaging.,Negative,-0.674,5
cous__.1499,Pooja,prod__.1499,PID0051499,https://www.facebook.com/vukkarvibes,1397040301789758,Fresh and tasty.,Positive,0.885,2
cous__.1500,Mira,prod__.1500,PID0051500,https://www.facebook.com/vukkarvibes,1397040301789759,Not satisfied.,Negative,-0.674,2
cous__.1501,Swati,prod__.1501,PID0051501,https://www.facebook.com/vukkarvibes,1397040301789760,Bad packaging.,Neutral,0.0,1
cous__.1502,Sita,prod__.1502,PID0051502,https://www.facebook.com/vukkarvibes,1397040301789761,Loved the taste!,Negative,-0.674,5
cous__.1503,Priya,prod__.1503,PID0051503,https://www.facebook.com/vukkarvibes,1397040301789762,Highly recommended!,Negative,-0.674,5
cous__.1504,Meera,prod__.1504,PID0051504,https://www.facebook.com/vukkarvibes,1397040301789763,Highly recommended!,Neutral,0.0,1
cous__.1505,Sita,prod__.1505,PID0051505,https://www.facebook.com/vukkarvibes,1397040301789764,"Not good, expected better.",Negative,-0.674,2
cous__.1506,Meera,prod__.1506,PID0051506,https://www.facebook.com/vukkarvibes,1397040301789765,"Too spicy, not for me.",Neutral,0.0,3
cous__.1507,Meera,prod__.1507,PID0051507,https://www.facebook.com/vukkarvibes,1397040301789766,Worth the price.,Neutral,0.0,4
cous__.1508,Pooja,prod__.1508,PID0051508,https://www.facebook.com/vukkarvibes,1397040301789767,Worth the price.,Positive,0.885,4
cous__.1509,Raju,prod__.1509,PID0051509,https://www.facebook.com/vukkarvibes,1397040301789768,Average experience.,Neutral,0.0,1
cous__.1510,Swati,prod__.1510,PID0051510,https://www.facebook.com/vukkarvibes,1397040301789769,"Not good, expected better.",Positive,0.885,3
cous__.1511,Amit,prod__.1511,PID0051511,https://www.facebook.com/vukkarvibes,1397040301789770,"Too spicy, not for me.",Neutral,0.0,5
cous__.1512,Aditya,prod__.1512,PID0051512,https://www.facebook.com/vukkarvibes,1397040301789771,Highly recommended!,Positive,0.885,3
cous__.1513,Priya,prod__.1513,PID0051513,https://www.facebook.com/vukkarvibes,1397040301789772,"Too spicy, not for me.",Negative,-0.674,4
cous__.1514,Kunal,prod__.1514,PID0051514,https://www.facebook.com/vukkarvibes,1397040301789773,Very delicious!,Positive,0.885,3
cous__.1515,Rahul,prod__.1515,PID0051515,https://www.facebook.com/vukkarvibes,1397040301789774,"Too spicy, not for me.",Negative,-0.674,2
cous__.1516,Suman,prod__.1516,PID0051516,https://www.facebook.com/vukkarvibes,1397040301789775,Loved the taste!,Positive,0.885,5
cous__.1517,Mira,prod__.1517,PID0051517,https://www.facebook.com/vukkarvibes,1397040301789776,Not satisfied.,Positive,0.885,4
cous__.1518,Aditya,prod__.1518,PID0051518,https://www.facebook.com/vukkarvibes,1397040301789777,"Not good, expected better.",Positive,0.885,4
cous__.1519,Aditya,prod__.1519,PID0051519,https://www.facebook.com/vukkarvibes,1397040301789778,Not satisfied.,Negative,-0.674,2
cous__.1520,Sneha,prod__.1520,PID0051520,https://www.facebook.com/vukkarvibes,1397040301789779,Bad packaging.,Positive,0.885,4
cous__.1521,Swati,prod__.1521,PID0051521,https://www.facebook.com/vukkarvibes,1397040301789780,Very delicious!,Negative,-0.674,5
cous__.1522,Priya,prod__.1522,PID0051522,https://www.facebook.com/vukkarvibes,1397040301789781,Very delicious!,Negative,-0.674,2
cous__.1523,Varun,prod__.1523,PID0051523,https://www.facebook.com/vukkarvibes,1397040301789782,Highly recommended!,Neutral,0.0,3
cous__.1524,Kiran,prod__.1524,PID0051524,https://www.facebook.com/vukkarvibes,1397040301789783,Bad packaging.,Positive,0.885,2
cous__.1525,Rohan,prod__.1525,PID0051525,https://www.facebook.com/vukkarvibes,1397040301789784,Loved the taste!,Positive,0.885,4
cous__.1526,Swati,prod__.1526,PID0051526,https://www.facebook.com/vukkarvibes,1397040301789785,Average experience.,Neutral,0.0,3
cous__.1527,Rohan,prod__.1527,PID0051527,https://www.facebook.com/vukkarvibes,1397040301789786,Bad packaging.,Positive,0.885,1
cous__.1528,Rahul,prod__.1528,PID0051528,https://www.facebook.com/vukkarvibes,1397040301789787,"Not good, expected better.",Neutral,0.0,1
cous__.1529,Meera,prod__.1529,PID0051529,https://www.facebook.com/vukkarvibes,1397040301789788,Average experience.,Negative,-0.674,3
cous__.1530,Amit,prod__.1530,PID0051530,https://www.facebook.com/vukkarvibes,1397040301789789,"Not good, expected better.",Neutral,0.0,4
cous__.1531,Pooja,prod__.1531,PID0051531,https://www.facebook.com/vukkarvibes,1397040301789790,Loved the taste!,Positive,0.885,5
cous__.1532,Priya,prod__.1532,PID0051532,https://www.facebook.com/vukkarvibes,1397040301789791,Loved the taste!,Positive,0.885,5
cous__.1533,Mira,prod__.1533,PID0051533,https://www.facebook.com/vukkarvibes,1397040301789792,Fresh and tasty.,Positive,0.885,2
cous__.1534,Pooja,prod__.1534,PID0051534,https://www.facebook.com/vukkarvibes,1397040301789793,"Too spicy, not for me.",Positive,0.885,4
cous__.1535,Mira,prod__.1535,PID0051535,https://www.facebook.com/vukkarvibes,1397040301789794,Not satisfied.,Neutral,0.0,5
cous__.1536,Pooja,prod__.1536,PID0051536,https://www.facebook.com/vukkarvibes,1397040301789795,Highly recommended!,Neutral,0.0,4
cous__.1537,Rohan,prod__.1537,PID0051537,https://www.facebook.com/vukkarvibes,1397040301789796,Fresh and tasty.,Neutral,0.0,4
cous__.1538,Suman,prod__.1538,PID0051538,https://www.facebook.com/vukkarvibes,1397040301789797,"Too spicy, not for me.",Neutral,0.0,3
cous__.1539,Kunal,prod__.1539,PID0051539,https://www.facebook.com/vukkarvibes,1397040301789798,Worth the price.,Neutral,0.0,4
cous__.1540,Arjun,prod__.1540,PID0051540,https://www.facebook.com/vukkarvibes,1397040301789799,Fresh and tasty.,Positive,0.885,2
cous__.1541,Amit,prod__.1541,PID0051541,https://www.facebook.com/vukkarvibes,1397040301789800,Not satisfied.,Positive,0.885,4
cous__.1542,Swati,prod__.1542,PID0051542,https://www.facebook.com/vukkarvibes,1397040301789801,Bad packaging.,Positive,0.885,2
cous__.1543,Rahul,prod__.1543,PID0051543,https://www.facebook.com/vukkarvibes,1397040301789802,"Too spicy, not for me.",Positive,0.885,1
cous__.1544,Arjun,prod__.1544,PID0051544,https://www.facebook.com/vukkarvibes,1397040301789803,"Too spicy, not for me.",Negative,-0.674,1
cous__.1545,Sneha,prod__.1545,PID0051545,https://www.facebook.com/vukkarvibes,1397040301789804,Average experience.,Negative,-0.674,3
cous__.1546,Rahul,prod__.1546,PID0051546,https://www.facebook.com/vukkarvibes,1397040301789805,"Too spicy, not for me.",Neutral,0.0,2
cous__.1547,Amit,prod__.1547,PID0051547,https://www.facebook.com/vukkarvibes,1397040301789806,Loved the taste!,Negative,-0.674,2
cous__.1548,Kiran,prod__.1548,PID0051548,https://www.facebook.com/vukkarvibes,1397040301789807,Very delicious!,Neutral,0.0,3
cous__.1549,Pooja,prod__.1549,PID0051549,https://www.facebook.com/vukkarvibes,1397040301789808,Highly recommended!,Positive,0.885,3
cous__.1550,Varun,prod__.1550,PID0051550,https://www.facebook.com/vukkarvibes,1397040301789809,"Too spicy, not for me.",Neutral,0.0,5
cous__.1551,Kunal,prod__.1551,PID0051551,https://www.facebook.com/vukkarvibes,1397040301789810,Loved the taste!,Neutral,0.0,4
cous__.1552,Rohan,prod__.1552,PID0051552,https://www.facebook.com/vukkarvibes,1397040301789811,Worth the price.,Neutral,0.0,1
cous__.1553,Kiran,prod__.1553,PID0051553,https://www.facebook.com/vukkarvibes,1397040301789812,Very delicious!,Negative,-0.674,5
cous__.1554,Rohan,prod__.1554,PID0051554,https://www.facebook.com/vukkarvibes,1397040301789813,"Not good, expected better.",Neutral,0.0,5
cous__.1555,Sneha,prod__.1555,PID0051555,https://www.facebook.com/vukkarvibes,1397040301789814,Highly recommended!,Positive,0.885,5
cous__.1556,Arjun,prod__.1556,PID0051556,https://www.facebook.com/vukkarvibes,1397040301789815,Bad packaging.,Positive,0.885,5
cous__.1557,Mira,prod__.1557,PID0051557,https://www.facebook.com/vukkarvibes,1397040301789816,Not satisfied.,Negative,-0.674,4
cous__.1558,Arjun,prod__.1558,PID0051558,https://www.facebook.com/vukkarvibes,1397040301789817,Highly recommended!,Negative,-0.674,4
cous__.1559,Aditya,prod__.1559,PID0051559,https://www.facebook.com/vukkarvibes,1397040301789818,Very delicious!,Positive,0.885,5
cous__.1560,Arjun,prod__.1560,PID0051560,https://www.facebook.com/vukkarvibes,1397040301789819,Average experience.,Positive,0.885,2
cous__.1561,Suman,prod__.1561,PID0051561,https://www.facebook.com/vukkarvibes,1397040301789820,Very delicious!,Negative,-0.674,3
cous__.1562,Mira,prod__.1562,PID0051562,https://www.facebook.com/vukkarvibes,1397040301789821,Loved the taste!,Negative,-0.674,4
cous__.1563,Rohan,prod__.1563,PID0051563,https://www.facebook.com/vukkarvibes,1397040301789822,Average experience.,Neutral,0.0,5
cous__.1564,Rahul,prod__.1564,PID0051564,https://www.facebook.com/vukkarvibes,1397040301789823,Fresh and tasty.,Negative,-0.674,4
cous__.1565,Sita,prod__.1565,PID0051565,https://www.facebook.com/vukkarvibes,1397040301789824,"Too spicy, not for me.",Negative,-0.674,5
cous__.1566,Pooja,prod__.1566,PID0051566,https://www.facebook.com/vukkarvibes,1397040301789825,"Not good, expected better.",Neutral,0.0,1
cous__.1567,Sita,prod__.1567,PID0051567,https://www.facebook.com/vukkarvibes,1397040301789826,Average experience.,Positive,0.885,5
cous__.1568,Rahul,prod__.1568,PID0051568,https://www.facebook.com/vukkarvibes,1397040301789827,"Not good, expected better.",Neutral,0.0,1
cous__.1569,Varun,prod__.1569,PID0051569,https://www.facebook.com/vukkarvibes,1397040301789828,Bad packaging.,Negative,-0.674,5
cous__.1570,Arjun,prod__.1570,PID0051570,https://www.facebook.com/vukkarvibes,1397040301789829,Average experience.,Positive,0.885,4
cous__.1571,Kunal,prod__.1571,PID0051571,https://www.facebook.com/vukkarvibes,1397040301789830,Worth the price.,Positive,0.885,5
cous__.1572,Sneha,prod__.1572,PID0051572,https://www.facebook.com/vukkarvibes,1397040301789831,Not satisfied.,Negative,-0.674,5
cous__.1573,Pooja,prod__.1573,PID0051573,https://www.facebook.com/vukkarvibes,1397040301789832,"Too spicy, not for me.",Neutral,0.0,1
cous__.1574,Varun,prod__.1574,PID0051574,https://www.facebook.com/vukkarvibes,1397040301789833,Highly recommended!,Negative,-0.674,4
cous__.1575,Swati,prod__.1575,PID0051575,https://www.facebook.com/vukkarvibes,1397040301789834,Average experience.,Positive,0.885,3
cous__.1576,Pooja,prod__.1576,PID0051576,https://www.facebook.com/vukkarvibes,1397040301789835,Worth the price.,Negative,-0.674,3
cous__.1577,Kiran,prod__.1577,PID0051577,https://www.facebook.com/vukkarvibes,1397040301789836,Worth the price.,Neutral,0.0,4
cous__.1578,Arjun,prod__.1578,PID0051578,https://www.facebook.com/vukkarvibes,1397040301789837,Very delicious!,Negative,-0.674,3
cous__.1579,Divya,prod__.1579,PID0051579,https://www.facebook.com/vukkarvibes,1397040301789838,"Too spicy, not for me.",Neutral,0.0,1
cous__.1580,Rahul,prod__.1580,PID0051580,https://www.facebook.com/vukkarvibes,1397040301789839,Not satisfied.,Positive,0.885,4
cous__.1581,Rohan,prod__.1581,PID0051581,https://www.facebook.com/vukkarvibes,1397040301789840,Loved the taste!,Neutral,0.0,3
cous__.1582,Priya,prod__.1582,PID0051582,https://www.facebook.com/vukkarvibes,1397040301789841,Bad packaging.,Negative,-0.674,5
cous__.1583,Sita,prod__.1583,PID0051583,https://www.facebook.com/vukkarvibes,1397040301789842,Not satisfied.,Negative,-0.674,2
cous__.1584,Priya,prod__.1584,PID0051584,https://www.facebook.com/vukkarvibes,1397040301789843,"Not good, expected better.",Neutral,0.0,5
cous__.1585,Kiran,prod__.1585,PID0051585,https://www.facebook.com/vukkarvibes,1397040301789844,Very delicious!,Positive,0.885,2
cous__.1586,Sneha,prod__.1586,PID0051586,https://www.facebook.com/vukkarvibes,1397040301789845,Not satisfied.,Neutral,0.0,5
cous__.1587,Varun,prod__.1587,PID0051587,https://www.facebook.com/vukkarvibes,1397040301789846,Highly recommended!,Negative,-0.674,3
cous__.1588,Pooja,prod__.1588,PID0051588,https://www.facebook.com/vukkarvibes,1397040301789847,Worth the price.,Neutral,0.0,1
cous__.1589,Suman,prod__.1589,PID0051589,https://www.facebook.com/vukkarvibes,1397040301789848,"Too spicy, not for me.",Negative,-0.674,1
cous__.1590,Sneha,prod__.1590,PID0051590,https://www.facebook.com/vukkarvibes,1397040301789849,Very delicious!,Positive,0.885,3
cous__.1591,Rahul,prod__.1591,PID0051591,https://www.facebook.com/vukkarvibes,1397040301789850,Not satisfied.,Negative,-0.674,2
cous__.1592,Swati,prod__.1592,PID0051592,https://www.facebook.com/vukkarvibes,1397040301789851,Not satisfied.,Positive,0.885,3
cous__.1593,Priya,prod__.1593,PID0051593,https://www.facebook.com/vukkarvibes,1397040301789852,"Not good, expected better.",Positive,0.885,3
cous__.1594,Rohan,prod__.1594,PID0051594,https://www.facebook.com/vukkarvibes,1397040301789853,Average experience.,Neutral,0.0,3
cous__.1595,Varun,prod__.1595,PID0051595,https://www.facebook.com/vukkarvibes,1397040301789854,Not satisfied.,Positive,0.885,5
cous__.1596,Rohan,prod__.1596,PID0051596,https://www.facebook.com/vukkarvibes,1397040301789855,Average experience.,Neutral,0.0,4
cous__.1597,Amit,prod__.1597,PID0051597,https://www.facebook.com/vukkarvibes,1397040301789856,Not satisfied.,Neutral,0.0,4
cous__.1598,Sneha,prod__.1598,PID0051598,https://www.facebook.com/vukkarvibes,1397040301789857,Fresh and tasty.,Neutral,0.0,3
cous__.1599,Rahul,prod__.1599,PID0051599,https://www.facebook.com/vukkarvibes,1397040301789858,Fresh and tasty.,Positive,0.885,4
cous__.1600,Kiran,prod__.1600,PID0051600,https://www.facebook.com/vukkarvibes,1397040301789859,Loved the taste!,Negative,-0.674,5
cous__.1601,Divya,prod__.1601,PID0051601,https://www.facebook.com/vukkarvibes,1397040301789860,Bad packaging.,Positive,0.885,3
cous__.1602,Arjun,prod__.1602,PID0051602,https://www.facebook.com/vukkarvibes,1397040301789861,Highly recommended!,Positive,0.885,3
cous__.1603,Amit,prod__.1603,PID0051603,https://www.facebook.com/vukkarvibes,1397040301789862,Highly recommended!,Neutral,0.0,4
cous__.1604,Meera,prod__.1604,PID0051604,https://www.facebook.com/vukkarvibes,1397040301789863,"Too spicy, not for me.",Neutral,0.0,3
cous__.1605,Suman,prod__.1605,PID0051605,https://www.facebook.com/vukkarvibes,1397040301789864,Not satisfied.,Negative,-0.674,4
cous__.1606,Suman,prod__.1606,PID0051606,https://www.facebook.com/vukkarvibes,1397040301789865,Bad packaging.,Positive,0.885,3
cous__.1607,Swati,prod__.1607,PID0051607,https://www.facebook.com/vukkarvibes,1397040301789866,Fresh and tasty.,Negative,-0.674,1
cous__.1608,Swati,prod__.1608,PID0051608,https://www.facebook.com/vukkarvibes,1397040301789867,"Not good, expected better.",Neutral,0.0,5
cous__.1609,Arjun,prod__.1609,PID0051609,https://www.facebook.com/vukkarvibes,1397040301789868,Loved the taste!,Neutral,0.0,2
cous__.1610,Sneha,prod__.1610,PID0051610,https://www.facebook.com/vukkarvibes,1397040301789869,"Not good, expected better.",Negative,-0.674,3
cous__.1611,Mira,prod__.1611,PID0051611,https://www.facebook.com/vukkarvibes,1397040301789870,"Not good, expected better.",Negative,-0.674,1
cous__.1612,Suman,prod__.1612,PID0051612,https://www.facebook.com/vukkarvibes,1397040301789871,Fresh and tasty.,Neutral,0.0,4
cous__.1613,Swati,prod__.1613,PID0051613,https://www.facebook.com/vukkarvibes,1397040301789872,Average experience.,Positive,0.885,5
cous__.1614,Varun,prod__.1614,PID0051614,https://www.facebook.com/vukkarvibes,1397040301789873,Fresh and tasty.,Negative,-0.674,4
cous__.1615,Sneha,prod__.1615,PID0051615,https://www.facebook.com/vukkarvibes,1397040301789874,Fresh and tasty.,Positive,0.885,3
cous__.1616,Aditya,prod__.1616,PID0051616,https://www.facebook.com/vukkarvibes,1397040301789875,Fresh and tasty.,Positive,0.885,4
cous__.1617,Kunal,prod__.1617,PID0051617,https://www.facebook.com/vukkarvibes,1397040301789876,"Too spicy, not for me.",Neutral,0.0,3
cous__.1618,Kiran,prod__.1618,PID0051618,https://www.facebook.com/vukkarvibes,1397040301789877,Highly recommended!,Negative,-0.674,4
cous__.1619,Swati,prod__.1619,PID0051619,https://www.facebook.com/vukkarvibes,1397040301789878,Bad packaging.,Neutral,0.0,5
cous__.1620,Kiran,prod__.1620,PID0051620,https://www.facebook.com/vukkarvibes,1397040301789879,Highly recommended!,Neutral,0.0,3
cous__.1621,Swati,prod__.1621,PID0051621,https://www.facebook.com/vukkarvibes,1397040301789880,Very delicious!,Negative,-0.674,4
cous__.1622,Amit,prod__.1622,PID0051622,https://www.facebook.com/vukkarvibes,1397040301789881,"Too spicy, not for me.",Neutral,0.0,3
cous__.1623,Mira,prod__.1623,PID0051623,https://www.facebook.com/vukkarvibes,1397040301789882,"Too spicy, not for me.",Positive,0.885,4
cous__.1624,Mira,prod__.1624,PID0051624,https://www.facebook.com/vukkarvibes,1397040301789883,"Too spicy, not for me.",Positive,0.885,4
cous__.1625,Arjun,prod__.1625,PID0051625,https://www.facebook.com/vukkarvibes,1397040301789884,"Too spicy, not for me.",Neutral,0.0,4
cous__.1626,Rohan,prod__.1626,PID0051626,https://www.facebook.com/vukkarvibes,1397040301789885,Average experience.,Neutral,0.0,5
cous__.1627,Raju,prod__.1627,PID0051627,https://www.facebook.com/vukkarvibes,1397040301789886,Worth the price.,Neutral,0.0,4
cous__.1628,Aditya,prod__.1628,PID0051628,https://www.facebook.com/vukkarvibes,1397040301789887,Very delicious!,Neutral,0.0,1
cous__.1629,Rohan,prod__.1629,PID0051629,https://www.facebook.com/vukkarvibes,1397040301789888,Worth the price.,Positive,0.885,4
cous__.1630,Amit,prod__.1630,PID0051630,https://www.facebook.com/vukkarvibes,1397040301789889,Fresh and tasty.,Neutral,0.0,2
cous__.1631,Swati,prod__.1631,PID0051631,https://www.facebook.com/vukkarvibes,1397040301789890,Bad packaging.,Negative,-0.674,5
cous__.1632,Aditya,prod__.1632,PID0051632,https://www.facebook.com/vukkarvibes,1397040301789891,Bad packaging.,Neutral,0.0,3
cous__.1633,Sita,prod__.1633,PID0051633,https://www.facebook.com/vukkarvibes,1397040301789892,Bad packaging.,Negative,-0.674,5
cous__.1634,Sita,prod__.1634,PID0051634,https://www.facebook.com/vukkarvibes,1397040301789893,Loved the taste!,Negative,-0.674,1
cous__.1635,Priya,prod__.1635,PID0051635,https://www.facebook.com/vukkarvibes,1397040301789894,Bad packaging.,Negative,-0.674,1
cous__.1636,Varun,prod__.1636,PID0051636,https://www.facebook.com/vukkarvibes,1397040301789895,"Not good, expected better.",Negative,-0.674,5
cous__.1637,Divya,prod__.1637,PID0051637,https://www.facebook.com/vukkarvibes,1397040301789896,Bad packaging.,Neutral,0.0,4
cous__.1638,Rahul,prod__.1638,PID0051638,https://www.facebook.com/vukkarvibes,1397040301789897,Very delicious!,Neutral,0.0,2
cous__.1639,Rahul,prod__.1639,PID0051639,https://www.facebook.com/vukkarvibes,1397040301789898,Bad packaging.,Neutral,0.0,4
cous__.1640,Kiran,prod__.1640,PID0051640,https://www.facebook.com/vukkarvibes,1397040301789899,Bad packaging.,Negative,-0.674,5
cous__.1641,Amit,prod__.1641,PID0051641,https://www.facebook.com/vukkarvibes,1397040301789900,Fresh and tasty.,Positive,0.885,2
cous__.1642,Sneha,prod__.1642,PID0051642,https://www.facebook.com/vukkarvibes,1397040301789901,Bad packaging.,Negative,-0.674,4
cous__.1643,Amit,prod__.1643,PID0051643,https://www.facebook.com/vukkarvibes,1397040301789902,Loved the taste!,Negative,-0.674,2
cous__.1644,Arjun,prod__.1644,PID0051644,https://www.facebook.com/vukkarvibes,1397040301789903,Loved the taste!,Positive,0.885,5
cous__.1645,Arjun,prod__.1645,PID0051645,https://www.facebook.com/vukkarvibes,1397040301789904,Not satisfied.,Negative,-0.674,1
cous__.1646,Kiran,prod__.1646,PID0051646,https://www.facebook.com/vukkarvibes,1397040301789905,Average experience.,Neutral,0.0,1
cous__.1647,Pooja,prod__.1647,PID0051647,https://www.facebook.com/vukkarvibes,1397040301789906,Highly recommended!,Positive,0.885,3
cous__.1648,Divya,prod__.1648,PID0051648,https://www.facebook.com/vukkarvibes,1397040301789907,Bad packaging.,Negative,-0.674,3
cous__.1649,Suman,prod__.1649,PID0051649,https://www.facebook.com/vukkarvibes,1397040301789908,Very delicious!,Positive,0.885,2
cous__.1650,Sneha,prod__.1650,PID0051650,https://www.facebook.com/vukkarvibes,1397040301789909,"Not good, expected better.",Neutral,0.0,4
cous__.1651,Varun,prod__.1651,PID0051651,https://www.facebook.com/vukkarvibes,1397040301789910,Worth the price.,Positive,0.885,4
cous__.1652,Sita,prod__.1652,PID0051652,https://www.facebook.com/vukkarvibes,1397040301789911,"Not good, expected better.",Neutral,0.0,5
cous__.1653,Swati,prod__.1653,PID0051653,https://www.facebook.com/vukkarvibes,1397040301789912,Not satisfied.,Negative,-0.674,5
cous__.1654,Varun,prod__.1654,PID0051654,https://www.facebook.com/vukkarvibes,1397040301789913,"Not good, expected better.",Neutral,0.0,3
cous__.1655,Divya,prod__.1655,PID0051655,https://www.facebook.com/vukkarvibes,1397040301789914,Bad packaging.,Negative,-0.674,5
cous__.1656,Divya,prod__.1656,PID0051656,https://www.facebook.com/vukkarvibes,1397040301789915,Worth the price.,Neutral,0.0,1
cous__.1657,Amit,prod__.1657,PID0051657,https://www.facebook.com/vukkarvibes,1397040301789916,Fresh and tasty.,Negative,-0.674,5
cous__.1658,Raju,prod__.1658,PID0051658,https://www.facebook.com/vukkarvibes,1397040301789917,Not satisfied.,Positive,0.885,4
cous__.1659,Pooja,prod__.1659,PID0051659,https://www.facebook.com/vukkarvibes,1397040301789918,Bad packaging.,Neutral,0.0,1
cous__.1660,Aditya,prod__.1660,PID0051660,https://www.facebook.com/vukkarvibes,1397040301789919,Average experience.,Negative,-0.674,3
cous__.1661,Suman,prod__.1661,PID0051661,https://www.facebook.com/vukkarvibes,1397040301789920,Fresh and tasty.,Neutral,0.0,5
cous__.1662,Raju,prod__.1662,PID0051662,https://www.facebook.com/vukkarvibes,1397040301789921,"Too spicy, not for me.",Negative,-0.674,3
cous__.1663,Amit,prod__.1663,PID0051663,https://www.facebook.com/vukkarvibes,1397040301789922,"Not good, expected better.",Positive,0.885,4
cous__.1664,Priya,prod__.1664,PID0051664,https://www.facebook.com/vukkarvibes,1397040301789923,Bad packaging.,Neutral,0.0,2
cous__.1665,Sita,prod__.1665,PID0051665,https://www.facebook.com/vukkarvibes,1397040301789924,Highly recommended!,Positive,0.885,3
cous__.1666,Amit,prod__.1666,PID0051666,https://www.facebook.com/vukkarvibes,1397040301789925,Loved the taste!,Neutral,0.0,3
cous__.1667,Kiran,prod__.1667,PID0051667,https://www.facebook.com/vukkarvibes,1397040301789926,Very delicious!,Negative,-0.674,4
cous__.1668,Aditya,prod__.1668,PID0051668,https://www.facebook.com/vukkarvibes,1397040301789927,Highly recommended!,Negative,-0.674,2
cous__.1669,Meera,prod__.1669,PID0051669,https://www.facebook.com/vukkarvibes,1397040301789928,Loved the taste!,Positive,0.885,3
cous__.1670,Rohan,prod__.1670,PID0051670,https://www.facebook.com/vukkarvibes,1397040301789929,Loved the taste!,Neutral,0.0,2
cous__.1671,Swati,prod__.1671,PID0051671,https://www.facebook.com/vukkarvibes,1397040301789930,"Too spicy, not for me.",Neutral,0.0,5
cous__.1672,Varun,prod__.1672,PID0051672,https://www.facebook.com/vukkarvibes,1397040301789931,"Too spicy, not for me.",Neutral,0.0,4
cous__.1673,Kunal,prod__.1673,PID0051673,https://www.facebook.com/vukkarvibes,1397040301789932,Bad packaging.,Positive,0.885,2
cous__.1674,Suman,prod__.1674,PID0051674,https://www.facebook.com/vukkarvibes,1397040301789933,"Not good, expected better.",Negative,-0.674,4
cous__.1675,Sita,prod__.1675,PID0051675,https://www.facebook.com/vukkarvibes,1397040301789934,Highly recommended!,Neutral,0.0,5
cous__.1676,Rahul,prod__.1676,PID0051676,https://www.facebook.com/vukkarvibes,1397040301789935,Fresh and tasty.,Positive,0.885,2
cous__.1677,Varun,prod__.1677,PID0051677,https://www.facebook.com/vukkarvibes,1397040301789936,"Not good, expected better.",Neutral,0.0,4
cous__.1678,Amit,prod__.1678,PID0051678,https://www.facebook.com/vukkarvibes,1397040301789937,"Too spicy, not for me.",Positive,0.885,5
cous__.1679,Rahul,prod__.1679,PID0051679,https://www.facebook.com/vukkarvibes,1397040301789938,Loved the taste!,Negative,-0.674,2
cous__.1680,Rahul,prod__.1680,PID0051680,https://www.facebook.com/vukkarvibes,1397040301789939,Highly recommended!,Positive,0.885,4
cous__.1681,Meera,prod__.1681,PID0051681,https://www.facebook.com/vukkarvibes,1397040301789940,"Not good, expected better.",Positive,0.885,3
cous__.1682,Meera,prod__.1682,PID0051682,https://www.facebook.com/vukkarvibes,1397040301789941,Worth the price.,Neutral,0.0,5
cous__.1683,Amit,prod__.1683,PID0051683,https://www.facebook.com/vukkarvibes,1397040301789942,Not satisfied.,Negative,-0.674,2
cous__.1684,Divya,prod__.1684,PID0051684,https://www.facebook.com/vukkarvibes,1397040301789943,Bad packaging.,Neutral,0.0,3
cous__.1685,Kiran,prod__.1685,PID0051685,https://www.facebook.com/vukkarvibes,1397040301789944,Worth the price.,Neutral,0.0,1
cous__.1686,Raju,prod__.1686,PID0051686,https://www.facebook.com/vukkarvibes,1397040301789945,"Not good, expected better.",Positive,0.885,3
cous__.1687,Varun,prod__.1687,PID0051687,https://www.facebook.com/vukkarvibes,1397040301789946,Fresh and tasty.,Neutral,0.0,2
cous__.1688,Raju,prod__.1688,PID0051688,https://www.facebook.com/vukkarvibes,1397040301789947,Not satisfied.,Negative,-0.674,2
cous__.1689,Pooja,prod__.1689,PID0051689,https://www.facebook.com/vukkarvibes,1397040301789948,"Too spicy, not for me.",Negative,-0.674,5
cous__.1690,Sita,prod__.1690,PID0051690,https://www.facebook.com/vukkarvibes,1397040301789949,Fresh and tasty.,Neutral,0.0,5
cous__.1691,Sita,prod__.1691,PID0051691,https://www.facebook.com/vukkarvibes,1397040301789950,"Too spicy, not for me.",Positive,0.885,2
cous__.1692,Kunal,prod__.1692,PID0051692,https://www.facebook.com/vukkarvibes,1397040301789951,Bad packaging.,Neutral,0.0,4
cous__.1693,Aditya,prod__.1693,PID0051693,https://www.facebook.com/vukkarvibes,1397040301789952,Average experience.,Positive,0.885,4
cous__.1694,Divya,prod__.1694,PID0051694,https://www.facebook.com/vukkarvibes,1397040301789953,Fresh and tasty.,Neutral,0.0,2
cous__.1695,Rahul,prod__.1695,PID0051695,https://www.facebook.com/vukkarvibes,1397040301789954,Highly recommended!,Neutral,0.0,1
cous__.1696,Aditya,prod__.1696,PID0051696,https://www.facebook.com/vukkarvibes,1397040301789955,Not satisfied.,Neutral,0.0,4
cous__.1697,Kiran,prod__.1697,PID0051697,https://www.facebook.com/vukkarvibes,1397040301789956,Worth the price.,Neutral,0.0,5
cous__.1698,Kiran,prod__.1698,PID0051698,https://www.facebook.com/vukkarvibes,1397040301789957,Worth the price.,Neutral,0.0,2
cous__.1699,Kiran,prod__.1699,PID0051699,https://www.facebook.com/vukkarvibes,1397040301789958,"Not good, expected better.",Positive,0.885,4
cous__.1700,Sneha,prod__.1700,PID0051700,https://www.facebook.com/vukkarvibes,1397040301789959,Fresh and tasty.,Negative,-0.674,2
cous__.1701,Amit,prod__.1701,PID0051701,https://www.facebook.com/vukkarvibes,1397040301789960,"Not good, expected better.",Negative,-0.674,3
cous__.1702,Amit,prod__.1702,PID0051702,https://www.facebook.com/vukkarvibes,1397040301789961,Bad packaging.,Positive,0.885,5
cous__.1703,Meera,prod__.1703,PID0051703,https://www.facebook.com/vukkarvibes,1397040301789962,Worth the price.,Positive,0.885,4
cous__.1704,Sita,prod__.1704,PID0051704,https://www.facebook.com/vukkarvibes,1397040301789963,Average experience.,Neutral,0.0,3
cous__.1705,Mira,prod__.1705,PID0051705,https://www.facebook.com/vukkarvibes,1397040301789964,Fresh and tasty.,Positive,0.885,3
cous__.1706,Aditya,prod__.1706,PID0051706,https://www.facebook.com/vukkarvibes,1397040301789965,Average experience.,Neutral,0.0,1
cous__.1707,Pooja,prod__.1707,PID0051707,https://www.facebook.com/vukkarvibes,1397040301789966,Bad packaging.,Neutral,0.0,2
cous__.1708,Swati,prod__.1708,PID0051708,https://www.facebook.com/vukkarvibes,1397040301789967,Bad packaging.,Neutral,0.0,2
cous__.1709,Rahul,prod__.1709,PID0051709,https://www.facebook.com/vukkarvibes,1397040301789968,Bad packaging.,Negative,-0.674,2
cous__.1710,Rohan,prod__.1710,PID0051710,https://www.facebook.com/vukkarvibes,1397040301789969,"Not good, expected better.",Negative,-0.674,4
cous__.1711,Rohan,prod__.1711,PID0051711,https://www.facebook.com/vukkarvibes,1397040301789970,"Not good, expected better.",Negative,-0.674,5
cous__.1712,Swati,prod__.1712,PID0051712,https://www.facebook.com/vukkarvibes,1397040301789971,Loved the taste!,Negative,-0.674,5
cous__.1713,Kiran,prod__.1713,PID0051713,https://www.facebook.com/vukkarvibes,1397040301789972,Highly recommended!,Negative,-0.674,5
cous__.1714,Divya,prod__.1714,PID0051714,https://www.facebook.com/vukkarvibes,1397040301789973,Not satisfied.,Negative,-0.674,2
cous__.1715,Raju,prod__.1715,PID0051715,https://www.facebook.com/vukkarvibes,1397040301789974,Highly recommended!,Positive,0.885,2
cous__.1716,Mira,prod__.1716,PID0051716,https://www.facebook.com/vukkarvibes,1397040301789975,Very delicious!,Negative,-0.674,5
cous__.1717,Sita,prod__.1717,PID0051717,https://www.facebook.com/vukkarvibes,1397040301789976,Bad packaging.,Neutral,0.0,4
cous__.1718,Sita,prod__.1718,PID0051718,https://www.facebook.com/vukkarvibes,1397040301789977,Not satisfied.,Negative,-0.674,4
cous__.1719,Priya,prod__.1719,PID0051719,https://www.facebook.com/vukkarvibes,1397040301789978,Average experience.,Negative,-0.674,5
cous__.1720,Amit,prod__.1720,PID0051720,https://www.facebook.com/vukkarvibes,1397040301789979,"Too spicy, not for me.",Neutral,0.0,3
cous__.1721,Swati,prod__.1721,PID0051721,https://www.facebook.com/vukkarvibes,1397040301789980,Worth the price.,Neutral,0.0,3
cous__.1722,Amit,prod__.1722,PID0051722,https://www.facebook.com/vukkarvibes,1397040301789981,"Not good, expected better.",Positive,0.885,4
cous__.1723,Pooja,prod__.1723,PID0051723,https://www.facebook.com/vukkarvibes,1397040301789982,"Too spicy, not for me.",Positive,0.885,1
cous__.1724,Rahul,prod__.1724,PID0051724,https://www.facebook.com/vukkarvibes,1397040301789983,Bad packaging.,Neutral,0.0,5
cous__.1725,Aditya,prod__.1725,PID0051725,https://www.facebook.com/vukkarvibes,1397040301789984,Worth the price.,Positive,0.885,2
cous__.1726,Aditya,prod__.1726,PID0051726,https://www.facebook.com/vukkarvibes,1397040301789985,Not satisfied.,Neutral,0.0,2
cous__.1727,Amit,prod__.1727,PID0051727,https://www.facebook.com/vukkarvibes,1397040301789986,"Too spicy, not for me.",Positive,0.885,4
cous__.1728,Rohan,prod__.1728,PID0051728,https://www.facebook.com/vukkarvibes,1397040301789987,Fresh and tasty.,Neutral,0.0,5
cous__.1729,Varun,prod__.1729,PID0051729,https://www.facebook.com/vukkarvibes,1397040301789988,Average experience.,Neutral,0.0,5
cous__.1730,Kiran,prod__.1730,PID0051730,https://www.facebook.com/vukkarvibes,1397040301789989,Average experience.,Neutral,0.0,4
cous__.1731,Kiran,prod__.1731,PID0051731,https://www.facebook.com/vukkarvibes,1397040301789990,Fresh and tasty.,Neutral,0.0,1
cous__.1732,Raju,prod__.1732,PID0051732,https://www.facebook.com/vukkarvibes,1397040301789991,"Not good, expected better.",Negative,-0.674,2
cous__.1733,Suman,prod__.1733,PID0051733,https://www.facebook.com/vukkarvibes,1397040301789992,Very delicious!,Neutral,0.0,4
cous__.1734,Rohan,prod__.1734,PID0051734,https://www.facebook.com/vukkarvibes,1397040301789993,Bad packaging.,Positive,0.885,1
cous__.1735,Varun,prod__.1735,PID0051735,https://www.facebook.com/vukkarvibes,1397040301789994,Very delicious!,Neutral,0.0,1
cous__.1736,Rahul,prod__.1736,PID0051736,https://www.facebook.com/vukkarvibes,1397040301789995,Average experience.,Negative,-0.674,1
cous__.1737,Kiran,prod__.1737,PID0051737,https://www.facebook.com/vukkarvibes,1397040301789996,Fresh and tasty.,Neutral,0.0,2
cous__.1738,Varun,prod__.1738,PID0051738,https://www.facebook.com/vukkarvibes,1397040301789997,Very delicious!,Positive,0.885,1
cous__.1739,Aditya,prod__.1739,PID0051739,https://www.facebook.com/vukkarvibes,1397040301789998,Average experience.,Neutral,0.0,4
cous__.1740,Sneha,prod__.1740,PID0051740,https://www.facebook.com/vukkarvibes,1397040301789999,Bad packaging.,Negative,-0.674,5
cous__.1741,Arjun,prod__.1741,PID0051741,https://www.facebook.com/vukkarvibes,1397040301790000,"Too spicy, not for me.",Positive,0.885,4
cous__.1742,Mira,prod__.1742,PID0051742,https://www.facebook.com/vukkarvibes,1397040301790001,Loved the taste!,Negative,-0.674,2
cous__.1743,Priya,prod__.1743,PID0051743,https://www.facebook.com/vukkarvibes,1397040301790002,Not satisfied.,Negative,-0.674,1
cous__.1744,Sneha,prod__.1744,PID0051744,https://www.facebook.com/vukkarvibes,1397040301790003,Average experience.,Positive,0.885,2
cous__.1745,Amit,prod__.1745,PID0051745,https://www.facebook.com/vukkarvibes,1397040301790004,Average experience.,Neutral,0.0,4
cous__.1746,Kiran,prod__.1746,PID0051746,https://www.facebook.com/vukkarvibes,1397040301790005,"Too spicy, not for me.",Positive,0.885,5
cous__.1747,Kunal,prod__.1747,PID0051747,https://www.facebook.com/vukkarvibes,1397040301790006,Average experience.,Positive,0.885,1
cous__.1748,Pooja,prod__.1748,PID0051748,https://www.facebook.com/vukkarvibes,1397040301790007,"Not good, expected better.",Positive,0.885,4
cous__.1749,Sneha,prod__.1749,PID0051749,https://www.facebook.com/vukkarvibes,1397040301790008,Loved the taste!,Positive,0.885,3
cous__.1750,Kunal,prod__.1750,PID0051750,https://www.facebook.com/vukkarvibes,1397040301790009,"Not good, expected better.",Neutral,0.0,4
cous__.1751,Priya,prod__.1751,PID0051751,https://www.facebook.com/vukkarvibes,1397040301790010,Fresh and tasty.,Positive,0.885,3
cous__.1752,Sita,prod__.1752,PID0051752,https://www.facebook.com/vukkarvibes,1397040301790011,Bad packaging.,Neutral,0.0,1
cous__.1753,Kiran,prod__.1753,PID0051753,https://www.facebook.com/vukkarvibes,1397040301790012,Highly recommended!,Positive,0.885,5
cous__.1754,Aditya,prod__.1754,PID0051754,https://www.facebook.com/vukkarvibes,1397040301790013,Worth the price.,Positive,0.885,4
cous__.1755,Raju,prod__.1755,PID0051755,https://www.facebook.com/vukkarvibes,1397040301790014,Average experience.,Positive,0.885,5
cous__.1756,Divya,prod__.1756,PID0051756,https://www.facebook.com/vukkarvibes,1397040301790015,Fresh and tasty.,Positive,0.885,5
cous__.1757,Arjun,prod__.1757,PID0051757,https://www.facebook.com/vukkarvibes,1397040301790016,Very delicious!,Negative,-0.674,1
cous__.1758,Rahul,prod__.1758,PID0051758,https://www.facebook.com/vukkarvibes,1397040301790017,Very delicious!,Positive,0.885,3
cous__.1759,Swati,prod__.1759,PID0051759,https://www.facebook.com/vukkarvibes,1397040301790018,Bad packaging.,Positive,0.885,4
cous__.1760,Sneha,prod__.1760,PID0051760,https://www.facebook.com/vukkarvibes,1397040301790019,Fresh and tasty.,Negative,-0.674,3
cous__.1761,Rahul,prod__.1761,PID0051761,https://www.facebook.com/vukkarvibes,1397040301790020,Highly recommended!,Negative,-0.674,4
cous__.1762,Sneha,prod__.1762,PID0051762,https://www.facebook.com/vukkarvibes,1397040301790021,Average experience.,Negative,-0.674,1
cous__.1763,Rahul,prod__.1763,PID0051763,https://www.facebook.com/vukkarvibes,1397040301790022,Loved the taste!,Positive,0.885,4
cous__.1764,Arjun,prod__.1764,PID0051764,https://www.facebook.com/vukkarvibes,1397040301790023,Loved the taste!,Positive,0.885,2
cous__.1765,Kiran,prod__.1765,PID0051765,https://www.facebook.com/vukkarvibes,1397040301790024,Fresh and tasty.,Neutral,0.0,3
cous__.1766,Arjun,prod__.1766,PID0051766,https://www.facebook.com/vukkarvibes,1397040301790025,Average experience.,Positive,0.885,4
cous__.1767,Aditya,prod__.1767,PID0051767,https://www.facebook.com/vukkarvibes,1397040301790026,Very delicious!,Neutral,0.0,3
cous__.1768,Arjun,prod__.1768,PID0051768,https://www.facebook.com/vukkarvibes,1397040301790027,Worth the price.,Neutral,0.0,1
cous__.1769,Amit,prod__.1769,PID0051769,https://www.facebook.com/vukkarvibes,1397040301790028,Bad packaging.,Positive,0.885,2
cous__.1770,Varun,prod__.1770,PID0051770,https://www.facebook.com/vukkarvibes,1397040301790029,"Not good, expected better.",Neutral,0.0,4
cous__.1771,Sneha,prod__.1771,PID0051771,https://www.facebook.com/vukkarvibes,1397040301790030,Average experience.,Positive,0.885,4
cous__.1772,Aditya,prod__.1772,PID0051772,https://www.facebook.com/vukkarvibes,1397040301790031,Fresh and tasty.,Positive,0.885,1
cous__.1773,Sita,prod__.1773,PID0051773,https://www.facebook.com/vukkarvibes,1397040301790032,Worth the price.,Negative,-0.674,3
cous__.1774,Kunal,prod__.1774,PID0051774,https://www.facebook.com/vukkarvibes,1397040301790033,Not satisfied.,Positive,0.885,1
cous__.1775,Sneha,prod__.1775,PID0051775,https://www.facebook.com/vukkarvibes,1397040301790034,Worth the price.,Positive,0.885,4
cous__.1776,Pooja,prod__.1776,PID0051776,https://www.facebook.com/vukkarvibes,1397040301790035,Bad packaging.,Neutral,0.0,3
cous__.1777,Divya,prod__.1777,PID0051777,https://www.facebook.com/vukkarvibes,1397040301790036,"Too spicy, not for me.",Positive,0.885,2
cous__.1778,Kiran,prod__.1778,PID0051778,https://www.facebook.com/vukkarvibes,1397040301790037,Worth the price.,Negative,-0.674,5
cous__.1779,Varun,prod__.1779,PID0051779,https://www.facebook.com/vukkarvibes,1397040301790038,Loved the taste!,Negative,-0.674,1
cous__.1780,Mira,prod__.1780,PID0051780,https://www.facebook.com/vukkarvibes,1397040301790039,"Too spicy, not for me.",Positive,0.885,2
cous__.1781,Pooja,prod__.1781,PID0051781,https://www.facebook.com/vukkarvibes,1397040301790040,Very delicious!,Positive,0.885,3
cous__.1782,Priya,prod__.1782,PID0051782,https://www.facebook.com/vukkarvibes,1397040301790041,Worth the price.,Neutral,0.0,2
cous__.1783,Rahul,prod__.1783,PID0051783,https://www.facebook.com/vukkarvibes,1397040301790042,"Too spicy, not for me.",Positive,0.885,2
cous__.1784,Swati,prod__.1784,PID0051784,https://www.facebook.com/vukkarvibes,1397040301790043,Highly recommended!,Positive,0.885,2
cous__.1785,Divya,prod__.1785,PID0051785,https://www.facebook.com/vukkarvibes,1397040301790044,Very delicious!,Positive,0.885,3
cous__.1786,Raju,prod__.1786,PID0051786,https://www.facebook.com/vukkarvibes,1397040301790045,Highly recommended!,Neutral,0.0,5
cous__.1787,Sneha,prod__.1787,PID0051787,https://www.facebook.com/vukkarvibes,1397040301790046,Fresh and tasty.,Negative,-0.674,3
cous__.1788,Swati,prod__.1788,PID0051788,https://www.facebook.com/vukkarvibes,1397040301790047,Fresh and tasty.,Positive,0.885,5
cous__.1789,Swati,prod__.1789,PID0051789,https://www.facebook.com/vukkarvibes,1397040301790048,Very delicious!,Positive,0.885,5
cous__.1790,Kunal,prod__.1790,PID0051790,https://www.facebook.com/vukkarvibes,1397040301790049,Very delicious!,Neutral,0.0,4
cous__.1791,Divya,prod__.1791,PID0051791,https://www.facebook.com/vukkarvibes,1397040301790050,"Not good, expected better.",Neutral,0.0,4
cous__.1792,Meera,prod__.1792,PID0051792,https://www.facebook.com/vukkarvibes,1397040301790051,Bad packaging.,Positive,0.885,2
cous__.1793,Arjun,prod__.1793,PID0051793,https://www.facebook.com/vukkarvibes,1397040301790052,Worth the price.,Positive,0.885,2
cous__.1794,Swati,prod__.1794,PID0051794,https://www.facebook.com/vukkarvibes,1397040301790053,Not satisfied.,Positive,0.885,4
cous__.1795,Kiran,prod__.1795,PID0051795,https://www.facebook.com/vukkarvibes,1397040301790054,Loved the taste!,Neutral,0.0,2
cous__.1796,Arjun,prod__.1796,PID0051796,https://www.facebook.com/vukkarvibes,1397040301790055,Fresh and tasty.,Positive,0.885,4
cous__.1797,Sneha,prod__.1797,PID0051797,https://www.facebook.com/vukkarvibes,1397040301790056,"Not good, expected better.",Positive,0.885,5
cous__.1798,Varun,prod__.1798,PID0051798,https://www.facebook.com/vukkarvibes,1397040301790057,Average experience.,Negative,-0.674,4
cous__.1799,Sneha,prod__.1799,PID0051799,https://www.facebook.com/vukkarvibes,1397040301790058,Loved the taste!,Positive,0.885,5
cous__.1800,Priya,prod__.1800,PID0051800,https://www.facebook.com/vukkarvibes,1397040301790059,"Too spicy, not for me.",Negative,-0.674,5
cous__.1801,Kiran,prod__.1801,PID0051801,https://www.facebook.com/vukkarvibes,1397040301790060,Worth the price.,Neutral,0.0,5
cous__.1802,Suman,prod__.1802,PID0051802,https://www.facebook.com/vukkarvibes,1397040301790061,Not satisfied.,Negative,-0.674,2
cous__.1803,Meera,prod__.1803,PID0051803,https://www.facebook.com/vukkarvibes,1397040301790062,Highly recommended!,Neutral,0.0,1
cous__.1804,Sneha,prod__.1804,PID0051804,https://www.facebook.com/vukkarvibes,1397040301790063,Fresh and tasty.,Negative,-0.674,3
cous__.1805,Pooja,prod__.1805,PID0051805,https://www.facebook.com/vukkarvibes,1397040301790064,Worth the price.,Negative,-0.674,1
cous__.1806,Suman,prod__.1806,PID0051806,https://www.facebook.com/vukkarvibes,1397040301790065,Bad packaging.,Positive,0.885,2
cous__.1807,Swati,prod__.1807,PID0051807,https://www.facebook.com/vukkarvibes,1397040301790066,"Not good, expected better.",Positive,0.885,5
cous__.1808,Varun,prod__.1808,PID0051808,https://www.facebook.com/vukkarvibes,1397040301790067,Highly recommended!,Negative,-0.674,3
cous__.1809,Rahul,prod__.1809,PID0051809,https://www.facebook.com/vukkarvibes,1397040301790068,"Too spicy, not for me.",Positive,0.885,1
cous__.1810,Mira,prod__.1810,PID0051810,https://www.facebook.com/vukkarvibes,1397040301790069,Loved the taste!,Neutral,0.0,5
cous__.1811,Mira,prod__.1811,PID0051811,https://www.facebook.com/vukkarvibes,1397040301790070,Highly recommended!,Positive,0.885,3
cous__.1812,Rahul,prod__.1812,PID0051812,https://www.facebook.com/vukkarvibes,1397040301790071,Average experience.,Neutral,0.0,1
cous__.1813,Rohan,prod__.1813,PID0051813,https://www.facebook.com/vukkarvibes,1397040301790072,Worth the price.,Neutral,0.0,3
cous__.1814,Raju,prod__.1814,PID0051814,https://www.facebook.com/vukkarvibes,1397040301790073,Not satisfied.,Negative,-0.674,4
cous__.1815,Rohan,prod__.1815,PID0051815,https://www.facebook.com/vukkarvibes,1397040301790074,Loved the taste!,Negative,-0.674,1
cous__.1816,Meera,prod__.1816,PID0051816,https://www.facebook.com/vukkarvibes,1397040301790075,Very delicious!,Positive,0.885,1
cous__.1817,Arjun,prod__.1817,PID0051817,https://www.facebook.com/vukkarvibes,1397040301790076,Bad packaging.,Neutral,0.0,3
cous__.1818,Meera,prod__.1818,PID0051818,https://www.facebook.com/vukkarvibes,1397040301790077,"Not good, expected better.",Neutral,0.0,5
cous__.1819,Pooja,prod__.1819,PID0051819,https://www.facebook.com/vukkarvibes,1397040301790078,Very delicious!,Negative,-0.674,2
cous__.1820,Aditya,prod__.1820,PID0051820,https://www.facebook.com/vukkarvibes,1397040301790079,Loved the taste!,Positive,0.885,2
cous__.1821,Aditya,prod__.1821,PID0051821,https://www.facebook.com/vukkarvibes,1397040301790080,"Not good, expected better.",Neutral,0.0,1
cous__.1822,Rohan,prod__.1822,PID0051822,https://www.facebook.com/vukkarvibes,1397040301790081,Loved the taste!,Positive,0.885,5
cous__.1823,Meera,prod__.1823,PID0051823,https://www.facebook.com/vukkarvibes,1397040301790082,Not satisfied.,Negative,-0.674,1
cous__.1824,Suman,prod__.1824,PID0051824,https://www.facebook.com/vukkarvibes,1397040301790083,Very delicious!,Positive,0.885,5
cous__.1825,Varun,prod__.1825,PID0051825,https://www.facebook.com/vukkarvibes,1397040301790084,Loved the taste!,Positive,0.885,1
cous__.1826,Pooja,prod__.1826,PID0051826,https://www.facebook.com/vukkarvibes,1397040301790085,Loved the taste!,Positive,0.885,3
cous__.1827,Varun,prod__.1827,PID0051827,https://www.facebook.com/vukkarvibes,1397040301790086,Average experience.,Positive,0.885,2
cous__.1828,Arjun,prod__.1828,PID0051828,https://www.facebook.com/vukkarvibes,1397040301790087,Fresh and tasty.,Neutral,0.0,3
cous__.1829,Swati,prod__.1829,PID0051829,https://www.facebook.com/vukkarvibes,1397040301790088,"Not good, expected better.",Positive,0.885,3
cous__.1830,Varun,prod__.1830,PID0051830,https://www.facebook.com/vukkarvibes,1397040301790089,Highly recommended!,Neutral,0.0,2
cous__.1831,Varun,prod__.1831,PID0051831,https://www.facebook.com/vukkarvibes,1397040301790090,Bad packaging.,Neutral,0.0,2
cous__.1832,Varun,prod__.1832,PID0051832,https://www.facebook.com/vukkarvibes,1397040301790091,Not satisfied.,Neutral,0.0,3
cous__.1833,Meera,prod__.1833,PID0051833,https://www.facebook.com/vukkarvibes,1397040301790092,Highly recommended!,Positive,0.885,1
cous__.1834,Swati,prod__.1834,PID0051834,https://www.facebook.com/vukkarvibes,1397040301790093,Fresh and tasty.,Positive,0.885,2
cous__.1835,Meera,prod__.1835,PID0051835,https://www.facebook.com/vukkarvibes,1397040301790094,Worth the price.,Neutral,0.0,2
cous__.1836,Rohan,prod__.1836,PID0051836,https://www.facebook.com/vukkarvibes,1397040301790095,Loved the taste!,Positive,0.885,5
cous__.1837,Divya,prod__.1837,PID0051837,https://www.facebook.com/vukkarvibes,1397040301790096,Average experience.,Positive,0.885,4
cous__.1838,Pooja,prod__.1838,PID0051838,https://www.facebook.com/vukkarvibes,1397040301790097,Fresh and tasty.,Neutral,0.0,1
cous__.1839,Aditya,prod__.1839,PID0051839,https://www.facebook.com/vukkarvibes,1397040301790098,"Too spicy, not for me.",Positive,0.885,4
cous__.1840,Meera,prod__.1840,PID0051840,https://www.facebook.com/vukkarvibes,1397040301790099,Average experience.,Neutral,0.0,4
cous__.1841,Raju,prod__.1841,PID0051841,https://www.facebook.com/vukkarvibes,1397040301790100,Loved the taste!,Negative,-0.674,3
cous__.1842,Priya,prod__.1842,PID0051842,https://www.facebook.com/vukkarvibes,1397040301790101,Bad packaging.,Positive,0.885,1
cous__.1843,Suman,prod__.1843,PID0051843,https://www.facebook.com/vukkarvibes,1397040301790102,"Too spicy, not for me.",Neutral,0.0,1
cous__.1844,Rahul,prod__.1844,PID0051844,https://www.facebook.com/vukkarvibes,1397040301790103,Not satisfied.,Positive,0.885,1
cous__.1845,Pooja,prod__.1845,PID0051845,https://www.facebook.com/vukkarvibes,1397040301790104,Worth the price.,Neutral,0.0,1
cous__.1846,Rahul,prod__.1846,PID0051846,https://www.facebook.com/vukkarvibes,1397040301790105,Not satisfied.,Negative,-0.674,2
cous__.1847,Sita,prod__.1847,PID0051847,https://www.facebook.com/vukkarvibes,1397040301790106,Fresh and tasty.,Negative,-0.674,5
cous__.1848,Sita,prod__.1848,PID0051848,https://www.facebook.com/vukkarvibes,1397040301790107,Bad packaging.,Neutral,0.0,4
cous__.1849,Divya,prod__.1849,PID0051849,https://www.facebook.com/vukkarvibes,1397040301790108,Highly recommended!,Neutral,0.0,5
cous__.1850,Mira,prod__.1850,PID0051850,https://www.facebook.com/vukkarvibes,1397040301790109,Bad packaging.,Negative,-0.674,1
cous__.1851,Sita,prod__.1851,PID0051851,https://www.facebook.com/vukkarvibes,1397040301790110,Not satisfied.,Positive,0.885,1
cous__.1852,Sita,prod__.1852,PID0051852,https://www.facebook.com/vukkarvibes,1397040301790111,Highly recommended!,Neutral,0.0,2
cous__.1853,Kiran,prod__.1853,PID0051853,https://www.facebook.com/vukkarvibes,1397040301790112,"Too spicy, not for me.",Negative,-0.674,2
cous__.1854,Meera,prod__.1854,PID0051854,https://www.facebook.com/vukkarvibes,1397040301790113,Bad packaging.,Negative,-0.674,2
cous__.1855,Divya,prod__.1855,PID0051855,https://www.facebook.com/vukkarvibes,1397040301790114,Bad packaging.,Negative,-0.674,4
cous__.1856,Varun,prod__.1856,PID0051856,https://www.facebook.com/vukkarvibes,1397040301790115,Very delicious!,Negative,-0.674,2
cous__.1857,Amit,prod__.1857,PID0051857,https://www.facebook.com/vukkarvibes,1397040301790116,Very delicious!,Positive,0.885,3
cous__.1858,Varun,prod__.1858,PID0051858,https://www.facebook.com/vukkarvibes,1397040301790117,Fresh and tasty.,Neutral,0.0,3
cous__.1859,Rahul,prod__.1859,PID0051859,https://www.facebook.com/vukkarvibes,1397040301790118,"Too spicy, not for me.",Negative,-0.674,4
cous__.1860,Amit,prod__.1860,PID0051860,https://www.facebook.com/vukkarvibes,1397040301790119,Loved the taste!,Neutral,0.0,3
cous__.1861,Mira,prod__.1861,PID0051861,https://www.facebook.com/vukkarvibes,1397040301790120,"Too spicy, not for me.",Negative,-0.674,2
cous__.1862,Varun,prod__.1862,PID0051862,https://www.facebook.com/vukkarvibes,1397040301790121,"Not good, expected better.",Neutral,0.0,5
cous__.1863,Sneha,prod__.1863,PID0051863,https://www.facebook.com/vukkarvibes,1397040301790122,Loved the taste!,Neutral,0.0,3
cous__.1864,Rahul,prod__.1864,PID0051864,https://www.facebook.com/vukkarvibes,1397040301790123,Highly recommended!,Negative,-0.674,4
cous__.1865,Raju,prod__.1865,PID0051865,https://www.facebook.com/vukkarvibes,1397040301790124,Not satisfied.,Neutral,0.0,1
cous__.1866,Pooja,prod__.1866,PID0051866,https://www.facebook.com/vukkarvibes,1397040301790125,Not satisfied.,Negative,-0.674,2
cous__.1867,Arjun,prod__.1867,PID0051867,https://www.facebook.com/vukkarvibes,1397040301790126,Very delicious!,Neutral,0.0,5
cous__.1868,Amit,prod__.1868,PID0051868,https://www.facebook.com/vukkarvibes,1397040301790127,"Too spicy, not for me.",Negative,-0.674,2
cous__.1869,Sita,prod__.1869,PID0051869,https://www.facebook.com/vukkarvibes,1397040301790128,Highly recommended!,Negative,-0.674,3
cous__.1870,Mira,prod__.1870,PID0051870,https://www.facebook.com/vukkarvibes,1397040301790129,"Too spicy, not for me.",Positive,0.885,5
cous__.1871,Swati,prod__.1871,PID0051871,https://www.facebook.com/vukkarvibes,1397040301790130,Average experience.,Positive,0.885,1
cous__.1872,Aditya,prod__.1872,PID0051872,https://www.facebook.com/vukkarvibes,1397040301790131,Fresh and tasty.,Negative,-0.674,2
cous__.1873,Varun,prod__.1873,PID0051873,https://www.facebook.com/vukkarvibes,1397040301790132,Very delicious!,Negative,-0.674,3
cous__.1874,Rahul,prod__.1874,PID0051874,https://www.facebook.com/vukkarvibes,1397040301790133,Highly recommended!,Neutral,0.0,4
cous__.1875,Swati,prod__.1875,PID0051875,https://www.facebook.com/vukkarvibes,1397040301790134,Average experience.,Neutral,0.0,2
cous__.1876,Sita,prod__.1876,PID0051876,https://www.facebook.com/vukkarvibes,1397040301790135,Average experience.,Neutral,0.0,3
cous__.1877,Aditya,prod__.1877,PID0051877,https://www.facebook.com/vukkarvibes,1397040301790136,"Not good, expected better.",Negative,-0.674,1
cous__.1878,Pooja,prod__.1878,PID0051878,https://www.facebook.com/vukkarvibes,1397040301790137,Highly recommended!,Positive,0.885,2
cous__.1879,Amit,prod__.1879,PID0051879,https://www.facebook.com/vukkarvibes,1397040301790138,"Not good, expected better.",Negative,-0.674,3
cous__.1880,Aditya,prod__.1880,PID0051880,https://www.facebook.com/vukkarvibes,1397040301790139,Bad packaging.,Positive,0.885,2
cous__.1881,Amit,prod__.1881,PID0051881,https://www.facebook.com/vukkarvibes,1397040301790140,Worth the price.,Neutral,0.0,4
cous__.1882,Suman,prod__.1882,PID0051882,https://www.facebook.com/vukkarvibes,1397040301790141,"Too spicy, not for me.",Neutral,0.0,2
cous__.1883,Suman,prod__.1883,PID0051883,https://www.facebook.com/vukkarvibes,1397040301790142,Worth the price.,Positive,0.885,3
cous__.1884,Raju,prod__.1884,PID0051884,https://www.facebook.com/vukkarvibes,1397040301790143,Bad packaging.,Neutral,0.0,2
cous__.1885,Swati,prod__.1885,PID0051885,https://www.facebook.com/vukkarvibes,1397040301790144,Not satisfied.,Positive,0.885,3
cous__.1886,Swati,prod__.1886,PID0051886,https://www.facebook.com/vukkarvibes,1397040301790145,Fresh and tasty.,Neutral,0.0,4
cous__.1887,Mira,prod__.1887,PID0051887,https://www.facebook.com/vukkarvibes,1397040301790146,Very delicious!,Positive,0.885,3
cous__.1888,Kunal,prod__.1888,PID0051888,https://www.facebook.com/vukkarvibes,1397040301790147,Worth the price.,Negative,-0.674,2
cous__.1889,Swati,prod__.1889,PID0051889,https://www.facebook.com/vukkarvibes,1397040301790148,Very delicious!,Neutral,0.0,3
cous__.1890,Sita,prod__.1890,PID0051890,https://www.facebook.com/vukkarvibes,1397040301790149,Worth the price.,Neutral,0.0,1
cous__.1891,Suman,prod__.1891,PID0051891,https://www.facebook.com/vukkarvibes,1397040301790150,"Not good, expected better.",Negative,-0.674,4
cous__.1892,Sneha,prod__.1892,PID0051892,https://www.facebook.com/vukkarvibes,1397040301790151,"Not good, expected better.",Negative,-0.674,2
cous__.1893,Amit,prod__.1893,PID0051893,https://www.facebook.com/vukkarvibes,1397040301790152,Average experience.,Negative,-0.674,1
cous__.1894,Rohan,prod__.1894,PID0051894,https://www.facebook.com/vukkarvibes,1397040301790153,Highly recommended!,Positive,0.885,5
cous__.1895,Priya,prod__.1895,PID0051895,https://www.facebook.com/vukkarvibes,1397040301790154,Highly recommended!,Positive,0.885,5
cous__.1896,Sneha,prod__.1896,PID0051896,https://www.facebook.com/vukkarvibes,1397040301790155,Average experience.,Positive,0.885,1
cous__.1897,Aditya,prod__.1897,PID0051897,https://www.facebook.com/vukkarvibes,1397040301790156,Average experience.,Positive,0.885,4
cous__.1898,Sita,prod__.1898,PID0051898,https://www.facebook.com/vukkarvibes,1397040301790157,Fresh and tasty.,Positive,0.885,1
cous__.1899,Mira,prod__.1899,PID0051899,https://www.facebook.com/vukkarvibes,1397040301790158,Bad packaging.,Neutral,0.0,3
cous__.1900,Meera,prod__.1900,PID0051900,https://www.facebook.com/vukkarvibes,1397040301790159,Fresh and tasty.,Negative,-0.674,2
cous__.1901,Kunal,prod__.1901,PID0051901,https://www.facebook.com/vukkarvibes,1397040301790160,Loved the taste!,Neutral,0.0,2
cous__.1902,Raju,prod__.1902,PID0051902,https://www.facebook.com/vukkarvibes,1397040301790161,Fresh and tasty.,Negative,-0.674,1
cous__.1903,Raju,prod__.1903,PID0051903,https://www.facebook.com/vukkarvibes,1397040301790162,Loved the taste!,Negative,-0.674,3
cous__.1904,Swati,prod__.1904,PID0051904,https://www.facebook.com/vukkarvibes,1397040301790163,Highly recommended!,Negative,-0.674,3
cous__.1905,Arjun,prod__.1905,PID0051905,https://www.facebook.com/vukkarvibes,1397040301790164,Fresh and tasty.,Positive,0.885,3
cous__.1906,Varun,prod__.1906,PID0051906,https://www.facebook.com/vukkarvibes,1397040301790165,"Not good, expected better.",Negative,-0.674,2
cous__.1907,Meera,prod__.1907,PID0051907,https://www.facebook.com/vukkarvibes,1397040301790166,Loved the taste!,Positive,0.885,1
cous__.1908,Kiran,prod__.1908,PID0051908,https://www.facebook.com/vukkarvibes,1397040301790167,Average experience.,Neutral,0.0,3
cous__.1909,Amit,prod__.1909,PID0051909,https://www.facebook.com/vukkarvibes,1397040301790168,Worth the price.,Neutral,0.0,1
cous__.1910,Swati,prod__.1910,PID0051910,https://www.facebook.com/vukkarvibes,1397040301790169,Loved the taste!,Negative,-0.674,2
cous__.1911,Rohan,prod__.1911,PID0051911,https://www.facebook.com/vukkarvibes,1397040301790170,Bad packaging.,Positive,0.885,5
cous__.1912,Varun,prod__.1912,PID0051912,https://www.facebook.com/vukkarvibes,1397040301790171,Not satisfied.,Positive,0.885,3
cous__.1913,Aditya,prod__.1913,PID0051913,https://www.facebook.com/vukkarvibes,1397040301790172,"Too spicy, not for me.",Positive,0.885,4
cous__.1914,Aditya,prod__.1914,PID0051914,https://www.facebook.com/vukkarvibes,1397040301790173,Loved the taste!,Positive,0.885,1
cous__.1915,Rahul,prod__.1915,PID0051915,https://www.facebook.com/vukkarvibes,1397040301790174,Bad packaging.,Neutral,0.0,3
cous__.1916,Sneha,prod__.1916,PID0051916,https://www.facebook.com/vukkarvibes,1397040301790175,Very delicious!,Positive,0.885,3
cous__.1917,Sita,prod__.1917,PID0051917,https://www.facebook.com/vukkarvibes,1397040301790176,"Not good, expected better.",Neutral,0.0,4
cous__.1918,Mira,prod__.1918,PID0051918,https://www.facebook.com/vukkarvibes,1397040301790177,Loved the taste!,Negative,-0.674,3
cous__.1919,Sneha,prod__.1919,PID0051919,https://www.facebook.com/vukkarvibes,1397040301790178,"Too spicy, not for me.",Neutral,0.0,1
cous__.1920,Pooja,prod__.1920,PID0051920,https://www.facebook.com/vukkarvibes,1397040301790179,Average experience.,Positive,0.885,4
cous__.1921,Rohan,prod__.1921,PID0051921,https://www.facebook.com/vukkarvibes,1397040301790180,"Not good, expected better.",Positive,0.885,2
cous__.1922,Sita,prod__.1922,PID0051922,https://www.facebook.com/vukkarvibes,1397040301790181,Very delicious!,Negative,-0.674,2
cous__.1923,Meera,prod__.1923,PID0051923,https://www.facebook.com/vukkarvibes,1397040301790182,Bad packaging.,Neutral,0.0,4
cous__.1924,Rohan,prod__.1924,PID0051924,https://www.facebook.com/vukkarvibes,1397040301790183,Loved the taste!,Negative,-0.674,5
cous__.1925,Meera,prod__.1925,PID0051925,https://www.facebook.com/vukkarvibes,1397040301790184,Bad packaging.,Negative,-0.674,3
cous__.1926,Arjun,prod__.1926,PID0051926,https://www.facebook.com/vukkarvibes,1397040301790185,Not satisfied.,Positive,0.885,2
cous__.1927,Varun,prod__.1927,PID0051927,https://www.facebook.com/vukkarvibes,1397040301790186,Loved the taste!,Neutral,0.0,2
cous__.1928,Sneha,prod__.1928,PID0051928,https://www.facebook.com/vukkarvibes,1397040301790187,Average experience.,Negative,-0.674,3
cous__.1929,Rahul,prod__.1929,PID0051929,https://www.facebook.com/vukkarvibes,1397040301790188,Highly recommended!,Neutral,0.0,1
cous__.1930,Mira,prod__.1930,PID0051930,https://www.facebook.com/vukkarvibes,1397040301790189,Not satisfied.,Neutral,0.0,5
cous__.1931,Varun,prod__.1931,PID0051931,https://www.facebook.com/vukkarvibes,1397040301790190,Worth the price.,Neutral,0.0,4
cous__.1932,Meera,prod__.1932,PID0051932,https://www.facebook.com/vukkarvibes,1397040301790191,Loved the taste!,Neutral,0.0,3
cous__.1933,Pooja,prod__.1933,PID0051933,https://www.facebook.com/vukkarvibes,1397040301790192,Fresh and tasty.,Neutral,0.0,4
cous__.1934,Aditya,prod__.1934,PID0051934,https://www.facebook.com/vukkarvibes,1397040301790193,Average experience.,Negative,-0.674,3
cous__.1935,Raju,prod__.1935,PID0051935,https://www.facebook.com/vukkarvibes,1397040301790194,Loved the taste!,Neutral,0.0,2
cous__.1936,Kiran,prod__.1936,PID0051936,https://www.facebook.com/vukkarvibes,1397040301790195,Fresh and tasty.,Negative,-0.674,2
cous__.1937,Arjun,prod__.1937,PID0051937,https://www.facebook.com/vukkarvibes,1397040301790196,"Too spicy, not for me.",Neutral,0.0,3
cous__.1938,Mira,prod__.1938,PID0051938,https://www.facebook.com/vukkarvibes,1397040301790197,Highly recommended!,Neutral,0.0,4
cous__.1939,Raju,prod__.1939,PID0051939,https://www.facebook.com/vukkarvibes,1397040301790198,"Too spicy, not for me.",Negative,-0.674,1
cous__.1940,Raju,prod__.1940,PID0051940,https://www.facebook.com/vukkarvibes,1397040301790199,Highly recommended!,Positive,0.885,1
cous__.1941,Priya,prod__.1941,PID0051941,https://www.facebook.com/vukkarvibes,1397040301790200,Loved the taste!,Negative,-0.674,3
cous__.1942,Varun,prod__.1942,PID0051942,https://www.facebook.com/vukkarvibes,1397040301790201,Fresh and tasty.,Positive,0.885,4
cous__.1943,Priya,prod__.1943,PID0051943,https://www.facebook.com/vukkarvibes,1397040301790202,Not satisfied.,Negative,-0.674,5
cous__.1944,Meera,prod__.1944,PID0051944,https://www.facebook.com/vukkarvibes,1397040301790203,Fresh and tasty.,Neutral,0.0,2
cous__.1945,Sita,prod__.1945,PID0051945,https://www.facebook.com/vukkarvibes,1397040301790204,"Not good, expected better.",Neutral,0.0,5
cous__.1946,Suman,prod__.1946,PID0051946,https://www.facebook.com/vukkarvibes,1397040301790205,Very delicious!,Neutral,0.0,1
cous__.1947,Kiran,prod__.1947,PID0051947,https://www.facebook.com/vukkarvibes,1397040301790206,Average experience.,Neutral,0.0,1
cous__.1948,Rohan,prod__.1948,PID0051948,https://www.facebook.com/vukkarvibes,1397040301790207,Highly recommended!,Neutral,0.0,5
cous__.1949,Raju,prod__.1949,PID0051949,https://www.facebook.com/vukkarvibes,1397040301790208,Highly recommended!,Neutral,0.0,2
cous__.1950,Sneha,prod__.1950,PID0051950,https://www.facebook.com/vukkarvibes,1397040301790209,Not satisfied.,Neutral,0.0,3
cous__.1951,Rahul,prod__.1951,PID0051951,https://www.facebook.com/vukkarvibes,1397040301790210,Average experience.,Negative,-0.674,5
cous__.1952,Suman,prod__.1952,PID0051952,https://www.facebook.com/vukkarvibes,1397040301790211,Fresh and tasty.,Neutral,0.0,2
cous__.1953,Sita,prod__.1953,PID0051953,https://www.facebook.com/vukkarvibes,1397040301790212,Very delicious!,Neutral,0.0,3
cous__.1954,Raju,prod__.1954,PID0051954,https://www.facebook.com/vukkarvibes,1397040301790213,Bad packaging.,Positive,0.885,3
cous__.1955,Swati,prod__.1955,PID0051955,https://www.facebook.com/vukkarvibes,1397040301790214,Bad packaging.,Positive,0.885,3
cous__.1956,Priya,prod__.1956,PID0051956,https://www.facebook.com/vukkarvibes,1397040301790215,Highly recommended!,Neutral,0.0,5
cous__.1957,Priya,prod__.1957,PID0051957,https://www.facebook.com/vukkarvibes,1397040301790216,Highly recommended!,Positive,0.885,5
cous__.1958,Varun,prod__.1958,PID0051958,https://www.facebook.com/vukkarvibes,1397040301790217,Fresh and tasty.,Neutral,0.0,5
cous__.1959,Priya,prod__.1959,PID0051959,https://www.facebook.com/vukkarvibes,1397040301790218,Worth the price.,Negative,-0.674,1
cous__.1960,Sneha,prod__.1960,PID0051960,https://www.facebook.com/vukkarvibes,1397040301790219,Very delicious!,Positive,0.885,2
cous__.1961,Pooja,prod__.1961,PID0051961,https://www.facebook.com/vukkarvibes,1397040301790220,Average experience.,Negative,-0.674,4
cous__.1962,Pooja,prod__.1962,PID0051962,https://www.facebook.com/vukkarvibes,1397040301790221,Loved the taste!,Negative,-0.674,4
cous__.1963,Sita,prod__.1963,PID0051963,https://www.facebook.com/vukkarvibes,1397040301790222,"Too spicy, not for me.",Neutral,0.0,5
cous__.1964,Kunal,prod__.1964,PID0051964,https://www.facebook.com/vukkarvibes,1397040301790223,Bad packaging.,Neutral,0.0,2
cous__.1965,Aditya,prod__.1965,PID0051965,https://www.facebook.com/vukkarvibes,1397040301790224,Not satisfied.,Positive,0.885,5
cous__.1966,Suman,prod__.1966,PID0051966,https://www.facebook.com/vukkarvibes,1397040301790225,Average experience.,Neutral,0.0,5
cous__.1967,Swati,prod__.1967,PID0051967,https://www.facebook.com/vukkarvibes,1397040301790226,Not satisfied.,Neutral,0.0,5
cous__.1968,Arjun,prod__.1968,PID0051968,https://www.facebook.com/vukkarvibes,1397040301790227,Not satisfied.,Neutral,0.0,4
cous__.1969,Amit,prod__.1969,PID0051969,https://www.facebook.com/vukkarvibes,1397040301790228,Average experience.,Negative,-0.674,3
cous__.1970,Amit,prod__.1970,PID0051970,https://www.facebook.com/vukkarvibes,1397040301790229,Highly recommended!,Positive,0.885,4
cous__.1971,Raju,prod__.1971,PID0051971,https://www.facebook.com/vukkarvibes,1397040301790230,Fresh and tasty.,Neutral,0.0,5
cous__.1972,Swati,prod__.1972,PID0051972,https://www.facebook.com/vukkarvibes,1397040301790231,Fresh and tasty.,Negative,-0.674,5
cous__.1973,Mira,prod__.1973,PID0051973,https://www.facebook.com/vukkarvibes,1397040301790232,Loved the taste!,Neutral,0.0,4
cous__.1974,Kunal,prod__.1974,PID0051974,https://www.facebook.com/vukkarvibes,1397040301790233,Average experience.,Neutral,0.0,4
cous__.1975,Suman,prod__.1975,PID0051975,https://www.facebook.com/vukkarvibes,1397040301790234,Bad packaging.,Negative,-0.674,3
cous__.1976,Rahul,prod__.1976,PID0051976,https://www.facebook.com/vukkarvibes,1397040301790235,Loved the taste!,Negative,-0.674,2
cous__.1977,Sita,prod__.1977,PID0051977,https://www.facebook.com/vukkarvibes,1397040301790236,"Not good, expected better.",Positive,0.885,3
cous__.1978,Kiran,prod__.1978,PID0051978,https://www.facebook.com/vukkarvibes,1397040301790237,Bad packaging.,Positive,0.885,1
cous__.1979,Divya,prod__.1979,PID0051979,https://www.facebook.com/vukkarvibes,1397040301790238,"Not good, expected better.",Negative,-0.674,2
cous__.1980,Sita,prod__.1980,PID0051980,https://www.facebook.com/vukkarvibes,1397040301790239,"Not good, expected better.",Neutral,0.0,1
cous__.1981,Arjun,prod__.1981,PID0051981,https://www.facebook.com/vukkarvibes,1397040301790240,Bad packaging.,Negative,-0.674,1
cous__.1982,Kunal,prod__.1982,PID0051982,https://www.facebook.com/vukkarvibes,1397040301790241,Not satisfied.,Neutral,0.0,1
cous__.1983,Priya,prod__.1983,PID0051983,https://www.facebook.com/vukkarvibes,1397040301790242,Fresh and tasty.,Positive,0.885,3
cous__.1984,Varun,prod__.1984,PID0051984,https://www.facebook.com/vukkarvibes,1397040301790243,"Too spicy, not for me.",Neutral,0.0,2
cous__.1985,Kunal,prod__.1985,PID0051985,https://www.facebook.com/vukkarvibes,1397040301790244,"Too spicy, not for me.",Positive,0.885,3
cous__.1986,Aditya,prod__.1986,PID0051986,https://www.facebook.com/vukkarvibes,1397040301790245,"Not good, expected better.",Negative,-0.674,2
cous__.1987,Aditya,prod__.1987,PID0051987,https://www.facebook.com/vukkarvibes,1397040301790246,Bad packaging.,Negative,-0.674,3
cous__.1988,Sneha,prod__.1988,PID0051988,https://www.facebook.com/vukkarvibes,1397040301790247,Fresh and tasty.,Neutral,0.0,5
cous__.1989,Suman,prod__.1989,PID0051989,https://www.facebook.com/vukkarvibes,1397040301790248,Fresh and tasty.,Negative,-0.674,3
cous__.1990,Rohan,prod__.1990,PID0051990,https://www.facebook.com/vukkarvibes,1397040301790249,"Not good, expected better.",Neutral,0.0,3
cous__.1991,Varun,prod__.1991,PID0051991,https://www.facebook.com/vukkarvibes,1397040301790250,Not satisfied.,Positive,0.885,3
cous__.1992,Raju,prod__.1992,PID0051992,https://www.facebook.com/vukkarvibes,1397040301790251,Loved the taste!,Negative,-0.674,5
cous__.1993,Priya,prod__.1993,PID0051993,https://www.facebook.com/vukkarvibes,1397040301790252,Fresh and tasty.,Neutral,0.0,1
cous__.1994,Amit,prod__.1994,PID0051994,https://www.facebook.com/vukkarvibes,1397040301790253,Fresh and tasty.,Positive,0.885,3
cous__.1995,Arjun,prod__.1995,PID0051995,https://www.facebook.com/vukkarvibes,1397040301790254,Fresh and tasty.,Positive,0.885,4
cous__.1996,Swati,prod__.1996,PID0051996,https://www.facebook.com/vukkarvibes,1397040301790255,Very delicious!,Negative,-0.674,2
cous__.1997,Divya,prod__.1997,PID0051997,https://www.facebook.com/vukkarvibes,1397040301790256,Worth the price.,Negative,-0.674,5
cous__.1998,Arjun,prod__.1998,PID0051998,https://www.facebook.com/vukkarvibes,1397040301790257,Very delicious!,Negative,-0.674,1
cous__.1999,Varun,prod__.1999,PID0051999,https://www.facebook.com/vukkarvibes,1397040301790258,"Too spicy, not for me.",Positive,0.885,5
cous__.2000,Priya,prod__.2000,PID0052000,https://www.facebook.com/vukkarvibes,1397040301790259,Fresh and tasty.,Neutral,0.0,4
